﻿<?xml version="1.0" encoding="utf-8" standalone="yes"?>
<!--Erzeugt mit KIT (www.kit.edu) UmlToXmlTransformation-Software, Erstellungsdatum: 29.11.2012 08:15:35-->
<Dictionary xmlns="http://www.opengis.net/gml/3.1.1" xmlns:gml="http://www.opengis.net/gml/3.1.1" gml:id="xplan_XP_ExterneReferenzArt">
  <description>Typisierung von referierten Dokumenten.
</description>
  <identifier codeSpace="urn:citgml">urn:citgml:def:codelist:xplan:XP_ExterneReferenzArt</identifier>
  <name>xplan:XP_ExterneReferenzArt</name>
  <dictionaryEntry>
    <Definition gml:id="S_Dokument">
      <description>Dokument</description>
      <identifier codeSpace="urn:citgml">urn:citgml:def:codelist:xplan:XP_ExterneReferenzArt:Dokument</identifier>
      <name>Dokument</name>
    </Definition>
  </dictionaryEntry>
  <dictionaryEntry>
    <Definition gml:id="S_PlanMitGeoreferenz">
      <description>PlanMitGeoreferenz</description>
      <identifier codeSpace="urn:citgml">urn:citgml:def:codelist:xplan:XP_ExterneReferenzArt:PlanMitGeoreferenz</identifier>
      <name>PlanMitGeoreferenz</name>
    </Definition>
  </dictionaryEntry>
</Dictionary>