﻿<!--Erzeugt mit KIT (www.kit.edu) UmlToXmlTransformation-Software, Erstellungsdatum: 09.09.2013 11:09:17-->
<TypeDefinition xmlns="http://www.interactive-instruments.de/ShapeChange/Definitions/0.5" xmlns:def="http://www.interactive-instruments.de/ShapeChange/Definitions/0.5" xmlns:gml="http://www.opengis.net/gml/3.2" xmlns:xlink="http://www.w3.org/1999/xlink" xmlns:xsi="http://www.w3.org/2001/XMLSchema-instance" xsi:schemaLocation="http://www.interactive-instruments.de/ShapeChange/Definitions/0.5 ../xsd/ShapeChangeDefinitions.xsd" gml:id="xplan_SO_SonstigesRecht">
  <gml:description>Sonstige Festlegung.
</gml:description>
  <gml:identifier codeSpace="urn:citgml">urn:xplan:element:xplan:SO_SonstigesRecht</gml:identifier>
  <gml:name>xplan:SO_SonstigesRecht</gml:name>
  <gml:dictionaryEntry>
    <def:PropertyDefinition gml:id="xplan_SO_SonstigesRecht_nummer">
      <gml:description>Amtliche Bezeichnung / Kennziffer der Festlegung</gml:description>
      <gml:identifier codeSpace="urn:citgml">urn:xplan:element:xplan:SO_SonstigesRecht:attribute:nummer</gml:identifier>
      <gml:name>xplan:nummer</gml:name>
      <def:cardinality>0..1</def:cardinality>
      <def:valueTypeRef xlink:href="urn:xplan:element::CharacterString" />
      <def:type>attribute</def:type>
    </def:PropertyDefinition>
  </gml:dictionaryEntry>
  <gml:dictionaryEntry>
    <def:PropertyDefinition gml:id="xplan_SO_SonstigesRecht_artDerFestlegung">
      <gml:description>Grundlegende rechtliche Klassifizierung der Festlegung</gml:description>
      <gml:identifier codeSpace="urn:citgml">urn:xplan:element:xplan:SO_SonstigesRecht:attribute:artDerFestlegung</gml:identifier>
      <gml:name>xplan:artDerFestlegung</gml:name>
      <gml:dictionaryEntry>
        <ListedValueDefinition gml:id="xplan_SO_SonstigesRecht_artDerFestlegung_SO_KlassifizNachSonstigemRecht_1000">
          <gml:description>Bauschutzbereich nach anderen Rechtsverordnungen als dem LuftVG
</gml:description>
          <gml:identifier codeSpace="urn:citgml">urn:xplan:enum:xplan:SO_SonstigesRecht:artDerFestlegung:SO_KlassifizNachSonstigemRecht:1000</gml:identifier>
          <gml:name>Bauschutzbereich</gml:name>
        </ListedValueDefinition>
      </gml:dictionaryEntry>
      <gml:dictionaryEntry>
        <ListedValueDefinition gml:id="xplan_SO_SonstigesRecht_artDerFestlegung_SO_KlassifizNachSonstigemRecht_1100">
          <gml:description>Beschränkung nach Berggesetz</gml:description>
          <gml:identifier codeSpace="urn:citgml">urn:xplan:enum:xplan:SO_SonstigesRecht:artDerFestlegung:SO_KlassifizNachSonstigemRecht:1100</gml:identifier>
          <gml:name>Berggesetz</gml:name>
        </ListedValueDefinition>
      </gml:dictionaryEntry>
      <gml:dictionaryEntry>
        <ListedValueDefinition gml:id="xplan_SO_SonstigesRecht_artDerFestlegung_SO_KlassifizNachSonstigemRecht_1200">
          <gml:description>Baubeschränkungen durch Richtfunkverbindungen</gml:description>
          <gml:identifier codeSpace="urn:citgml">urn:xplan:enum:xplan:SO_SonstigesRecht:artDerFestlegung:SO_KlassifizNachSonstigemRecht:1200</gml:identifier>
          <gml:name>Richtfunkverbindung</gml:name>
        </ListedValueDefinition>
      </gml:dictionaryEntry>
      <gml:dictionaryEntry>
        <ListedValueDefinition gml:id="xplan_SO_SonstigesRecht_artDerFestlegung_SO_KlassifizNachSonstigemRecht_1300">
          <gml:identifier codeSpace="urn:citgml">urn:xplan:enum:xplan:SO_SonstigesRecht:artDerFestlegung:SO_KlassifizNachSonstigemRecht:1300</gml:identifier>
          <gml:name>Truppenuebungsplatz</gml:name>
        </ListedValueDefinition>
      </gml:dictionaryEntry>
      <gml:dictionaryEntry>
        <ListedValueDefinition gml:id="xplan_SO_SonstigesRecht_artDerFestlegung_SO_KlassifizNachSonstigemRecht_1400">
          <gml:description>Beschränkungen nach Vermessungs- und Katasterrecht</gml:description>
          <gml:identifier codeSpace="urn:citgml">urn:xplan:enum:xplan:SO_SonstigesRecht:artDerFestlegung:SO_KlassifizNachSonstigemRecht:1400</gml:identifier>
          <gml:name>VermessungsKatasterrecht</gml:name>
        </ListedValueDefinition>
      </gml:dictionaryEntry>
      <gml:dictionaryEntry>
        <ListedValueDefinition gml:id="xplan_SO_SonstigesRecht_artDerFestlegung_SO_KlassifizNachSonstigemRecht_9999">
          <gml:identifier codeSpace="urn:citgml">urn:xplan:enum:xplan:SO_SonstigesRecht:artDerFestlegung:SO_KlassifizNachSonstigemRecht:9999</gml:identifier>
          <gml:name>Sonstiges</gml:name>
        </ListedValueDefinition>
      </gml:dictionaryEntry>
      <def:cardinality>0..1</def:cardinality>
      <def:valueTypeName>SO_KlassifizNachSonstigemRecht</def:valueTypeName>
      <def:type>attribute</def:type>
    </def:PropertyDefinition>
  </gml:dictionaryEntry>
  <gml:dictionaryEntry>
    <def:PropertyDefinition gml:id="xplan_SO_SonstigesRecht_detailArtDerFestlegung">
      <gml:description>Detaillierte rechtliche Klassifizierung der Festlegung</gml:description>
      <gml:identifier codeSpace="urn:citgml">urn:xplan:element:xplan:SO_SonstigesRecht:attribute:detailArtDerFestlegung</gml:identifier>
      <gml:name>xplan:detailArtDerFestlegung</gml:name>
      <def:cardinality>0..1</def:cardinality>
      <def:valueTypeName>SO_DetailKlassifizNachSonstigemRecht</def:valueTypeName>
      <def:type>attribute</def:type>
    </def:PropertyDefinition>
  </gml:dictionaryEntry>
  <gml:dictionaryEntry>
    <def:PropertyDefinition gml:id="xplan_SO_SonstigesRecht_name">
      <gml:description>Informelle Bezeichnung der Festlegung</gml:description>
      <gml:identifier codeSpace="urn:citgml">urn:xplan:element:xplan:SO_SonstigesRecht:attribute:name</gml:identifier>
      <gml:name>xplan:name</gml:name>
      <def:cardinality>0..1</def:cardinality>
      <def:valueTypeRef xlink:href="urn:xplan:element::CharacterString" />
      <def:type>attribute</def:type>
    </def:PropertyDefinition>
  </gml:dictionaryEntry>
  <def:classification>featureType</def:classification>
  <def:supertypeRef xlink:href="urn:xplan:element:xplan:SO_Geometrieobjekt" />
</TypeDefinition>