﻿<!--Erzeugt mit KIT (www.kit.edu) UmlToXmlTransformation-Software, Erstellungsdatum: 09.09.2013 11:09:12-->
<TypeDefinition xmlns="http://www.interactive-instruments.de/ShapeChange/Definitions/0.5" xmlns:def="http://www.interactive-instruments.de/ShapeChange/Definitions/0.5" xmlns:gml="http://www.opengis.net/gml/3.2" xmlns:xlink="http://www.w3.org/1999/xlink" xmlns:xsi="http://www.w3.org/2001/XMLSchema-instance" xsi:schemaLocation="http://www.interactive-instruments.de/ShapeChange/Definitions/0.5 ../xsd/ShapeChangeDefinitions.xsd" gml:id="xplan_LP_RasterplanAenderung">
  <gml:description />
  <gml:identifier codeSpace="urn:citgml">urn:xplan:element:xplan:LP_RasterplanAenderung</gml:identifier>
  <gml:name>xplan:LP_RasterplanAenderung</gml:name>
  <gml:dictionaryEntry>
    <def:PropertyDefinition gml:id="xplan_LP_RasterplanAenderung_aufstellungsbeschlussDatum">
      <gml:description>Datum des Aufstellungsbeschlusses</gml:description>
      <gml:identifier codeSpace="urn:citgml">urn:xplan:element:xplan:LP_RasterplanAenderung:attribute:aufstellungsbeschlussDatum</gml:identifier>
      <gml:name>xplan:aufstellungsbeschlussDatum</gml:name>
      <def:cardinality>0..1</def:cardinality>
      <def:valueTypeRef xlink:href="urn:xplan:element::Date" />
      <def:type>attribute</def:type>
    </def:PropertyDefinition>
  </gml:dictionaryEntry>
  <gml:dictionaryEntry>
    <def:PropertyDefinition gml:id="xplan_LP_RasterplanAenderung_auslegungsDatum">
      <gml:description>Datum der öffentlichen Auslegung</gml:description>
      <gml:identifier codeSpace="urn:citgml">urn:xplan:element:xplan:LP_RasterplanAenderung:attribute:auslegungsDatum</gml:identifier>
      <gml:name>xplan:auslegungsDatum</gml:name>
      <def:cardinality>0..1</def:cardinality>
      <def:valueTypeRef xlink:href="urn:xplan:element::Date" />
      <def:type>attribute</def:type>
    </def:PropertyDefinition>
  </gml:dictionaryEntry>
  <gml:dictionaryEntry>
    <def:PropertyDefinition gml:id="xplan_LP_RasterplanAenderung_tOeBbeteiligungsDatum">
      <gml:description>Datum der Beteiligung der Träger öffentlicher Belange</gml:description>
      <gml:identifier codeSpace="urn:citgml">urn:xplan:element:xplan:LP_RasterplanAenderung:attribute:tOeBbeteiligungsDatum</gml:identifier>
      <gml:name>xplan:tOeBbeteiligungsDatum</gml:name>
      <def:cardinality>0..1</def:cardinality>
      <def:valueTypeRef xlink:href="urn:xplan:element::Date" />
      <def:type>attribute</def:type>
    </def:PropertyDefinition>
  </gml:dictionaryEntry>
  <gml:dictionaryEntry>
    <def:PropertyDefinition gml:id="xplan_LP_RasterplanAenderung_aenderungenBisDatum">
      <gml:description>Datum bis zu dem Änderungen des Plans berücksichtigt wurden.</gml:description>
      <gml:identifier codeSpace="urn:citgml">urn:xplan:element:xplan:LP_RasterplanAenderung:attribute:aenderungenBisDatum</gml:identifier>
      <gml:name>xplan:aenderungenBisDatum</gml:name>
      <def:cardinality>0..1</def:cardinality>
      <def:valueTypeRef xlink:href="urn:xplan:element::Date" />
      <def:type>attribute</def:type>
    </def:PropertyDefinition>
  </gml:dictionaryEntry>
  <gml:dictionaryEntry>
    <def:PropertyDefinition gml:id="xplan_LP_RasterplanAenderung_entwurfsbeschlussDatum">
      <gml:description>Datum des Entwurfsbeschlusses.</gml:description>
      <gml:identifier codeSpace="urn:citgml">urn:xplan:element:xplan:LP_RasterplanAenderung:attribute:entwurfsbeschlussDatum</gml:identifier>
      <gml:name>xplan:entwurfsbeschlussDatum</gml:name>
      <def:cardinality>0..1</def:cardinality>
      <def:valueTypeRef xlink:href="urn:xplan:element::Date" />
      <def:type>attribute</def:type>
    </def:PropertyDefinition>
  </gml:dictionaryEntry>
  <gml:dictionaryEntry>
    <def:PropertyDefinition gml:id="xplan_LP_RasterplanAenderung_planbeschlussDatum">
      <gml:description>Datum des Planbeschlusses.</gml:description>
      <gml:identifier codeSpace="urn:citgml">urn:xplan:element:xplan:LP_RasterplanAenderung:attribute:planbeschlussDatum</gml:identifier>
      <gml:name>xplan:planbeschlussDatum</gml:name>
      <def:cardinality>0..1</def:cardinality>
      <def:valueTypeRef xlink:href="urn:xplan:element::Date" />
      <def:type>attribute</def:type>
    </def:PropertyDefinition>
  </gml:dictionaryEntry>
  <gml:dictionaryEntry>
    <def:PropertyDefinition gml:id="xplan_LP_RasterplanAenderung_inkrafttretenDatum">
      <gml:description>Datum des Inkrafttretens des Plans..</gml:description>
      <gml:identifier codeSpace="urn:citgml">urn:xplan:element:xplan:LP_RasterplanAenderung:attribute:inkrafttretenDatum</gml:identifier>
      <gml:name>xplan:inkrafttretenDatum</gml:name>
      <def:cardinality>0..1</def:cardinality>
      <def:valueTypeRef xlink:href="urn:xplan:element::Date" />
      <def:type>attribute</def:type>
    </def:PropertyDefinition>
  </gml:dictionaryEntry>
  <gml:dictionaryEntry>
    <def:PropertyDefinition gml:id="xplan_LP_RasterplanAenderung_sonstVerfahrensDatum">
      <gml:description>Sonstiges Verfahrensdatum</gml:description>
      <gml:identifier codeSpace="urn:citgml">urn:xplan:element:xplan:LP_RasterplanAenderung:attribute:sonstVerfahrensDatum</gml:identifier>
      <gml:name>xplan:sonstVerfahrensDatum</gml:name>
      <def:cardinality>0..1</def:cardinality>
      <def:valueTypeRef xlink:href="urn:xplan:element::Date" />
      <def:type>attribute</def:type>
    </def:PropertyDefinition>
  </gml:dictionaryEntry>
  <def:classification>featureType</def:classification>
  <def:supertypeRef xlink:href="urn:xplan:element:xplan:XP_RasterplanAenderung" />
</TypeDefinition>