﻿<!--Erzeugt mit KIT (www.kit.edu) UmlToXmlTransformation-Software, Erstellungsdatum: 09.09.2013 11:08:57-->
<TypeDefinition xmlns="http://www.interactive-instruments.de/ShapeChange/Definitions/0.5" xmlns:def="http://www.interactive-instruments.de/ShapeChange/Definitions/0.5" xmlns:gml="http://www.opengis.net/gml/3.2" xmlns:xlink="http://www.w3.org/1999/xlink" xmlns:xsi="http://www.w3.org/2001/XMLSchema-instance" xsi:schemaLocation="http://www.interactive-instruments.de/ShapeChange/Definitions/0.5 ../xsd/ShapeChangeDefinitions.xsd" gml:id="xplan_FP_SpielSportanlage">
  <gml:description>Darstellung von Flächen für Spiel- und Sportanlagen nach §5,  Abs. 2, Nr. 2 BauGB.
</gml:description>
  <gml:identifier codeSpace="urn:citgml">urn:xplan:element:xplan:FP_SpielSportanlage</gml:identifier>
  <gml:name>xplan:FP_SpielSportanlage</gml:name>
  <gml:dictionaryEntry>
    <def:PropertyDefinition gml:id="xplan_FP_SpielSportanlage_zweckbestimmung">
      <gml:description>Zweckbestimmungen der Fläche
</gml:description>
      <gml:identifier codeSpace="urn:citgml">urn:xplan:element:xplan:FP_SpielSportanlage:attribute:zweckbestimmung</gml:identifier>
      <gml:name>xplan:zweckbestimmung</gml:name>
      <gml:dictionaryEntry>
        <ListedValueDefinition gml:id="xplan_FP_SpielSportanlage_zweckbestimmung_XP_ZweckbestimmungSpielSportanlage_1000">
          <gml:description>Sportanlage</gml:description>
          <gml:identifier codeSpace="urn:citgml">urn:xplan:enum:xplan:FP_SpielSportanlage:zweckbestimmung:XP_ZweckbestimmungSpielSportanlage:1000</gml:identifier>
          <gml:name>Sportanlage</gml:name>
        </ListedValueDefinition>
      </gml:dictionaryEntry>
      <gml:dictionaryEntry>
        <ListedValueDefinition gml:id="xplan_FP_SpielSportanlage_zweckbestimmung_XP_ZweckbestimmungSpielSportanlage_2000">
          <gml:description>Spielanlage</gml:description>
          <gml:identifier codeSpace="urn:citgml">urn:xplan:enum:xplan:FP_SpielSportanlage:zweckbestimmung:XP_ZweckbestimmungSpielSportanlage:2000</gml:identifier>
          <gml:name>Spielanlage</gml:name>
        </ListedValueDefinition>
      </gml:dictionaryEntry>
      <gml:dictionaryEntry>
        <ListedValueDefinition gml:id="xplan_FP_SpielSportanlage_zweckbestimmung_XP_ZweckbestimmungSpielSportanlage_3000">
          <gml:description>Spiel- und/oder Sportanlage.</gml:description>
          <gml:identifier codeSpace="urn:citgml">urn:xplan:enum:xplan:FP_SpielSportanlage:zweckbestimmung:XP_ZweckbestimmungSpielSportanlage:3000</gml:identifier>
          <gml:name>SpielSportanlage</gml:name>
        </ListedValueDefinition>
      </gml:dictionaryEntry>
      <gml:dictionaryEntry>
        <ListedValueDefinition gml:id="xplan_FP_SpielSportanlage_zweckbestimmung_XP_ZweckbestimmungSpielSportanlage_9999">
          <gml:description>Sonstiges</gml:description>
          <gml:identifier codeSpace="urn:citgml">urn:xplan:enum:xplan:FP_SpielSportanlage:zweckbestimmung:XP_ZweckbestimmungSpielSportanlage:9999</gml:identifier>
          <gml:name>Sonstiges</gml:name>
        </ListedValueDefinition>
      </gml:dictionaryEntry>
      <def:cardinality>0..*</def:cardinality>
      <def:valueTypeName>XP_ZweckbestimmungSpielSportanlage</def:valueTypeName>
      <def:type>attribute</def:type>
    </def:PropertyDefinition>
  </gml:dictionaryEntry>
  <gml:dictionaryEntry>
    <def:PropertyDefinition gml:id="xplan_FP_SpielSportanlage_weitereZweckbestimmung1">
      <gml:description>Weitere Zweckbestimmung der Fläche. &lt;b&gt;Dies Attribut ist ab Version 4.1 als "veraltet" gekennzeichnet, es sollte stattdessen &lt;/b&gt;&lt;b&gt;&lt;i&gt;zweckbestimmung &lt;/i&gt;&lt;/b&gt;&lt;b&gt;mehrfach belegt werden.&lt;/b&gt;
</gml:description>
      <gml:identifier codeSpace="urn:citgml">urn:xplan:element:xplan:FP_SpielSportanlage:attribute:weitereZweckbestimmung1</gml:identifier>
      <gml:name>xplan:weitereZweckbestimmung1</gml:name>
      <gml:dictionaryEntry>
        <ListedValueDefinition gml:id="xplan_FP_SpielSportanlage_weitereZweckbestimmung1_XP_ZweckbestimmungSpielSportanlage_1000">
          <gml:description>Sportanlage</gml:description>
          <gml:identifier codeSpace="urn:citgml">urn:xplan:enum:xplan:FP_SpielSportanlage:weitereZweckbestimmung1:XP_ZweckbestimmungSpielSportanlage:1000</gml:identifier>
          <gml:name>Sportanlage</gml:name>
        </ListedValueDefinition>
      </gml:dictionaryEntry>
      <gml:dictionaryEntry>
        <ListedValueDefinition gml:id="xplan_FP_SpielSportanlage_weitereZweckbestimmung1_XP_ZweckbestimmungSpielSportanlage_2000">
          <gml:description>Spielanlage</gml:description>
          <gml:identifier codeSpace="urn:citgml">urn:xplan:enum:xplan:FP_SpielSportanlage:weitereZweckbestimmung1:XP_ZweckbestimmungSpielSportanlage:2000</gml:identifier>
          <gml:name>Spielanlage</gml:name>
        </ListedValueDefinition>
      </gml:dictionaryEntry>
      <gml:dictionaryEntry>
        <ListedValueDefinition gml:id="xplan_FP_SpielSportanlage_weitereZweckbestimmung1_XP_ZweckbestimmungSpielSportanlage_3000">
          <gml:description>Spiel- und/oder Sportanlage.</gml:description>
          <gml:identifier codeSpace="urn:citgml">urn:xplan:enum:xplan:FP_SpielSportanlage:weitereZweckbestimmung1:XP_ZweckbestimmungSpielSportanlage:3000</gml:identifier>
          <gml:name>SpielSportanlage</gml:name>
        </ListedValueDefinition>
      </gml:dictionaryEntry>
      <gml:dictionaryEntry>
        <ListedValueDefinition gml:id="xplan_FP_SpielSportanlage_weitereZweckbestimmung1_XP_ZweckbestimmungSpielSportanlage_9999">
          <gml:description>Sonstiges</gml:description>
          <gml:identifier codeSpace="urn:citgml">urn:xplan:enum:xplan:FP_SpielSportanlage:weitereZweckbestimmung1:XP_ZweckbestimmungSpielSportanlage:9999</gml:identifier>
          <gml:name>Sonstiges</gml:name>
        </ListedValueDefinition>
      </gml:dictionaryEntry>
      <def:cardinality>0..1</def:cardinality>
      <def:valueTypeName>XP_ZweckbestimmungSpielSportanlage</def:valueTypeName>
      <def:type>attribute</def:type>
    </def:PropertyDefinition>
  </gml:dictionaryEntry>
  <gml:dictionaryEntry>
    <def:PropertyDefinition gml:id="xplan_FP_SpielSportanlage_detaillierteZweckbestimmung">
      <gml:description>Über eine CodeList definierte zusätzliche Zweckbestimmungen.
</gml:description>
      <gml:identifier codeSpace="urn:citgml">urn:xplan:element:xplan:FP_SpielSportanlage:attribute:detaillierteZweckbestimmung</gml:identifier>
      <gml:name>xplan:detaillierteZweckbestimmung</gml:name>
      <def:cardinality>0..*</def:cardinality>
      <def:valueTypeName>FP_DetailZweckbestSpielSportanlage</def:valueTypeName>
      <def:type>attribute</def:type>
    </def:PropertyDefinition>
  </gml:dictionaryEntry>
  <gml:dictionaryEntry>
    <def:PropertyDefinition gml:id="xplan_FP_SpielSportanlage_weitereDetailZweckbestimmung1">
      <gml:description>Über eine CodeList definierte zusätzliche Zweckbestimmung. &lt;b&gt;Dies Attribut ist ab Version 4.1 als "veraltet" gekennzeichnet, es sollte stattdessen &lt;/b&gt;&lt;b&gt;&lt;i&gt;detaillierteZweckbestimmung &lt;/i&gt;&lt;/b&gt;&lt;b&gt;mehrfach belegt werden.&lt;/b&gt;
</gml:description>
      <gml:identifier codeSpace="urn:citgml">urn:xplan:element:xplan:FP_SpielSportanlage:attribute:weitereDetailZweckbestimmung1</gml:identifier>
      <gml:name>xplan:weitereDetailZweckbestimmung1</gml:name>
      <def:cardinality>0..1</def:cardinality>
      <def:valueTypeName>FP_DetailZweckbestSpielSportanlage</def:valueTypeName>
      <def:type>attribute</def:type>
    </def:PropertyDefinition>
  </gml:dictionaryEntry>
  <def:classification>featureType</def:classification>
  <def:supertypeRef xlink:href="urn:xplan:element:xplan:FP_Geometrieobjekt" />
</TypeDefinition>