﻿<!--Erzeugt mit KIT (www.kit.edu) UmlToXmlTransformation-Software, Erstellungsdatum: 24.08.2012 09:29:26-->
<TypeDefinition xmlns="http://www.interactive-instruments.de/ShapeChange/Definitions/0.5" xmlns:def="http://www.interactive-instruments.de/ShapeChange/Definitions/0.5" xmlns:gml="http://www.opengis.net/gml/3.2" xmlns:xlink="http://www.w3.org/1999/xlink" xmlns:xsi="http://www.w3.org/2001/XMLSchema-instance" xsi:schemaLocation="http://www.interactive-instruments.de/ShapeChange/Definitions/0.5 ../xsd/ShapeChangeDefinitions.xsd" gml:id="xplanNSM_RP_NSM_Wasserverkehr">
  <gml:description />
  <gml:identifier codeSpace="urn:citgml">urn:xplan:element:xplanNSM:RP_NSM_Wasserverkehr</gml:identifier>
  <gml:name>xplanNSM:RP_NSM_Wasserverkehr</gml:name>
  <gml:dictionaryEntry>
    <def:PropertyDefinition gml:id="xplanNSM_RP_NSM_Wasserverkehr_wasserverkehrTyp">
      <gml:description />
      <gml:identifier codeSpace="urn:citgml">urn:xplan:element:xplanNSM:RP_NSM_Wasserverkehr:attribute:wasserverkehrTyp</gml:identifier>
      <gml:name>xplanNSM:wasserverkehrTyp</gml:name>
      <gml:dictionaryEntry>
        <ListedValueDefinition gml:id="xplanNSM_RP_NSM_Wasserverkehr_wasserverkehrTyp_RP_NSM_WasserverkehrTypen_1000">
          <gml:identifier codeSpace="urn:citgml">urn:xplan:enum:xplanNSM:RP_NSM_Wasserverkehr:wasserverkehrTyp:RP_NSM_WasserverkehrTypen:1000</gml:identifier>
          <gml:name>Seehafen_Binnenhafen</gml:name>
        </ListedValueDefinition>
      </gml:dictionaryEntry>
      <gml:dictionaryEntry>
        <ListedValueDefinition gml:id="xplanNSM_RP_NSM_Wasserverkehr_wasserverkehrTyp_RP_NSM_WasserverkehrTypen_1001">
          <gml:identifier codeSpace="urn:citgml">urn:xplan:enum:xplanNSM:RP_NSM_Wasserverkehr:wasserverkehrTyp:RP_NSM_WasserverkehrTypen:1001</gml:identifier>
          <gml:name>HafenVonUeberregionalerBedeutung</gml:name>
        </ListedValueDefinition>
      </gml:dictionaryEntry>
      <gml:dictionaryEntry>
        <ListedValueDefinition gml:id="xplanNSM_RP_NSM_Wasserverkehr_wasserverkehrTyp_RP_NSM_WasserverkehrTypen_2000">
          <gml:identifier codeSpace="urn:citgml">urn:xplan:enum:xplanNSM:RP_NSM_Wasserverkehr:wasserverkehrTyp:RP_NSM_WasserverkehrTypen:2000</gml:identifier>
          <gml:name>HafenVonRegionalerBedeutung</gml:name>
        </ListedValueDefinition>
      </gml:dictionaryEntry>
      <gml:dictionaryEntry>
        <ListedValueDefinition gml:id="xplanNSM_RP_NSM_Wasserverkehr_wasserverkehrTyp_RP_NSM_WasserverkehrTypen_3000">
          <gml:identifier codeSpace="urn:citgml">urn:xplan:enum:xplanNSM:RP_NSM_Wasserverkehr:wasserverkehrTyp:RP_NSM_WasserverkehrTypen:3000</gml:identifier>
          <gml:name>Hafen</gml:name>
        </ListedValueDefinition>
      </gml:dictionaryEntry>
      <gml:dictionaryEntry>
        <ListedValueDefinition gml:id="xplanNSM_RP_NSM_Wasserverkehr_wasserverkehrTyp_RP_NSM_WasserverkehrTypen_4000">
          <gml:identifier codeSpace="urn:citgml">urn:xplan:enum:xplanNSM:RP_NSM_Wasserverkehr:wasserverkehrTyp:RP_NSM_WasserverkehrTypen:4000</gml:identifier>
          <gml:name>Sportboothafen</gml:name>
        </ListedValueDefinition>
      </gml:dictionaryEntry>
      <gml:dictionaryEntry>
        <ListedValueDefinition gml:id="xplanNSM_RP_NSM_Wasserverkehr_wasserverkehrTyp_RP_NSM_WasserverkehrTypen_5000">
          <gml:identifier codeSpace="urn:citgml">urn:xplan:enum:xplanNSM:RP_NSM_Wasserverkehr:wasserverkehrTyp:RP_NSM_WasserverkehrTypen:5000</gml:identifier>
          <gml:name>Umschlagplatz</gml:name>
        </ListedValueDefinition>
      </gml:dictionaryEntry>
      <gml:dictionaryEntry>
        <ListedValueDefinition gml:id="xplanNSM_RP_NSM_Wasserverkehr_wasserverkehrTyp_RP_NSM_WasserverkehrTypen_6000">
          <gml:identifier codeSpace="urn:citgml">urn:xplan:enum:xplanNSM:RP_NSM_Wasserverkehr:wasserverkehrTyp:RP_NSM_WasserverkehrTypen:6000</gml:identifier>
          <gml:name>Schleuse_Hebewerk</gml:name>
        </ListedValueDefinition>
      </gml:dictionaryEntry>
      <gml:dictionaryEntry>
        <ListedValueDefinition gml:id="xplanNSM_RP_NSM_Wasserverkehr_wasserverkehrTyp_RP_NSM_WasserverkehrTypen_7000">
          <gml:identifier codeSpace="urn:citgml">urn:xplan:enum:xplanNSM:RP_NSM_Wasserverkehr:wasserverkehrTyp:RP_NSM_WasserverkehrTypen:7000</gml:identifier>
          <gml:name>Schifffahrt</gml:name>
        </ListedValueDefinition>
      </gml:dictionaryEntry>
      <gml:dictionaryEntry>
        <ListedValueDefinition gml:id="xplanNSM_RP_NSM_Wasserverkehr_wasserverkehrTyp_RP_NSM_WasserverkehrTypen_7001">
          <gml:identifier codeSpace="urn:citgml">urn:xplan:enum:xplanNSM:RP_NSM_Wasserverkehr:wasserverkehrTyp:RP_NSM_WasserverkehrTypen:7001</gml:identifier>
          <gml:name>WichtigerSchifffahrtsweg</gml:name>
        </ListedValueDefinition>
      </gml:dictionaryEntry>
      <gml:dictionaryEntry>
        <ListedValueDefinition gml:id="xplanNSM_RP_NSM_Wasserverkehr_wasserverkehrTyp_RP_NSM_WasserverkehrTypen_7002">
          <gml:identifier codeSpace="urn:citgml">urn:xplan:enum:xplanNSM:RP_NSM_Wasserverkehr:wasserverkehrTyp:RP_NSM_WasserverkehrTypen:7002</gml:identifier>
          <gml:name>SonstigerSchifffahrtsweg</gml:name>
        </ListedValueDefinition>
      </gml:dictionaryEntry>
      <gml:dictionaryEntry>
        <ListedValueDefinition gml:id="xplanNSM_RP_NSM_Wasserverkehr_wasserverkehrTyp_RP_NSM_WasserverkehrTypen_8000">
          <gml:identifier codeSpace="urn:citgml">urn:xplan:enum:xplanNSM:RP_NSM_Wasserverkehr:wasserverkehrTyp:RP_NSM_WasserverkehrTypen:8000</gml:identifier>
          <gml:name>UeberregionaleFaehrverbindung</gml:name>
        </ListedValueDefinition>
      </gml:dictionaryEntry>
      <gml:dictionaryEntry>
        <ListedValueDefinition gml:id="xplanNSM_RP_NSM_Wasserverkehr_wasserverkehrTyp_RP_NSM_WasserverkehrTypen_9000">
          <gml:identifier codeSpace="urn:citgml">urn:xplan:enum:xplanNSM:RP_NSM_Wasserverkehr:wasserverkehrTyp:RP_NSM_WasserverkehrTypen:9000</gml:identifier>
          <gml:name>Reede</gml:name>
        </ListedValueDefinition>
      </gml:dictionaryEntry>
      <def:cardinality>0..1</def:cardinality>
      <def:valueTypeName>RP_NSM_WasserverkehrTypen</def:valueTypeName>
      <def:type>attribute</def:type>
    </def:PropertyDefinition>
  </gml:dictionaryEntry>
  <gml:dictionaryEntry>
    <def:PropertyDefinition gml:id="xplanNSM_RP_NSM_Wasserverkehr_sonstTyp">
      <gml:description />
      <gml:identifier codeSpace="urn:citgml">urn:xplan:element:xplanNSM:RP_NSM_Wasserverkehr:attribute:sonstTyp</gml:identifier>
      <gml:name>xplanNSM:sonstTyp</gml:name>
      <def:cardinality>0..1</def:cardinality>
      <def:valueTypeName>RP_NSM_SonstWasserverkehrTypen</def:valueTypeName>
      <def:type>attribute</def:type>
    </def:PropertyDefinition>
  </gml:dictionaryEntry>
  <gml:dictionaryEntry>
    <def:PropertyDefinition gml:id="xplanNSM_RP_NSM_Wasserverkehr_status">
      <gml:description />
      <gml:identifier codeSpace="urn:citgml">urn:xplan:element:xplanNSM:RP_NSM_Wasserverkehr:attribute:status</gml:identifier>
      <gml:name>xplanNSM:status</gml:name>
      <gml:dictionaryEntry>
        <ListedValueDefinition gml:id="xplanNSM_RP_NSM_Wasserverkehr_status_RP_NSM_WasserverkehrStatus_1000">
          <gml:identifier codeSpace="urn:citgml">urn:xplan:enum:xplanNSM:RP_NSM_Wasserverkehr:status:RP_NSM_WasserverkehrStatus:1000</gml:identifier>
          <gml:name>Bestand</gml:name>
        </ListedValueDefinition>
      </gml:dictionaryEntry>
      <gml:dictionaryEntry>
        <ListedValueDefinition gml:id="xplanNSM_RP_NSM_Wasserverkehr_status_RP_NSM_WasserverkehrStatus_2000">
          <gml:identifier codeSpace="urn:citgml">urn:xplan:enum:xplanNSM:RP_NSM_Wasserverkehr:status:RP_NSM_WasserverkehrStatus:2000</gml:identifier>
          <gml:name>Geplant</gml:name>
        </ListedValueDefinition>
      </gml:dictionaryEntry>
      <def:cardinality>0..1</def:cardinality>
      <def:valueTypeName>RP_NSM_WasserverkehrStatus</def:valueTypeName>
      <def:type>attribute</def:type>
    </def:PropertyDefinition>
  </gml:dictionaryEntry>
  <gml:dictionaryEntry>
    <def:PropertyDefinition gml:id="xplanNSM_RP_NSM_Wasserverkehr_bezeichnung">
      <gml:description />
      <gml:identifier codeSpace="urn:citgml">urn:xplan:element:xplanNSM:RP_NSM_Wasserverkehr:attribute:bezeichnung</gml:identifier>
      <gml:name>xplanNSM:bezeichnung</gml:name>
      <def:cardinality>0..1</def:cardinality>
      <def:valueTypeName>CharacterString</def:valueTypeName>
      <def:type>attribute</def:type>
    </def:PropertyDefinition>
  </gml:dictionaryEntry>
  <def:classification>featureType</def:classification>
  <def:supertypeRef xlink:href="urn:xplan:element:xplan:RP_Verkehr" />
</TypeDefinition>