﻿<!--Erzeugt mit KIT (www.kit.edu) UmlToXmlTransformation-Software, Erstellungsdatum: 24.08.2012 09:29:19-->
<TypeDefinition xmlns="http://www.interactive-instruments.de/ShapeChange/Definitions/0.5" xmlns:def="http://www.interactive-instruments.de/ShapeChange/Definitions/0.5" xmlns:gml="http://www.opengis.net/gml/3.2" xmlns:xlink="http://www.w3.org/1999/xlink" xmlns:xsi="http://www.w3.org/2001/XMLSchema-instance" xsi:schemaLocation="http://www.interactive-instruments.de/ShapeChange/Definitions/0.5 ../xsd/ShapeChangeDefinitions.xsd" gml:id="xplan_RP_NRW_OberflaechennaheBodenschaetze">
  <gml:description>oberflächennahe Bodenschätze (2eb)
</gml:description>
  <gml:identifier codeSpace="urn:citgml">urn:xplan:element:xplan:RP_NRW_OberflaechennaheBodenschaetze</gml:identifier>
  <gml:name>xplan:RP_NRW_OberflaechennaheBodenschaetze</gml:name>
  <gml:dictionaryEntry>
    <def:PropertyDefinition gml:id="xplan_RP_NRW_OberflaechennaheBodenschaetze_folgenutzung">
      <gml:description />
      <gml:identifier codeSpace="urn:citgml">urn:xplan:element:xplan:RP_NRW_OberflaechennaheBodenschaetze:attribute:folgenutzung</gml:identifier>
      <gml:name>xplan:folgenutzung</gml:name>
      <gml:dictionaryEntry>
        <ListedValueDefinition gml:id="xplan_RP_NRW_OberflaechennaheBodenschaetze_folgenutzung_RP_NRW_TagebauFolgenutzung_1000">
          <gml:identifier codeSpace="urn:citgml">urn:xplan:enum:xplan:RP_NRW_OberflaechennaheBodenschaetze:folgenutzung:RP_NRW_TagebauFolgenutzung:1000</gml:identifier>
          <gml:name>Wasser</gml:name>
        </ListedValueDefinition>
      </gml:dictionaryEntry>
      <gml:dictionaryEntry>
        <ListedValueDefinition gml:id="xplan_RP_NRW_OberflaechennaheBodenschaetze_folgenutzung_RP_NRW_TagebauFolgenutzung_2000">
          <gml:identifier codeSpace="urn:citgml">urn:xplan:enum:xplan:RP_NRW_OberflaechennaheBodenschaetze:folgenutzung:RP_NRW_TagebauFolgenutzung:2000</gml:identifier>
          <gml:name>Wald</gml:name>
        </ListedValueDefinition>
      </gml:dictionaryEntry>
      <gml:dictionaryEntry>
        <ListedValueDefinition gml:id="xplan_RP_NRW_OberflaechennaheBodenschaetze_folgenutzung_RP_NRW_TagebauFolgenutzung_3000">
          <gml:identifier codeSpace="urn:citgml">urn:xplan:enum:xplan:RP_NRW_OberflaechennaheBodenschaetze:folgenutzung:RP_NRW_TagebauFolgenutzung:3000</gml:identifier>
          <gml:name>FreiraumAgrarbereich</gml:name>
        </ListedValueDefinition>
      </gml:dictionaryEntry>
      <gml:dictionaryEntry>
        <ListedValueDefinition gml:id="xplan_RP_NRW_OberflaechennaheBodenschaetze_folgenutzung_RP_NRW_TagebauFolgenutzung_9999">
          <gml:identifier codeSpace="urn:citgml">urn:xplan:enum:xplan:RP_NRW_OberflaechennaheBodenschaetze:folgenutzung:RP_NRW_TagebauFolgenutzung:9999</gml:identifier>
          <gml:name>Sonstiges</gml:name>
        </ListedValueDefinition>
      </gml:dictionaryEntry>
      <def:cardinality>0..1</def:cardinality>
      <def:valueTypeName>RP_NRW_TagebauFolgenutzung</def:valueTypeName>
      <def:type>attribute</def:type>
    </def:PropertyDefinition>
  </gml:dictionaryEntry>
  <gml:dictionaryEntry>
    <def:PropertyDefinition gml:id="xplan_RP_NRW_OberflaechennaheBodenschaetze_folgenutzungText">
      <gml:description />
      <gml:identifier codeSpace="urn:citgml">urn:xplan:element:xplan:RP_NRW_OberflaechennaheBodenschaetze:attribute:folgenutzungText</gml:identifier>
      <gml:name>xplan:folgenutzungText</gml:name>
      <def:cardinality>0..1</def:cardinality>
      <def:valueTypeName>CharacterString</def:valueTypeName>
      <def:type>attribute</def:type>
    </def:PropertyDefinition>
  </gml:dictionaryEntry>
  <def:classification>featureType</def:classification>
  <def:supertypeRef xlink:href="urn:xplan:element:xplan:RP_Rohstoffsicherung" />
</TypeDefinition>