﻿<!--Erzeugt mit KIT (www.kit.edu) UmlToXmlTransformation-Software, Erstellungsdatum: 09.09.2013 11:09:14-->
<TypeDefinition xmlns="http://www.interactive-instruments.de/ShapeChange/Definitions/0.5" xmlns:def="http://www.interactive-instruments.de/ShapeChange/Definitions/0.5" xmlns:gml="http://www.opengis.net/gml/3.2" xmlns:xlink="http://www.w3.org/1999/xlink" xmlns:xsi="http://www.w3.org/2001/XMLSchema-instance" xsi:schemaLocation="http://www.interactive-instruments.de/ShapeChange/Definitions/0.5 ../xsd/ShapeChangeDefinitions.xsd" gml:id="xplan_LP_NutzungsAusschluss">
  <gml:description>Flächen und Objekte die bestimmte geplante oder absehbare Nutzungsänderungen nicht erfahren sollen.
</gml:description>
  <gml:identifier codeSpace="urn:citgml">urn:xplan:element:xplan:LP_NutzungsAusschluss</gml:identifier>
  <gml:name>xplan:LP_NutzungsAusschluss</gml:name>
  <gml:dictionaryEntry>
    <def:PropertyDefinition gml:id="xplan_LP_NutzungsAusschluss_auszuschliessendeNutzungen">
      <gml:description>Auszuschließende Nutzungen (Textform).</gml:description>
      <gml:identifier codeSpace="urn:citgml">urn:xplan:element:xplan:LP_NutzungsAusschluss:attribute:auszuschliessendeNutzungen</gml:identifier>
      <gml:name>xplan:auszuschliessendeNutzungen</gml:name>
      <def:cardinality>0..1</def:cardinality>
      <def:valueTypeRef xlink:href="urn:xplan:element::CharacterString" />
      <def:type>attribute</def:type>
    </def:PropertyDefinition>
  </gml:dictionaryEntry>
  <gml:dictionaryEntry>
    <def:PropertyDefinition gml:id="xplan_LP_NutzungsAusschluss_auszuschliessendeNutzungenKuerzel">
      <gml:description>Auszuschließende Nutzungen (Kürzel).</gml:description>
      <gml:identifier codeSpace="urn:citgml">urn:xplan:element:xplan:LP_NutzungsAusschluss:attribute:auszuschliessendeNutzungenKuerzel</gml:identifier>
      <gml:name>xplan:auszuschliessendeNutzungenKuerzel</gml:name>
      <def:cardinality>0..1</def:cardinality>
      <def:valueTypeRef xlink:href="urn:xplan:element::CharacterString" />
      <def:type>attribute</def:type>
    </def:PropertyDefinition>
  </gml:dictionaryEntry>
  <gml:dictionaryEntry>
    <def:PropertyDefinition gml:id="xplan_LP_NutzungsAusschluss_begruendung">
      <gml:description>Begründung des Ausschlusses (Textform).</gml:description>
      <gml:identifier codeSpace="urn:citgml">urn:xplan:element:xplan:LP_NutzungsAusschluss:attribute:begruendung</gml:identifier>
      <gml:name>xplan:begruendung</gml:name>
      <def:cardinality>0..1</def:cardinality>
      <def:valueTypeRef xlink:href="urn:xplan:element::CharacterString" />
      <def:type>attribute</def:type>
    </def:PropertyDefinition>
  </gml:dictionaryEntry>
  <gml:dictionaryEntry>
    <def:PropertyDefinition gml:id="xplan_LP_NutzungsAusschluss_begruendungKuerzel">
      <gml:description>Begründung des Ausschlusses (Kürzel)</gml:description>
      <gml:identifier codeSpace="urn:citgml">urn:xplan:element:xplan:LP_NutzungsAusschluss:attribute:begruendungKuerzel</gml:identifier>
      <gml:name>xplan:begruendungKuerzel</gml:name>
      <def:cardinality>0..1</def:cardinality>
      <def:valueTypeRef xlink:href="urn:xplan:element::CharacterString" />
      <def:type>attribute</def:type>
    </def:PropertyDefinition>
  </gml:dictionaryEntry>
  <def:classification>featureType</def:classification>
  <def:supertypeRef xlink:href="urn:xplan:element:xplan:LP_Geometrieobjekt" />
</TypeDefinition>