﻿<!--Erzeugt mit KIT (www.kit.edu) UmlToXmlTransformation-Software, Erstellungsdatum: 09.09.2013 11:09:04-->
<TypeDefinition xmlns="http://www.interactive-instruments.de/ShapeChange/Definitions/0.5" xmlns:def="http://www.interactive-instruments.de/ShapeChange/Definitions/0.5" xmlns:gml="http://www.opengis.net/gml/3.2" xmlns:xlink="http://www.w3.org/1999/xlink" xmlns:xsi="http://www.w3.org/2001/XMLSchema-instance" xsi:schemaLocation="http://www.interactive-instruments.de/ShapeChange/Definitions/0.5 ../xsd/ShapeChangeDefinitions.xsd" gml:id="xplan_RP_Linienobjekt">
  <gml:description>Basisklasse für alle Objekte eines Regionalplans mit linienförmigem Raumbezug (eine einzelne zusammenhängende Kurve, die aus Linienstücken und Kreisbögen zusammengesetzt sein kann, oder eine Menge derartiger Kurven).</gml:description>
  <gml:identifier codeSpace="urn:citgml">urn:xplan:element:xplan:RP_Linienobjekt</gml:identifier>
  <gml:name>xplan:RP_Linienobjekt</gml:name>
  <gml:dictionaryEntry>
    <def:PropertyDefinition gml:id="xplan_RP_Linienobjekt_position">
      <gml:description>Linienförmiger Raumbezug.</gml:description>
      <gml:identifier codeSpace="urn:citgml">urn:xplan:element:xplan:RP_Linienobjekt:attribute:position</gml:identifier>
      <gml:name>xplan:position</gml:name>
      <def:cardinality>1</def:cardinality>
      <def:valueTypeRef xlink:href="urn:xplan:element:xplan:XP_Liniengeometrie" />
      <def:type>attribute</def:type>
    </def:PropertyDefinition>
  </gml:dictionaryEntry>
  <def:classification>featureType</def:classification>
  <def:supertypeRef xlink:href="urn:xplan:element:xplan:RP_Objekt" />
</TypeDefinition>