﻿<!--Erzeugt mit KIT (www.kit.edu) UmlToXmlTransformation-Software, Erstellungsdatum: 09.09.2013 11:09:17-->
<TypeDefinition xmlns="http://www.interactive-instruments.de/ShapeChange/Definitions/0.5" xmlns:def="http://www.interactive-instruments.de/ShapeChange/Definitions/0.5" xmlns:gml="http://www.opengis.net/gml/3.2" xmlns:xlink="http://www.w3.org/1999/xlink" xmlns:xsi="http://www.w3.org/2001/XMLSchema-instance" xsi:schemaLocation="http://www.interactive-instruments.de/ShapeChange/Definitions/0.5 ../xsd/ShapeChangeDefinitions.xsd" gml:id="xplan_SO_Wasserrecht">
  <gml:description>Festlegung nach Wasserrecht
</gml:description>
  <gml:identifier codeSpace="urn:citgml">urn:xplan:element:xplan:SO_Wasserrecht</gml:identifier>
  <gml:name>xplan:SO_Wasserrecht</gml:name>
  <gml:dictionaryEntry>
    <def:PropertyDefinition gml:id="xplan_SO_Wasserrecht_artDerFestlegung">
      <gml:description>Grundlegende rechtliche Klassifizierung der Festlegung.</gml:description>
      <gml:identifier codeSpace="urn:citgml">urn:xplan:element:xplan:SO_Wasserrecht:attribute:artDerFestlegung</gml:identifier>
      <gml:name>xplan:artDerFestlegung</gml:name>
      <gml:dictionaryEntry>
        <ListedValueDefinition gml:id="xplan_SO_Wasserrecht_artDerFestlegung_SO_KlassifizNachWasserrecht_1000">
          <gml:description>Gewässer 1. Ordnung.</gml:description>
          <gml:identifier codeSpace="urn:citgml">urn:xplan:enum:xplan:SO_Wasserrecht:artDerFestlegung:SO_KlassifizNachWasserrecht:1000</gml:identifier>
          <gml:name>Gewaesser1Ordnung</gml:name>
        </ListedValueDefinition>
      </gml:dictionaryEntry>
      <gml:dictionaryEntry>
        <ListedValueDefinition gml:id="xplan_SO_Wasserrecht_artDerFestlegung_SO_KlassifizNachWasserrecht_1100">
          <gml:description>Gewässer 2. Ordnung.</gml:description>
          <gml:identifier codeSpace="urn:citgml">urn:xplan:enum:xplan:SO_Wasserrecht:artDerFestlegung:SO_KlassifizNachWasserrecht:1100</gml:identifier>
          <gml:name>Gewaesser2Ordnung</gml:name>
        </ListedValueDefinition>
      </gml:dictionaryEntry>
      <gml:dictionaryEntry>
        <ListedValueDefinition gml:id="xplan_SO_Wasserrecht_artDerFestlegung_SO_KlassifizNachWasserrecht_1300">
          <gml:description>Gewässer 3. Ordnung</gml:description>
          <gml:identifier codeSpace="urn:citgml">urn:xplan:enum:xplan:SO_Wasserrecht:artDerFestlegung:SO_KlassifizNachWasserrecht:1300</gml:identifier>
          <gml:name>Gewaesser3Ordnung</gml:name>
        </ListedValueDefinition>
      </gml:dictionaryEntry>
      <gml:dictionaryEntry>
        <ListedValueDefinition gml:id="xplan_SO_Wasserrecht_artDerFestlegung_SO_KlassifizNachWasserrecht_2000">
          <gml:description>'Überschwemmungsgebiet' nach . § 31b Abs. 1 WHG  ist ein durch Rechtsverordnung festgesetztes oder natürliches Gebiet, das bei Hochwasser überschwemmt werden kann bzw. überschwemmt wird.</gml:description>
          <gml:identifier codeSpace="urn:citgml">urn:xplan:enum:xplan:SO_Wasserrecht:artDerFestlegung:SO_KlassifizNachWasserrecht:2000</gml:identifier>
          <gml:name>Ueberschwemmungsgebiet</gml:name>
        </ListedValueDefinition>
      </gml:dictionaryEntry>
      <gml:dictionaryEntry>
        <ListedValueDefinition gml:id="xplan_SO_Wasserrecht_artDerFestlegung_SO_KlassifizNachWasserrecht_20000">
          <gml:description>'Festgesetztes Überschwemmungsgebiet ist ein per Verordnung festgesetzte Überschwemmungsgebiete auf Basis HQ100</gml:description>
          <gml:identifier codeSpace="urn:citgml">urn:xplan:enum:xplan:SO_Wasserrecht:artDerFestlegung:SO_KlassifizNachWasserrecht:20000</gml:identifier>
          <gml:name>FestgesetztesUeberschwemmungsgebiet</gml:name>
        </ListedValueDefinition>
      </gml:dictionaryEntry>
      <gml:dictionaryEntry>
        <ListedValueDefinition gml:id="xplan_SO_Wasserrecht_artDerFestlegung_SO_KlassifizNachWasserrecht_20001">
          <gml:description>Noch nicht festgesetztes Überschwemmungsgebiet nach §31b Abs. 5 WHG.</gml:description>
          <gml:identifier codeSpace="urn:citgml">urn:xplan:enum:xplan:SO_Wasserrecht:artDerFestlegung:SO_KlassifizNachWasserrecht:20001</gml:identifier>
          <gml:name>NochNichtFestgesetztesUeberschwemmungsgebiet</gml:name>
        </ListedValueDefinition>
      </gml:dictionaryEntry>
      <gml:dictionaryEntry>
        <ListedValueDefinition gml:id="xplan_SO_Wasserrecht_artDerFestlegung_SO_KlassifizNachWasserrecht_20002">
          <gml:description>Überschwemmungsgefährdetes Gebiet gemäß §31 c WHG.</gml:description>
          <gml:identifier codeSpace="urn:citgml">urn:xplan:enum:xplan:SO_Wasserrecht:artDerFestlegung:SO_KlassifizNachWasserrecht:20002</gml:identifier>
          <gml:name>UeberschwemmGefaehrdetesGebiet</gml:name>
        </ListedValueDefinition>
      </gml:dictionaryEntry>
      <gml:dictionaryEntry>
        <ListedValueDefinition gml:id="xplan_SO_Wasserrecht_artDerFestlegung_SO_KlassifizNachWasserrecht_9999">
          <gml:identifier codeSpace="urn:citgml">urn:xplan:enum:xplan:SO_Wasserrecht:artDerFestlegung:SO_KlassifizNachWasserrecht:9999</gml:identifier>
          <gml:name>Sonstiges</gml:name>
        </ListedValueDefinition>
      </gml:dictionaryEntry>
      <def:cardinality>0..1</def:cardinality>
      <def:valueTypeName>SO_KlassifizNachWasserrecht</def:valueTypeName>
      <def:type>attribute</def:type>
    </def:PropertyDefinition>
  </gml:dictionaryEntry>
  <gml:dictionaryEntry>
    <def:PropertyDefinition gml:id="xplan_SO_Wasserrecht_detailArtDerFestlegung">
      <gml:description>Detaillierte rechtliche Klassifizierung der Festlegung.</gml:description>
      <gml:identifier codeSpace="urn:citgml">urn:xplan:element:xplan:SO_Wasserrecht:attribute:detailArtDerFestlegung</gml:identifier>
      <gml:name>xplan:detailArtDerFestlegung</gml:name>
      <def:cardinality>0..1</def:cardinality>
      <def:valueTypeName>SO_DetailKlassifizNachWasserrecht</def:valueTypeName>
      <def:type>attribute</def:type>
    </def:PropertyDefinition>
  </gml:dictionaryEntry>
  <gml:dictionaryEntry>
    <def:PropertyDefinition gml:id="xplan_SO_Wasserrecht_istNatuerlichesUberschwemmungsgebiet">
      <gml:description>Gibt an, ob es sich bei der Fläche um ein natürliches Überschwemmungsgebiet handelt.</gml:description>
      <gml:identifier codeSpace="urn:citgml">urn:xplan:element:xplan:SO_Wasserrecht:attribute:istNatuerlichesUberschwemmungsgebiet</gml:identifier>
      <gml:name>xplan:istNatuerlichesUberschwemmungsgebiet</gml:name>
      <gml:dictionaryEntry>
        <ListedValueDefinition gml:id="_SO_Wasserrecht_istNatuerlichesUberschwemmungsgebiet_Boolean_1">
          <gml:identifier codeSpace="urn:citgml">urn:xplan:enum::SO_Wasserrecht:istNatuerlichesUberschwemmungsgebiet:Boolean:1</gml:identifier>
          <gml:name>TRUE</gml:name>
        </ListedValueDefinition>
      </gml:dictionaryEntry>
      <gml:dictionaryEntry>
        <ListedValueDefinition gml:id="_SO_Wasserrecht_istNatuerlichesUberschwemmungsgebiet_Boolean_0">
          <gml:identifier codeSpace="urn:citgml">urn:xplan:enum::SO_Wasserrecht:istNatuerlichesUberschwemmungsgebiet:Boolean:0</gml:identifier>
          <gml:name>FALSE</gml:name>
        </ListedValueDefinition>
      </gml:dictionaryEntry>
      <def:cardinality>0..1</def:cardinality>
      <def:valueTypeName>Boolean</def:valueTypeName>
      <def:type>attribute</def:type>
    </def:PropertyDefinition>
  </gml:dictionaryEntry>
  <gml:dictionaryEntry>
    <def:PropertyDefinition gml:id="xplan_SO_Wasserrecht_name">
      <gml:description>Informelle Bezeichnung der Festlegung</gml:description>
      <gml:identifier codeSpace="urn:citgml">urn:xplan:element:xplan:SO_Wasserrecht:attribute:name</gml:identifier>
      <gml:name>xplan:name</gml:name>
      <def:cardinality>0..1</def:cardinality>
      <def:valueTypeRef xlink:href="urn:xplan:element::CharacterString" />
      <def:type>attribute</def:type>
    </def:PropertyDefinition>
  </gml:dictionaryEntry>
  <gml:dictionaryEntry>
    <def:PropertyDefinition gml:id="xplan_SO_Wasserrecht_nummer">
      <gml:description>Amtliche Bezeichnung / Kennziffer der Festlegung</gml:description>
      <gml:identifier codeSpace="urn:citgml">urn:xplan:element:xplan:SO_Wasserrecht:attribute:nummer</gml:identifier>
      <gml:name>xplan:nummer</gml:name>
      <def:cardinality>0..1</def:cardinality>
      <def:valueTypeRef xlink:href="urn:xplan:element::CharacterString" />
      <def:type>attribute</def:type>
    </def:PropertyDefinition>
  </gml:dictionaryEntry>
  <def:classification>featureType</def:classification>
  <def:supertypeRef xlink:href="urn:xplan:element:xplan:SO_Geometrieobjekt" />
</TypeDefinition>