﻿<!--Erzeugt mit KIT (www.kit.edu) UmlToXmlTransformation-Software, Erstellungsdatum: 24.08.2012 09:29:23-->
<TypeDefinition xmlns="http://www.interactive-instruments.de/ShapeChange/Definitions/0.5" xmlns:def="http://www.interactive-instruments.de/ShapeChange/Definitions/0.5" xmlns:gml="http://www.opengis.net/gml/3.2" xmlns:xlink="http://www.w3.org/1999/xlink" xmlns:xsi="http://www.w3.org/2001/XMLSchema-instance" xsi:schemaLocation="http://www.interactive-instruments.de/ShapeChange/Definitions/0.5 ../xsd/ShapeChangeDefinitions.xsd" gml:id="xplanNSM_RP_NaturschutzrechtlichesSchutzgebiet">
  <gml:description />
  <gml:identifier codeSpace="urn:citgml">urn:xplan:element:xplanNSM:RP_NaturschutzrechtlichesSchutzgebiet</gml:identifier>
  <gml:name>xplanNSM:RP_NaturschutzrechtlichesSchutzgebiet</gml:name>
  <gml:dictionaryEntry>
    <def:PropertyDefinition gml:id="xplanNSM_RP_NaturschutzrechtlichesSchutzgebiet_besondereZweckbestimmungNSG">
      <gml:description />
      <gml:identifier codeSpace="urn:citgml">urn:xplan:element:xplanNSM:RP_NaturschutzrechtlichesSchutzgebiet:attribute:besondereZweckbestimmungNSG</gml:identifier>
      <gml:name>xplanNSM:besondereZweckbestimmungNSG</gml:name>
      <gml:dictionaryEntry>
        <ListedValueDefinition gml:id="xplanNSM_RP_NaturschutzrechtlichesSchutzgebiet_besondereZweckbestimmungNSG_RP_NSM_BesondereZweckbestimmungNSG_14001">
          <gml:identifier codeSpace="urn:citgml">urn:xplan:enum:xplanNSM:RP_NaturschutzrechtlichesSchutzgebiet:besondereZweckbestimmungNSG:RP_NSM_BesondereZweckbestimmungNSG:14001</gml:identifier>
          <gml:name>Kernzone</gml:name>
        </ListedValueDefinition>
      </gml:dictionaryEntry>
      <def:cardinality>0..1</def:cardinality>
      <def:valueTypeName>RP_NSM_BesondereZweckbestimmungNSG</def:valueTypeName>
      <def:type>attribute</def:type>
    </def:PropertyDefinition>
  </gml:dictionaryEntry>
  <def:classification />
  <def:supertypeRef xlink:href="urn:xplan:element:xplan:RP_NaturschutzrechtlichesSchutzgebiet" />
</TypeDefinition>