﻿<!--Erzeugt mit KIT (www.kit.edu) UmlToXmlTransformation-Software, Erstellungsdatum: 24.08.2012 09:29:22-->
<TypeDefinition xmlns="http://www.interactive-instruments.de/ShapeChange/Definitions/0.5" xmlns:def="http://www.interactive-instruments.de/ShapeChange/Definitions/0.5" xmlns:gml="http://www.opengis.net/gml/3.2" xmlns:xlink="http://www.w3.org/1999/xlink" xmlns:xsi="http://www.w3.org/2001/XMLSchema-instance" xsi:schemaLocation="http://www.interactive-instruments.de/ShapeChange/Definitions/0.5 ../xsd/ShapeChangeDefinitions.xsd" gml:id="xplan_RP_RLP_Verkehr">
  <gml:description>Verkehrs-Infrastruktur.
</gml:description>
  <gml:identifier codeSpace="urn:citgml">urn:xplan:element:xplan:RP_RLP_Verkehr</gml:identifier>
  <gml:name>xplan:RP_RLP_Verkehr</gml:name>
  <gml:dictionaryEntry>
    <def:PropertyDefinition gml:id="xplan_RP_RLP_Verkehr_verbindungsTyp">
      <gml:description />
      <gml:identifier codeSpace="urn:citgml">urn:xplan:element:xplan:RP_RLP_Verkehr:attribute:verbindungsTyp</gml:identifier>
      <gml:name>xplan:verbindungsTyp</gml:name>
      <gml:dictionaryEntry>
        <ListedValueDefinition gml:id="xplan_RP_RLP_Verkehr_verbindungsTyp_RP_RLP_VerkehrsVerbindungsTypen_1000">
          <gml:identifier codeSpace="urn:citgml">urn:xplan:enum:xplan:RP_RLP_Verkehr:verbindungsTyp:RP_RLP_VerkehrsVerbindungsTypen:1000</gml:identifier>
          <gml:name>GrossraeumigeVerbindung</gml:name>
        </ListedValueDefinition>
      </gml:dictionaryEntry>
      <gml:dictionaryEntry>
        <ListedValueDefinition gml:id="xplan_RP_RLP_Verkehr_verbindungsTyp_RP_RLP_VerkehrsVerbindungsTypen_2000">
          <gml:identifier codeSpace="urn:citgml">urn:xplan:enum:xplan:RP_RLP_Verkehr:verbindungsTyp:RP_RLP_VerkehrsVerbindungsTypen:2000</gml:identifier>
          <gml:name>UeberregionaleVerbindung</gml:name>
        </ListedValueDefinition>
      </gml:dictionaryEntry>
      <gml:dictionaryEntry>
        <ListedValueDefinition gml:id="xplan_RP_RLP_Verkehr_verbindungsTyp_RP_RLP_VerkehrsVerbindungsTypen_3000">
          <gml:identifier codeSpace="urn:citgml">urn:xplan:enum:xplan:RP_RLP_Verkehr:verbindungsTyp:RP_RLP_VerkehrsVerbindungsTypen:3000</gml:identifier>
          <gml:name>RegionaleVerbindung</gml:name>
        </ListedValueDefinition>
      </gml:dictionaryEntry>
      <gml:dictionaryEntry>
        <ListedValueDefinition gml:id="xplan_RP_RLP_Verkehr_verbindungsTyp_RP_RLP_VerkehrsVerbindungsTypen_4000">
          <gml:identifier codeSpace="urn:citgml">urn:xplan:enum:xplan:RP_RLP_Verkehr:verbindungsTyp:RP_RLP_VerkehrsVerbindungsTypen:4000</gml:identifier>
          <gml:name>FlaechenerschliessendeVerbindung</gml:name>
        </ListedValueDefinition>
      </gml:dictionaryEntry>
      <gml:dictionaryEntry>
        <ListedValueDefinition gml:id="xplan_RP_RLP_Verkehr_verbindungsTyp_RP_RLP_VerkehrsVerbindungsTypen_5000">
          <gml:identifier codeSpace="urn:citgml">urn:xplan:enum:xplan:RP_RLP_Verkehr:verbindungsTyp:RP_RLP_VerkehrsVerbindungsTypen:5000</gml:identifier>
          <gml:name>Hochgeschwindigkeitsstrecke</gml:name>
        </ListedValueDefinition>
      </gml:dictionaryEntry>
      <def:cardinality>0..1</def:cardinality>
      <def:valueTypeName>RP_RLP_VerkehrsVerbindungsTypen</def:valueTypeName>
      <def:type>attribute</def:type>
    </def:PropertyDefinition>
  </gml:dictionaryEntry>
  <def:classification>featureType</def:classification>
  <def:supertypeRef xlink:href="urn:xplan:element:xplan:RP_Verkehr" />
</TypeDefinition>