﻿<!--Erzeugt mit KIT (www.kit.edu) UmlToXmlTransformation-Software, Erstellungsdatum: 09.09.2013 11:09:15-->
<TypeDefinition xmlns="http://www.interactive-instruments.de/ShapeChange/Definitions/0.5" xmlns:def="http://www.interactive-instruments.de/ShapeChange/Definitions/0.5" xmlns:gml="http://www.opengis.net/gml/3.2" xmlns:xlink="http://www.w3.org/1999/xlink" xmlns:xsi="http://www.w3.org/2001/XMLSchema-instance" xsi:schemaLocation="http://www.interactive-instruments.de/ShapeChange/Definitions/0.5 ../xsd/ShapeChangeDefinitions.xsd" gml:id="xplan_SO_TextAbschnitt">
  <gml:description>Texlich formulierter Inhalt eines Sonstigen Plans, der einen anderen Rechtscharakter als das zugrunde liegende Fachobjekt hat (Attribut &lt;i&gt;rechtscharakter &lt;/i&gt;des Fachobjektes), oder dem Plan als Ganzes zugeordnet ist.</gml:description>
  <gml:identifier codeSpace="urn:citgml">urn:xplan:element:xplan:SO_TextAbschnitt</gml:identifier>
  <gml:name>xplan:SO_TextAbschnitt</gml:name>
  <gml:dictionaryEntry>
    <def:PropertyDefinition gml:id="xplan_SO_TextAbschnitt_rechtscharakter">
      <gml:description>Rechtscharakter des textlich formulierten Planinhalts.
</gml:description>
      <gml:identifier codeSpace="urn:citgml">urn:xplan:element:xplan:SO_TextAbschnitt:attribute:rechtscharakter</gml:identifier>
      <gml:name>xplan:rechtscharakter</gml:name>
      <gml:dictionaryEntry>
        <ListedValueDefinition gml:id="xplan_SO_TextAbschnitt_rechtscharakter_SO_Rechtscharakter_3000">
          <gml:identifier codeSpace="urn:citgml">urn:xplan:enum:xplan:SO_TextAbschnitt:rechtscharakter:SO_Rechtscharakter:3000</gml:identifier>
          <gml:name>Hinweis</gml:name>
        </ListedValueDefinition>
      </gml:dictionaryEntry>
      <gml:dictionaryEntry>
        <ListedValueDefinition gml:id="xplan_SO_TextAbschnitt_rechtscharakter_SO_Rechtscharakter_4000">
          <gml:identifier codeSpace="urn:citgml">urn:xplan:enum:xplan:SO_TextAbschnitt:rechtscharakter:SO_Rechtscharakter:4000</gml:identifier>
          <gml:name>Vermerk</gml:name>
        </ListedValueDefinition>
      </gml:dictionaryEntry>
      <gml:dictionaryEntry>
        <ListedValueDefinition gml:id="xplan_SO_TextAbschnitt_rechtscharakter_SO_Rechtscharakter_5000">
          <gml:identifier codeSpace="urn:citgml">urn:xplan:enum:xplan:SO_TextAbschnitt:rechtscharakter:SO_Rechtscharakter:5000</gml:identifier>
          <gml:name>Kennzeichnung</gml:name>
        </ListedValueDefinition>
      </gml:dictionaryEntry>
      <gml:dictionaryEntry>
        <ListedValueDefinition gml:id="xplan_SO_TextAbschnitt_rechtscharakter_SO_Rechtscharakter_9999">
          <gml:identifier codeSpace="urn:citgml">urn:xplan:enum:xplan:SO_TextAbschnitt:rechtscharakter:SO_Rechtscharakter:9999</gml:identifier>
          <gml:name>Sonstiges</gml:name>
        </ListedValueDefinition>
      </gml:dictionaryEntry>
      <def:cardinality>1</def:cardinality>
      <def:valueTypeName>SO_Rechtscharakter</def:valueTypeName>
      <def:type>attribute</def:type>
    </def:PropertyDefinition>
  </gml:dictionaryEntry>
  <def:classification>featureType</def:classification>
  <def:supertypeRef xlink:href="urn:xplan:element:xplan:XP_TextAbschnitt" />
</TypeDefinition>