﻿<!--Erzeugt mit KIT (www.kit.edu) UmlToXmlTransformation-Software, Erstellungsdatum: 09.09.2013 11:09:15-->
<TypeDefinition xmlns="http://www.interactive-instruments.de/ShapeChange/Definitions/0.5" xmlns:def="http://www.interactive-instruments.de/ShapeChange/Definitions/0.5" xmlns:gml="http://www.opengis.net/gml/3.2" xmlns:xlink="http://www.w3.org/1999/xlink" xmlns:xsi="http://www.w3.org/2001/XMLSchema-instance" xsi:schemaLocation="http://www.interactive-instruments.de/ShapeChange/Definitions/0.5 ../xsd/ShapeChangeDefinitions.xsd" gml:id="xplan_SO_Geometrieobjekt">
  <gml:description>Basisklasse für alle Objekte mit variablem Raumbezug. Ein konkretes Objekt muss entweder punktförmigen, linienförmigen oder flächenhaften Raumbezug haben, gemischte Geometrie ist nicht zugelassen.
</gml:description>
  <gml:identifier codeSpace="urn:citgml">urn:xplan:element:xplan:SO_Geometrieobjekt</gml:identifier>
  <gml:name>xplan:SO_Geometrieobjekt</gml:name>
  <gml:dictionaryEntry>
    <def:PropertyDefinition gml:id="xplan_SO_Geometrieobjekt_position">
      <gml:description />
      <gml:identifier codeSpace="urn:citgml">urn:xplan:element:xplan:SO_Geometrieobjekt:attribute:position</gml:identifier>
      <gml:name>xplan:position</gml:name>
      <def:cardinality>1</def:cardinality>
      <def:valueTypeRef xlink:href="urn:xplan:element:xplan:XP_VariableGeometrie" />
      <def:type>attribute</def:type>
    </def:PropertyDefinition>
  </gml:dictionaryEntry>
  <gml:dictionaryEntry>
    <def:PropertyDefinition gml:id="xplan_SO_Geometrieobjekt_flaechenschluss">
      <gml:description />
      <gml:identifier codeSpace="urn:citgml">urn:xplan:element:xplan:SO_Geometrieobjekt:attribute:flaechenschluss</gml:identifier>
      <gml:name>xplan:flaechenschluss</gml:name>
      <gml:dictionaryEntry>
        <ListedValueDefinition gml:id="_SO_Geometrieobjekt_flaechenschluss_Boolean_1">
          <gml:identifier codeSpace="urn:citgml">urn:xplan:enum::SO_Geometrieobjekt:flaechenschluss:Boolean:1</gml:identifier>
          <gml:name>TRUE</gml:name>
        </ListedValueDefinition>
      </gml:dictionaryEntry>
      <gml:dictionaryEntry>
        <ListedValueDefinition gml:id="_SO_Geometrieobjekt_flaechenschluss_Boolean_0">
          <gml:identifier codeSpace="urn:citgml">urn:xplan:enum::SO_Geometrieobjekt:flaechenschluss:Boolean:0</gml:identifier>
          <gml:name>FALSE</gml:name>
        </ListedValueDefinition>
      </gml:dictionaryEntry>
      <def:cardinality>0..1</def:cardinality>
      <def:valueTypeName>Boolean</def:valueTypeName>
      <def:type>attribute</def:type>
    </def:PropertyDefinition>
  </gml:dictionaryEntry>
  <def:classification>featureType</def:classification>
  <def:supertypeRef xlink:href="urn:xplan:element:xplan:SO_Objekt" />
</TypeDefinition>