﻿<!--Erzeugt mit KIT (www.kit.edu) UmlToXmlTransformation-Software, Erstellungsdatum: 09.09.2013 11:08:30-->
<TypeDefinition xmlns="http://www.interactive-instruments.de/ShapeChange/Definitions/0.5" xmlns:def="http://www.interactive-instruments.de/ShapeChange/Definitions/0.5" xmlns:gml="http://www.opengis.net/gml/3.2" xmlns:xlink="http://www.w3.org/1999/xlink" xmlns:xsi="http://www.w3.org/2001/XMLSchema-instance" xsi:schemaLocation="http://www.interactive-instruments.de/ShapeChange/Definitions/0.5 ../xsd/ShapeChangeDefinitions.xsd" gml:id="xplan_XP_RasterplanBasis">
  <gml:description>Georeferenzierte Rasterdarstellung eines Plans. Das über refScan referierte Rasterbild zeigt den Basisplan, dessen Geltungsbereich durch den Geltungsbereich des Gesamtplans (Attribut geltungsbereich von XP_Plan) repräsentiert ist. Diesem Basisplan können Änderungen überlagert sein, denen jeweils eigene Rasterbilder und Geltungsbereiche zugeordnet sind (XP_RasterplanAenderung und abgeleitete Klassen).

Im Standard sind nur georeferenzierte Rasterpläne zugelassen. Die über refScan referierte externe Referenz muss deshalb entweder vom Typ "PlanMitGeoreferenz" sein oder einen WMS-Request enthalten.
</gml:description>
  <gml:identifier codeSpace="urn:citgml">urn:xplan:element:xplan:XP_RasterplanBasis</gml:identifier>
  <gml:name>xplan:XP_RasterplanBasis</gml:name>
  <gml:dictionaryEntry>
    <def:PropertyDefinition gml:id="xplan_XP_RasterplanBasis_refScan">
      <gml:description>Referenz auf eine georeferenzierte Rasterversion des Basisplans</gml:description>
      <gml:identifier codeSpace="urn:citgml">urn:xplan:element:xplan:XP_RasterplanBasis:attribute:refScan</gml:identifier>
      <gml:name>xplan:refScan</gml:name>
      <def:cardinality>1..*</def:cardinality>
      <def:valueTypeRef xlink:href="urn:xplan:element:xplan:XP_ExterneReferenz" />
      <def:type>attribute</def:type>
    </def:PropertyDefinition>
  </gml:dictionaryEntry>
  <gml:dictionaryEntry>
    <def:PropertyDefinition gml:id="xplan_XP_RasterplanBasis_refText">
      <gml:description>Referenz auf die textlich fprmulierten Inhalte des Plans.</gml:description>
      <gml:identifier codeSpace="urn:citgml">urn:xplan:element:xplan:XP_RasterplanBasis:attribute:refText</gml:identifier>
      <gml:name>xplan:refText</gml:name>
      <def:cardinality>0..1</def:cardinality>
      <def:valueTypeRef xlink:href="urn:xplan:element:xplan:XP_ExterneReferenz" />
      <def:type>attribute</def:type>
    </def:PropertyDefinition>
  </gml:dictionaryEntry>
  <gml:dictionaryEntry>
    <def:PropertyDefinition gml:id="xplan_XP_RasterplanBasis_refLegende">
      <gml:description>Referenz auf die Legende des Plans.</gml:description>
      <gml:identifier codeSpace="urn:citgml">urn:xplan:element:xplan:XP_RasterplanBasis:attribute:refLegende</gml:identifier>
      <gml:name>xplan:refLegende</gml:name>
      <def:cardinality>0..*</def:cardinality>
      <def:valueTypeRef xlink:href="urn:xplan:element:xplan:XP_ExterneReferenz" />
      <def:type>attribute</def:type>
    </def:PropertyDefinition>
  </gml:dictionaryEntry>
  <def:classification>featureType</def:classification>
</TypeDefinition>