﻿<!--Erzeugt mit KIT (www.kit.edu) UmlToXmlTransformation-Software, Erstellungsdatum: 09.09.2013 11:08:50-->
<TypeDefinition xmlns="http://www.interactive-instruments.de/ShapeChange/Definitions/0.5" xmlns:def="http://www.interactive-instruments.de/ShapeChange/Definitions/0.5" xmlns:gml="http://www.opengis.net/gml/3.2" xmlns:xlink="http://www.w3.org/1999/xlink" xmlns:xsi="http://www.w3.org/2001/XMLSchema-instance" xsi:schemaLocation="http://www.interactive-instruments.de/ShapeChange/Definitions/0.5 ../xsd/ShapeChangeDefinitions.xsd" gml:id="xplan_BP_VerkehrsflaecheBesondererZweckbestimmung">
  <gml:description>Verkehrsfläche besonderer Zweckbestimmung (§9 Abs. 1 Nr. 11 und Abs. 6 BauGB).</gml:description>
  <gml:identifier codeSpace="urn:citgml">urn:xplan:element:xplan:BP_VerkehrsflaecheBesondererZweckbestimmung</gml:identifier>
  <gml:name>xplan:BP_VerkehrsflaecheBesondererZweckbestimmung</gml:name>
  <gml:dictionaryEntry>
    <def:PropertyDefinition gml:id="xplan_BP_VerkehrsflaecheBesondererZweckbestimmung_MaxZahlWohnungen">
      <gml:description>Höchstzulässige Zahl der Wohnungen in Wohngebäuden</gml:description>
      <gml:identifier codeSpace="urn:citgml">urn:xplan:element:xplan:BP_VerkehrsflaecheBesondererZweckbestimmung:attribute:MaxZahlWohnungen</gml:identifier>
      <gml:name>xplan:MaxZahlWohnungen</gml:name>
      <def:cardinality>0..1</def:cardinality>
      <def:valueTypeName>Integer</def:valueTypeName>
      <def:type>attribute</def:type>
    </def:PropertyDefinition>
  </gml:dictionaryEntry>
  <gml:dictionaryEntry>
    <def:PropertyDefinition gml:id="xplan_BP_VerkehrsflaecheBesondererZweckbestimmung_Fmin">
      <gml:description>Mindestmaß für die Größe (Fläche) eines Baugrundstücks.</gml:description>
      <gml:identifier codeSpace="urn:citgml">urn:xplan:element:xplan:BP_VerkehrsflaecheBesondererZweckbestimmung:attribute:Fmin</gml:identifier>
      <gml:name>xplan:Fmin</gml:name>
      <def:cardinality>0..1</def:cardinality>
      <def:valueTypeName>Area</def:valueTypeName>
      <def:type>attribute</def:type>
    </def:PropertyDefinition>
  </gml:dictionaryEntry>
  <gml:dictionaryEntry>
    <def:PropertyDefinition gml:id="xplan_BP_VerkehrsflaecheBesondererZweckbestimmung_Fmax">
      <gml:description>Höchstmaß für die Größe (Fläche) eines Baugrundstücks.</gml:description>
      <gml:identifier codeSpace="urn:citgml">urn:xplan:element:xplan:BP_VerkehrsflaecheBesondererZweckbestimmung:attribute:Fmax</gml:identifier>
      <gml:name>xplan:Fmax</gml:name>
      <def:cardinality>0..1</def:cardinality>
      <def:valueTypeName>Area</def:valueTypeName>
      <def:type>attribute</def:type>
    </def:PropertyDefinition>
  </gml:dictionaryEntry>
  <gml:dictionaryEntry>
    <def:PropertyDefinition gml:id="xplan_BP_VerkehrsflaecheBesondererZweckbestimmung_Bmin">
      <gml:description>Minimale Breite von Baugrundstücken</gml:description>
      <gml:identifier codeSpace="urn:citgml">urn:xplan:element:xplan:BP_VerkehrsflaecheBesondererZweckbestimmung:attribute:Bmin</gml:identifier>
      <gml:name>xplan:Bmin</gml:name>
      <def:cardinality>0..1</def:cardinality>
      <def:valueTypeName>Length</def:valueTypeName>
      <def:type>attribute</def:type>
    </def:PropertyDefinition>
  </gml:dictionaryEntry>
  <gml:dictionaryEntry>
    <def:PropertyDefinition gml:id="xplan_BP_VerkehrsflaecheBesondererZweckbestimmung_Bmax">
      <gml:description>Maximale Breite von Baugrundstücken.</gml:description>
      <gml:identifier codeSpace="urn:citgml">urn:xplan:element:xplan:BP_VerkehrsflaecheBesondererZweckbestimmung:attribute:Bmax</gml:identifier>
      <gml:name>xplan:Bmax</gml:name>
      <def:cardinality>0..1</def:cardinality>
      <def:valueTypeName>Length</def:valueTypeName>
      <def:type>attribute</def:type>
    </def:PropertyDefinition>
  </gml:dictionaryEntry>
  <gml:dictionaryEntry>
    <def:PropertyDefinition gml:id="xplan_BP_VerkehrsflaecheBesondererZweckbestimmung_Tmin">
      <gml:description>Minimale Tiefe von Baugrundstücken.</gml:description>
      <gml:identifier codeSpace="urn:citgml">urn:xplan:element:xplan:BP_VerkehrsflaecheBesondererZweckbestimmung:attribute:Tmin</gml:identifier>
      <gml:name>xplan:Tmin</gml:name>
      <def:cardinality>0..1</def:cardinality>
      <def:valueTypeName>Length</def:valueTypeName>
      <def:type>attribute</def:type>
    </def:PropertyDefinition>
  </gml:dictionaryEntry>
  <gml:dictionaryEntry>
    <def:PropertyDefinition gml:id="xplan_BP_VerkehrsflaecheBesondererZweckbestimmung_Tmax">
      <gml:description>Maximale Tiefe von Baugrundstücken.</gml:description>
      <gml:identifier codeSpace="urn:citgml">urn:xplan:element:xplan:BP_VerkehrsflaecheBesondererZweckbestimmung:attribute:Tmax</gml:identifier>
      <gml:name>xplan:Tmax</gml:name>
      <def:cardinality>0..1</def:cardinality>
      <def:valueTypeName>Length</def:valueTypeName>
      <def:type>attribute</def:type>
    </def:PropertyDefinition>
  </gml:dictionaryEntry>
  <gml:dictionaryEntry>
    <def:PropertyDefinition gml:id="xplan_BP_VerkehrsflaecheBesondererZweckbestimmung_GFZmin">
      <gml:description>Minimal zulässige Geschossflächenzahl .</gml:description>
      <gml:identifier codeSpace="urn:citgml">urn:xplan:element:xplan:BP_VerkehrsflaecheBesondererZweckbestimmung:attribute:GFZmin</gml:identifier>
      <gml:name>xplan:GFZmin</gml:name>
      <def:cardinality>0..1</def:cardinality>
      <def:valueTypeName>Decimal</def:valueTypeName>
      <def:type>attribute</def:type>
    </def:PropertyDefinition>
  </gml:dictionaryEntry>
  <gml:dictionaryEntry>
    <def:PropertyDefinition gml:id="xplan_BP_VerkehrsflaecheBesondererZweckbestimmung_GFZmax">
      <gml:description>Maximal zulässige Geschossflächenzahl bei einer Bereichsangabe. Das Attribut GFZmin muss ebenfalls belegt sein.</gml:description>
      <gml:identifier codeSpace="urn:citgml">urn:xplan:element:xplan:BP_VerkehrsflaecheBesondererZweckbestimmung:attribute:GFZmax</gml:identifier>
      <gml:name>xplan:GFZmax</gml:name>
      <def:cardinality>0..1</def:cardinality>
      <def:valueTypeName>Decimal</def:valueTypeName>
      <def:type>attribute</def:type>
    </def:PropertyDefinition>
  </gml:dictionaryEntry>
  <gml:dictionaryEntry>
    <def:PropertyDefinition gml:id="xplan_BP_VerkehrsflaecheBesondererZweckbestimmung_GFZ">
      <gml:description>Maximal zulässige Geschossflächenzahl.</gml:description>
      <gml:identifier codeSpace="urn:citgml">urn:xplan:element:xplan:BP_VerkehrsflaecheBesondererZweckbestimmung:attribute:GFZ</gml:identifier>
      <gml:name>xplan:GFZ</gml:name>
      <def:cardinality>0..1</def:cardinality>
      <def:valueTypeName>Decimal</def:valueTypeName>
      <def:type>attribute</def:type>
    </def:PropertyDefinition>
  </gml:dictionaryEntry>
  <gml:dictionaryEntry>
    <def:PropertyDefinition gml:id="xplan_BP_VerkehrsflaecheBesondererZweckbestimmung_GFZ_Ausn">
      <gml:description>Maximal zulässige Geschossflächenzahl als Ausnahme.</gml:description>
      <gml:identifier codeSpace="urn:citgml">urn:xplan:element:xplan:BP_VerkehrsflaecheBesondererZweckbestimmung:attribute:GFZ_Ausn</gml:identifier>
      <gml:name>xplan:GFZ_Ausn</gml:name>
      <def:cardinality>0..1</def:cardinality>
      <def:valueTypeName>Decimal</def:valueTypeName>
      <def:type>attribute</def:type>
    </def:PropertyDefinition>
  </gml:dictionaryEntry>
  <gml:dictionaryEntry>
    <def:PropertyDefinition gml:id="xplan_BP_VerkehrsflaecheBesondererZweckbestimmung_GFmin">
      <gml:description>Minimal zulässige Geschossfläche</gml:description>
      <gml:identifier codeSpace="urn:citgml">urn:xplan:element:xplan:BP_VerkehrsflaecheBesondererZweckbestimmung:attribute:GFmin</gml:identifier>
      <gml:name>xplan:GFmin</gml:name>
      <def:cardinality>0..1</def:cardinality>
      <def:valueTypeName>Area</def:valueTypeName>
      <def:type>attribute</def:type>
    </def:PropertyDefinition>
  </gml:dictionaryEntry>
  <gml:dictionaryEntry>
    <def:PropertyDefinition gml:id="xplan_BP_VerkehrsflaecheBesondererZweckbestimmung_GFmax">
      <gml:description>Maximal zulässige Geschossfläche bei einer Bereichsabgabe. Das Attribut GFmin muss ebenfalls belegt sein.</gml:description>
      <gml:identifier codeSpace="urn:citgml">urn:xplan:element:xplan:BP_VerkehrsflaecheBesondererZweckbestimmung:attribute:GFmax</gml:identifier>
      <gml:name>xplan:GFmax</gml:name>
      <def:cardinality>0..1</def:cardinality>
      <def:valueTypeName>Area</def:valueTypeName>
      <def:type>attribute</def:type>
    </def:PropertyDefinition>
  </gml:dictionaryEntry>
  <gml:dictionaryEntry>
    <def:PropertyDefinition gml:id="xplan_BP_VerkehrsflaecheBesondererZweckbestimmung_GF">
      <gml:description>Maximal zulässige Geschossfläche.</gml:description>
      <gml:identifier codeSpace="urn:citgml">urn:xplan:element:xplan:BP_VerkehrsflaecheBesondererZweckbestimmung:attribute:GF</gml:identifier>
      <gml:name>xplan:GF</gml:name>
      <def:cardinality>0..1</def:cardinality>
      <def:valueTypeName>Area</def:valueTypeName>
      <def:type>attribute</def:type>
    </def:PropertyDefinition>
  </gml:dictionaryEntry>
  <gml:dictionaryEntry>
    <def:PropertyDefinition gml:id="xplan_BP_VerkehrsflaecheBesondererZweckbestimmung_GF_Ausn">
      <gml:description>Ausnahmsweise maximal zulässige Geschossfläche.</gml:description>
      <gml:identifier codeSpace="urn:citgml">urn:xplan:element:xplan:BP_VerkehrsflaecheBesondererZweckbestimmung:attribute:GF_Ausn</gml:identifier>
      <gml:name>xplan:GF_Ausn</gml:name>
      <def:cardinality>0..1</def:cardinality>
      <def:valueTypeName>Area</def:valueTypeName>
      <def:type>attribute</def:type>
    </def:PropertyDefinition>
  </gml:dictionaryEntry>
  <gml:dictionaryEntry>
    <def:PropertyDefinition gml:id="xplan_BP_VerkehrsflaecheBesondererZweckbestimmung_BMZmin">
      <gml:description>Minimal zulässige Baumassenzahl</gml:description>
      <gml:identifier codeSpace="urn:citgml">urn:xplan:element:xplan:BP_VerkehrsflaecheBesondererZweckbestimmung:attribute:BMZmin</gml:identifier>
      <gml:name>xplan:BMZmin</gml:name>
      <def:cardinality>0..1</def:cardinality>
      <def:valueTypeName>Decimal</def:valueTypeName>
      <def:type>attribute</def:type>
    </def:PropertyDefinition>
  </gml:dictionaryEntry>
  <gml:dictionaryEntry>
    <def:PropertyDefinition gml:id="xplan_BP_VerkehrsflaecheBesondererZweckbestimmung_BMZmax">
      <gml:description>Maximal zulässige Baumassenzahl bei einer Bereichsangabe. Das Attribut BMZmin muss ebenfalls spezifiziert werden.</gml:description>
      <gml:identifier codeSpace="urn:citgml">urn:xplan:element:xplan:BP_VerkehrsflaecheBesondererZweckbestimmung:attribute:BMZmax</gml:identifier>
      <gml:name>xplan:BMZmax</gml:name>
      <def:cardinality>0..1</def:cardinality>
      <def:valueTypeName>Decimal</def:valueTypeName>
      <def:type>attribute</def:type>
    </def:PropertyDefinition>
  </gml:dictionaryEntry>
  <gml:dictionaryEntry>
    <def:PropertyDefinition gml:id="xplan_BP_VerkehrsflaecheBesondererZweckbestimmung_BMZ">
      <gml:description>Maximal zulässige Baumassenzahl.</gml:description>
      <gml:identifier codeSpace="urn:citgml">urn:xplan:element:xplan:BP_VerkehrsflaecheBesondererZweckbestimmung:attribute:BMZ</gml:identifier>
      <gml:name>xplan:BMZ</gml:name>
      <def:cardinality>0..1</def:cardinality>
      <def:valueTypeName>Decimal</def:valueTypeName>
      <def:type>attribute</def:type>
    </def:PropertyDefinition>
  </gml:dictionaryEntry>
  <gml:dictionaryEntry>
    <def:PropertyDefinition gml:id="xplan_BP_VerkehrsflaecheBesondererZweckbestimmung_BMZ_Ausn">
      <gml:description>Ausnahmsweise maximal zulässige Baumassenzahl.</gml:description>
      <gml:identifier codeSpace="urn:citgml">urn:xplan:element:xplan:BP_VerkehrsflaecheBesondererZweckbestimmung:attribute:BMZ_Ausn</gml:identifier>
      <gml:name>xplan:BMZ_Ausn</gml:name>
      <def:cardinality>0..1</def:cardinality>
      <def:valueTypeName>Decimal</def:valueTypeName>
      <def:type>attribute</def:type>
    </def:PropertyDefinition>
  </gml:dictionaryEntry>
  <gml:dictionaryEntry>
    <def:PropertyDefinition gml:id="xplan_BP_VerkehrsflaecheBesondererZweckbestimmung_BMmin">
      <gml:description>Minimal zulässinge Baumasse.</gml:description>
      <gml:identifier codeSpace="urn:citgml">urn:xplan:element:xplan:BP_VerkehrsflaecheBesondererZweckbestimmung:attribute:BMmin</gml:identifier>
      <gml:name>xplan:BMmin</gml:name>
      <def:cardinality>0..1</def:cardinality>
      <def:valueTypeName>Volume</def:valueTypeName>
      <def:type>attribute</def:type>
    </def:PropertyDefinition>
  </gml:dictionaryEntry>
  <gml:dictionaryEntry>
    <def:PropertyDefinition gml:id="xplan_BP_VerkehrsflaecheBesondererZweckbestimmung_BMmax">
      <gml:description>Maximal zulässinge Baumasse bei einer Bereichsangabe. Das Attribut BMmin muss ebenfalls spezifiziert werden.</gml:description>
      <gml:identifier codeSpace="urn:citgml">urn:xplan:element:xplan:BP_VerkehrsflaecheBesondererZweckbestimmung:attribute:BMmax</gml:identifier>
      <gml:name>xplan:BMmax</gml:name>
      <def:cardinality>0..1</def:cardinality>
      <def:valueTypeName>Volume</def:valueTypeName>
      <def:type>attribute</def:type>
    </def:PropertyDefinition>
  </gml:dictionaryEntry>
  <gml:dictionaryEntry>
    <def:PropertyDefinition gml:id="xplan_BP_VerkehrsflaecheBesondererZweckbestimmung_BM">
      <gml:description>Maximal zulässige Baumasse.</gml:description>
      <gml:identifier codeSpace="urn:citgml">urn:xplan:element:xplan:BP_VerkehrsflaecheBesondererZweckbestimmung:attribute:BM</gml:identifier>
      <gml:name>xplan:BM</gml:name>
      <def:cardinality>0..1</def:cardinality>
      <def:valueTypeName>Volume</def:valueTypeName>
      <def:type>attribute</def:type>
    </def:PropertyDefinition>
  </gml:dictionaryEntry>
  <gml:dictionaryEntry>
    <def:PropertyDefinition gml:id="xplan_BP_VerkehrsflaecheBesondererZweckbestimmung_BM_Ausn">
      <gml:description>Ausnahmsweise maximal zulässige Baumasse.</gml:description>
      <gml:identifier codeSpace="urn:citgml">urn:xplan:element:xplan:BP_VerkehrsflaecheBesondererZweckbestimmung:attribute:BM_Ausn</gml:identifier>
      <gml:name>xplan:BM_Ausn</gml:name>
      <def:cardinality>0..1</def:cardinality>
      <def:valueTypeName>Volume</def:valueTypeName>
      <def:type>attribute</def:type>
    </def:PropertyDefinition>
  </gml:dictionaryEntry>
  <gml:dictionaryEntry>
    <def:PropertyDefinition gml:id="xplan_BP_VerkehrsflaecheBesondererZweckbestimmung_GRZmin">
      <gml:description>Minimal zulässige Grundflächenzahl.</gml:description>
      <gml:identifier codeSpace="urn:citgml">urn:xplan:element:xplan:BP_VerkehrsflaecheBesondererZweckbestimmung:attribute:GRZmin</gml:identifier>
      <gml:name>xplan:GRZmin</gml:name>
      <def:cardinality>0..1</def:cardinality>
      <def:valueTypeName>Decimal</def:valueTypeName>
      <def:type>attribute</def:type>
    </def:PropertyDefinition>
  </gml:dictionaryEntry>
  <gml:dictionaryEntry>
    <def:PropertyDefinition gml:id="xplan_BP_VerkehrsflaecheBesondererZweckbestimmung_GRZmax">
      <gml:description>Maximal zulässige Grundflächenzahl bei einer Bereichsangabe.  Das Attribut GRZmin muss ebenfalls spezifiziert werden.</gml:description>
      <gml:identifier codeSpace="urn:citgml">urn:xplan:element:xplan:BP_VerkehrsflaecheBesondererZweckbestimmung:attribute:GRZmax</gml:identifier>
      <gml:name>xplan:GRZmax</gml:name>
      <def:cardinality>0..1</def:cardinality>
      <def:valueTypeName>Decimal</def:valueTypeName>
      <def:type>attribute</def:type>
    </def:PropertyDefinition>
  </gml:dictionaryEntry>
  <gml:dictionaryEntry>
    <def:PropertyDefinition gml:id="xplan_BP_VerkehrsflaecheBesondererZweckbestimmung_GRZ">
      <gml:description>Maximal zulässige Grundflächenzahl</gml:description>
      <gml:identifier codeSpace="urn:citgml">urn:xplan:element:xplan:BP_VerkehrsflaecheBesondererZweckbestimmung:attribute:GRZ</gml:identifier>
      <gml:name>xplan:GRZ</gml:name>
      <def:cardinality>0..1</def:cardinality>
      <def:valueTypeName>Decimal</def:valueTypeName>
      <def:type>attribute</def:type>
    </def:PropertyDefinition>
  </gml:dictionaryEntry>
  <gml:dictionaryEntry>
    <def:PropertyDefinition gml:id="xplan_BP_VerkehrsflaecheBesondererZweckbestimmung_GRZ_Ausn">
      <gml:description>Ausnahmsweise maximal zulässige Grundflächenzahl.</gml:description>
      <gml:identifier codeSpace="urn:citgml">urn:xplan:element:xplan:BP_VerkehrsflaecheBesondererZweckbestimmung:attribute:GRZ_Ausn</gml:identifier>
      <gml:name>xplan:GRZ_Ausn</gml:name>
      <def:cardinality>0..1</def:cardinality>
      <def:valueTypeName>Decimal</def:valueTypeName>
      <def:type>attribute</def:type>
    </def:PropertyDefinition>
  </gml:dictionaryEntry>
  <gml:dictionaryEntry>
    <def:PropertyDefinition gml:id="xplan_BP_VerkehrsflaecheBesondererZweckbestimmung_GRmin">
      <gml:description>Minimal zulässige Grundfläche.</gml:description>
      <gml:identifier codeSpace="urn:citgml">urn:xplan:element:xplan:BP_VerkehrsflaecheBesondererZweckbestimmung:attribute:GRmin</gml:identifier>
      <gml:name>xplan:GRmin</gml:name>
      <def:cardinality>0..1</def:cardinality>
      <def:valueTypeName>Area</def:valueTypeName>
      <def:type>attribute</def:type>
    </def:PropertyDefinition>
  </gml:dictionaryEntry>
  <gml:dictionaryEntry>
    <def:PropertyDefinition gml:id="xplan_BP_VerkehrsflaecheBesondererZweckbestimmung_GRmax">
      <gml:description>Maximal zulässige Grundfläche bei einer Bereichsangabe. Das Attribut GRmin muss ebenfalls spezifiziert werden.</gml:description>
      <gml:identifier codeSpace="urn:citgml">urn:xplan:element:xplan:BP_VerkehrsflaecheBesondererZweckbestimmung:attribute:GRmax</gml:identifier>
      <gml:name>xplan:GRmax</gml:name>
      <def:cardinality>0..1</def:cardinality>
      <def:valueTypeName>Area</def:valueTypeName>
      <def:type>attribute</def:type>
    </def:PropertyDefinition>
  </gml:dictionaryEntry>
  <gml:dictionaryEntry>
    <def:PropertyDefinition gml:id="xplan_BP_VerkehrsflaecheBesondererZweckbestimmung_GR">
      <gml:description>Maximal zulässige Grundfläche.</gml:description>
      <gml:identifier codeSpace="urn:citgml">urn:xplan:element:xplan:BP_VerkehrsflaecheBesondererZweckbestimmung:attribute:GR</gml:identifier>
      <gml:name>xplan:GR</gml:name>
      <def:cardinality>0..1</def:cardinality>
      <def:valueTypeName>Area</def:valueTypeName>
      <def:type>attribute</def:type>
    </def:PropertyDefinition>
  </gml:dictionaryEntry>
  <gml:dictionaryEntry>
    <def:PropertyDefinition gml:id="xplan_BP_VerkehrsflaecheBesondererZweckbestimmung_GR_Ausn">
      <gml:description>Ausnahmsweise maximal zulässige Grundfläche.</gml:description>
      <gml:identifier codeSpace="urn:citgml">urn:xplan:element:xplan:BP_VerkehrsflaecheBesondererZweckbestimmung:attribute:GR_Ausn</gml:identifier>
      <gml:name>xplan:GR_Ausn</gml:name>
      <def:cardinality>0..1</def:cardinality>
      <def:valueTypeName>Area</def:valueTypeName>
      <def:type>attribute</def:type>
    </def:PropertyDefinition>
  </gml:dictionaryEntry>
  <gml:dictionaryEntry>
    <def:PropertyDefinition gml:id="xplan_BP_VerkehrsflaecheBesondererZweckbestimmung_Zmin">
      <gml:description>Minimal zulässige Zahl der oberirdischen Vollgeschosse.</gml:description>
      <gml:identifier codeSpace="urn:citgml">urn:xplan:element:xplan:BP_VerkehrsflaecheBesondererZweckbestimmung:attribute:Zmin</gml:identifier>
      <gml:name>xplan:Zmin</gml:name>
      <def:cardinality>0..1</def:cardinality>
      <def:valueTypeName>Integer</def:valueTypeName>
      <def:type>attribute</def:type>
    </def:PropertyDefinition>
  </gml:dictionaryEntry>
  <gml:dictionaryEntry>
    <def:PropertyDefinition gml:id="xplan_BP_VerkehrsflaecheBesondererZweckbestimmung_Zmax">
      <gml:description>Maximal zulässige Zahl der oberirdischen Vollgeschosse bei einer Bereichsangabe. Das Attribut Zmin muss ebenfalls belegt sein.</gml:description>
      <gml:identifier codeSpace="urn:citgml">urn:xplan:element:xplan:BP_VerkehrsflaecheBesondererZweckbestimmung:attribute:Zmax</gml:identifier>
      <gml:name>xplan:Zmax</gml:name>
      <def:cardinality>0..1</def:cardinality>
      <def:valueTypeName>Integer</def:valueTypeName>
      <def:type>attribute</def:type>
    </def:PropertyDefinition>
  </gml:dictionaryEntry>
  <gml:dictionaryEntry>
    <def:PropertyDefinition gml:id="xplan_BP_VerkehrsflaecheBesondererZweckbestimmung_Zzwingend">
      <gml:description>Zwingend vorgeschriebene Zahl der oberirdischen Vollgeschosse.</gml:description>
      <gml:identifier codeSpace="urn:citgml">urn:xplan:element:xplan:BP_VerkehrsflaecheBesondererZweckbestimmung:attribute:Zzwingend</gml:identifier>
      <gml:name>xplan:Zzwingend</gml:name>
      <def:cardinality>0..1</def:cardinality>
      <def:valueTypeName>Integer</def:valueTypeName>
      <def:type>attribute</def:type>
    </def:PropertyDefinition>
  </gml:dictionaryEntry>
  <gml:dictionaryEntry>
    <def:PropertyDefinition gml:id="xplan_BP_VerkehrsflaecheBesondererZweckbestimmung_Z">
      <gml:description>Maximalzahl der oberirdischen Vollgeschosse.</gml:description>
      <gml:identifier codeSpace="urn:citgml">urn:xplan:element:xplan:BP_VerkehrsflaecheBesondererZweckbestimmung:attribute:Z</gml:identifier>
      <gml:name>xplan:Z</gml:name>
      <def:cardinality>0..1</def:cardinality>
      <def:valueTypeName>Integer</def:valueTypeName>
      <def:type>attribute</def:type>
    </def:PropertyDefinition>
  </gml:dictionaryEntry>
  <gml:dictionaryEntry>
    <def:PropertyDefinition gml:id="xplan_BP_VerkehrsflaecheBesondererZweckbestimmung_Z_Ausn">
      <gml:description>Ausnahmsweise maximal zulässige Zahl der oberirdischen Vollgeschosse.</gml:description>
      <gml:identifier codeSpace="urn:citgml">urn:xplan:element:xplan:BP_VerkehrsflaecheBesondererZweckbestimmung:attribute:Z_Ausn</gml:identifier>
      <gml:name>xplan:Z_Ausn</gml:name>
      <def:cardinality>0..1</def:cardinality>
      <def:valueTypeName>Integer</def:valueTypeName>
      <def:type>attribute</def:type>
    </def:PropertyDefinition>
  </gml:dictionaryEntry>
  <gml:dictionaryEntry>
    <def:PropertyDefinition gml:id="xplan_BP_VerkehrsflaecheBesondererZweckbestimmung_Z_Staffel">
      <gml:description>Maximalzahl von oberirdischen zurückgesetzten Vollgeschossen als Staffelgeschoss..</gml:description>
      <gml:identifier codeSpace="urn:citgml">urn:xplan:element:xplan:BP_VerkehrsflaecheBesondererZweckbestimmung:attribute:Z_Staffel</gml:identifier>
      <gml:name>xplan:Z_Staffel</gml:name>
      <def:cardinality>0..1</def:cardinality>
      <def:valueTypeName>Integer</def:valueTypeName>
      <def:type>attribute</def:type>
    </def:PropertyDefinition>
  </gml:dictionaryEntry>
  <gml:dictionaryEntry>
    <def:PropertyDefinition gml:id="xplan_BP_VerkehrsflaecheBesondererZweckbestimmung_Z_Dach">
      <gml:description>Maximalzahl der zusätzlich erlaubten Dachgeschosse, die gleichzeitig Vollgeschosse sind.</gml:description>
      <gml:identifier codeSpace="urn:citgml">urn:xplan:element:xplan:BP_VerkehrsflaecheBesondererZweckbestimmung:attribute:Z_Dach</gml:identifier>
      <gml:name>xplan:Z_Dach</gml:name>
      <def:cardinality>0..1</def:cardinality>
      <def:valueTypeName>Integer</def:valueTypeName>
      <def:type>attribute</def:type>
    </def:PropertyDefinition>
  </gml:dictionaryEntry>
  <gml:dictionaryEntry>
    <def:PropertyDefinition gml:id="xplan_BP_VerkehrsflaecheBesondererZweckbestimmung_ZUmin">
      <gml:description>Minimal zulässige Zahl der unterirdischen Geschosse.</gml:description>
      <gml:identifier codeSpace="urn:citgml">urn:xplan:element:xplan:BP_VerkehrsflaecheBesondererZweckbestimmung:attribute:ZUmin</gml:identifier>
      <gml:name>xplan:ZUmin</gml:name>
      <def:cardinality>0..1</def:cardinality>
      <def:valueTypeName>Integer</def:valueTypeName>
      <def:type>attribute</def:type>
    </def:PropertyDefinition>
  </gml:dictionaryEntry>
  <gml:dictionaryEntry>
    <def:PropertyDefinition gml:id="xplan_BP_VerkehrsflaecheBesondererZweckbestimmung_ZUmax">
      <gml:description>Maximal zulässige Zahl der unterirdischen Geschosse bei einer Bereichsangabe. Das Attribut ZUmin muss ebenfalls belegt sein.</gml:description>
      <gml:identifier codeSpace="urn:citgml">urn:xplan:element:xplan:BP_VerkehrsflaecheBesondererZweckbestimmung:attribute:ZUmax</gml:identifier>
      <gml:name>xplan:ZUmax</gml:name>
      <def:cardinality>0..1</def:cardinality>
      <def:valueTypeName>Integer</def:valueTypeName>
      <def:type>attribute</def:type>
    </def:PropertyDefinition>
  </gml:dictionaryEntry>
  <gml:dictionaryEntry>
    <def:PropertyDefinition gml:id="xplan_BP_VerkehrsflaecheBesondererZweckbestimmung_ZUzwingend">
      <gml:description>Zwingend vorgeschriebene Zahl der unterirdischen Geschosse.</gml:description>
      <gml:identifier codeSpace="urn:citgml">urn:xplan:element:xplan:BP_VerkehrsflaecheBesondererZweckbestimmung:attribute:ZUzwingend</gml:identifier>
      <gml:name>xplan:ZUzwingend</gml:name>
      <def:cardinality>0..1</def:cardinality>
      <def:valueTypeName>Integer</def:valueTypeName>
      <def:type>attribute</def:type>
    </def:PropertyDefinition>
  </gml:dictionaryEntry>
  <gml:dictionaryEntry>
    <def:PropertyDefinition gml:id="xplan_BP_VerkehrsflaecheBesondererZweckbestimmung_ZU">
      <gml:description>Maximal zulässige Zahl der unterirdischen Geschosse.</gml:description>
      <gml:identifier codeSpace="urn:citgml">urn:xplan:element:xplan:BP_VerkehrsflaecheBesondererZweckbestimmung:attribute:ZU</gml:identifier>
      <gml:name>xplan:ZU</gml:name>
      <def:cardinality>0..1</def:cardinality>
      <def:valueTypeName>Integer</def:valueTypeName>
      <def:type>attribute</def:type>
    </def:PropertyDefinition>
  </gml:dictionaryEntry>
  <gml:dictionaryEntry>
    <def:PropertyDefinition gml:id="xplan_BP_VerkehrsflaecheBesondererZweckbestimmung_ZU_Ausn">
      <gml:description>Ausnahmsweise maximal zulässige Zahl der unterirdischen Geschosse.</gml:description>
      <gml:identifier codeSpace="urn:citgml">urn:xplan:element:xplan:BP_VerkehrsflaecheBesondererZweckbestimmung:attribute:ZU_Ausn</gml:identifier>
      <gml:name>xplan:ZU_Ausn</gml:name>
      <def:cardinality>0..1</def:cardinality>
      <def:valueTypeName>Integer</def:valueTypeName>
      <def:type>attribute</def:type>
    </def:PropertyDefinition>
  </gml:dictionaryEntry>
  <gml:dictionaryEntry>
    <def:PropertyDefinition gml:id="xplan_BP_VerkehrsflaecheBesondererZweckbestimmung_zweckbestimmung">
      <gml:description>Zweckbestimmung der Fläche</gml:description>
      <gml:identifier codeSpace="urn:citgml">urn:xplan:element:xplan:BP_VerkehrsflaecheBesondererZweckbestimmung:attribute:zweckbestimmung</gml:identifier>
      <gml:name>xplan:zweckbestimmung</gml:name>
      <gml:dictionaryEntry>
        <ListedValueDefinition gml:id="xplan_BP_VerkehrsflaecheBesondererZweckbestimmung_zweckbestimmung_BP_ZweckbestimmungStrassenverkehr_1000">
          <gml:description>Fläche für das Parken von Fahrzeugen</gml:description>
          <gml:identifier codeSpace="urn:citgml">urn:xplan:enum:xplan:BP_VerkehrsflaecheBesondererZweckbestimmung:zweckbestimmung:BP_ZweckbestimmungStrassenverkehr:1000</gml:identifier>
          <gml:name>Parkierungsflaeche</gml:name>
        </ListedValueDefinition>
      </gml:dictionaryEntry>
      <gml:dictionaryEntry>
        <ListedValueDefinition gml:id="xplan_BP_VerkehrsflaecheBesondererZweckbestimmung_zweckbestimmung_BP_ZweckbestimmungStrassenverkehr_1100">
          <gml:description>Fußgängerbereich</gml:description>
          <gml:identifier codeSpace="urn:citgml">urn:xplan:enum:xplan:BP_VerkehrsflaecheBesondererZweckbestimmung:zweckbestimmung:BP_ZweckbestimmungStrassenverkehr:1100</gml:identifier>
          <gml:name>Fussgaengerbereich</gml:name>
        </ListedValueDefinition>
      </gml:dictionaryEntry>
      <gml:dictionaryEntry>
        <ListedValueDefinition gml:id="xplan_BP_VerkehrsflaecheBesondererZweckbestimmung_zweckbestimmung_BP_ZweckbestimmungStrassenverkehr_1200">
          <gml:description>Verkehrsberuhigte Zone</gml:description>
          <gml:identifier codeSpace="urn:citgml">urn:xplan:enum:xplan:BP_VerkehrsflaecheBesondererZweckbestimmung:zweckbestimmung:BP_ZweckbestimmungStrassenverkehr:1200</gml:identifier>
          <gml:name>VerkehrsberuhigterBereich</gml:name>
        </ListedValueDefinition>
      </gml:dictionaryEntry>
      <gml:dictionaryEntry>
        <ListedValueDefinition gml:id="xplan_BP_VerkehrsflaecheBesondererZweckbestimmung_zweckbestimmung_BP_ZweckbestimmungStrassenverkehr_1300">
          <gml:description>Rad- und Fußweg</gml:description>
          <gml:identifier codeSpace="urn:citgml">urn:xplan:enum:xplan:BP_VerkehrsflaecheBesondererZweckbestimmung:zweckbestimmung:BP_ZweckbestimmungStrassenverkehr:1300</gml:identifier>
          <gml:name>RadFussweg</gml:name>
        </ListedValueDefinition>
      </gml:dictionaryEntry>
      <gml:dictionaryEntry>
        <ListedValueDefinition gml:id="xplan_BP_VerkehrsflaecheBesondererZweckbestimmung_zweckbestimmung_BP_ZweckbestimmungStrassenverkehr_1400">
          <gml:description>Reiner Radweg</gml:description>
          <gml:identifier codeSpace="urn:citgml">urn:xplan:enum:xplan:BP_VerkehrsflaecheBesondererZweckbestimmung:zweckbestimmung:BP_ZweckbestimmungStrassenverkehr:1400</gml:identifier>
          <gml:name>Radweg</gml:name>
        </ListedValueDefinition>
      </gml:dictionaryEntry>
      <gml:dictionaryEntry>
        <ListedValueDefinition gml:id="xplan_BP_VerkehrsflaecheBesondererZweckbestimmung_zweckbestimmung_BP_ZweckbestimmungStrassenverkehr_1500">
          <gml:description>Reiner Fußweg</gml:description>
          <gml:identifier codeSpace="urn:citgml">urn:xplan:enum:xplan:BP_VerkehrsflaecheBesondererZweckbestimmung:zweckbestimmung:BP_ZweckbestimmungStrassenverkehr:1500</gml:identifier>
          <gml:name>Fussweg</gml:name>
        </ListedValueDefinition>
      </gml:dictionaryEntry>
      <gml:dictionaryEntry>
        <ListedValueDefinition gml:id="xplan_BP_VerkehrsflaecheBesondererZweckbestimmung_zweckbestimmung_BP_ZweckbestimmungStrassenverkehr_1550">
          <gml:description>Wanderweg</gml:description>
          <gml:identifier codeSpace="urn:citgml">urn:xplan:enum:xplan:BP_VerkehrsflaecheBesondererZweckbestimmung:zweckbestimmung:BP_ZweckbestimmungStrassenverkehr:1550</gml:identifier>
          <gml:name>Wanderweg</gml:name>
        </ListedValueDefinition>
      </gml:dictionaryEntry>
      <gml:dictionaryEntry>
        <ListedValueDefinition gml:id="xplan_BP_VerkehrsflaecheBesondererZweckbestimmung_zweckbestimmung_BP_ZweckbestimmungStrassenverkehr_1580">
          <gml:identifier codeSpace="urn:citgml">urn:xplan:enum:xplan:BP_VerkehrsflaecheBesondererZweckbestimmung:zweckbestimmung:BP_ZweckbestimmungStrassenverkehr:1580</gml:identifier>
          <gml:name>Wirtschaftsweg</gml:name>
        </ListedValueDefinition>
      </gml:dictionaryEntry>
      <gml:dictionaryEntry>
        <ListedValueDefinition gml:id="xplan_BP_VerkehrsflaecheBesondererZweckbestimmung_zweckbestimmung_BP_ZweckbestimmungStrassenverkehr_1600">
          <gml:identifier codeSpace="urn:citgml">urn:xplan:enum:xplan:BP_VerkehrsflaecheBesondererZweckbestimmung:zweckbestimmung:BP_ZweckbestimmungStrassenverkehr:1600</gml:identifier>
          <gml:name>FahrradAbstellplatz</gml:name>
        </ListedValueDefinition>
      </gml:dictionaryEntry>
      <gml:dictionaryEntry>
        <ListedValueDefinition gml:id="xplan_BP_VerkehrsflaecheBesondererZweckbestimmung_zweckbestimmung_BP_ZweckbestimmungStrassenverkehr_1700">
          <gml:description>Brückenbereich</gml:description>
          <gml:identifier codeSpace="urn:citgml">urn:xplan:enum:xplan:BP_VerkehrsflaecheBesondererZweckbestimmung:zweckbestimmung:BP_ZweckbestimmungStrassenverkehr:1700</gml:identifier>
          <gml:name>UeberfuehrenderVerkehrsweg</gml:name>
        </ListedValueDefinition>
      </gml:dictionaryEntry>
      <gml:dictionaryEntry>
        <ListedValueDefinition gml:id="xplan_BP_VerkehrsflaecheBesondererZweckbestimmung_zweckbestimmung_BP_ZweckbestimmungStrassenverkehr_1800">
          <gml:identifier codeSpace="urn:citgml">urn:xplan:enum:xplan:BP_VerkehrsflaecheBesondererZweckbestimmung:zweckbestimmung:BP_ZweckbestimmungStrassenverkehr:1800</gml:identifier>
          <gml:name>UnterfuehrenderVerkehrsweg</gml:name>
        </ListedValueDefinition>
      </gml:dictionaryEntry>
      <gml:dictionaryEntry>
        <ListedValueDefinition gml:id="xplan_BP_VerkehrsflaecheBesondererZweckbestimmung_zweckbestimmung_BP_ZweckbestimmungStrassenverkehr_2000">
          <gml:identifier codeSpace="urn:citgml">urn:xplan:enum:xplan:BP_VerkehrsflaecheBesondererZweckbestimmung:zweckbestimmung:BP_ZweckbestimmungStrassenverkehr:2000</gml:identifier>
          <gml:name>P_RAnlage</gml:name>
        </ListedValueDefinition>
      </gml:dictionaryEntry>
      <gml:dictionaryEntry>
        <ListedValueDefinition gml:id="xplan_BP_VerkehrsflaecheBesondererZweckbestimmung_zweckbestimmung_BP_ZweckbestimmungStrassenverkehr_2100">
          <gml:identifier codeSpace="urn:citgml">urn:xplan:enum:xplan:BP_VerkehrsflaecheBesondererZweckbestimmung:zweckbestimmung:BP_ZweckbestimmungStrassenverkehr:2100</gml:identifier>
          <gml:name>Platz</gml:name>
        </ListedValueDefinition>
      </gml:dictionaryEntry>
      <gml:dictionaryEntry>
        <ListedValueDefinition gml:id="xplan_BP_VerkehrsflaecheBesondererZweckbestimmung_zweckbestimmung_BP_ZweckbestimmungStrassenverkehr_2200">
          <gml:identifier codeSpace="urn:citgml">urn:xplan:enum:xplan:BP_VerkehrsflaecheBesondererZweckbestimmung:zweckbestimmung:BP_ZweckbestimmungStrassenverkehr:2200</gml:identifier>
          <gml:name>Anschlussflaeche</gml:name>
        </ListedValueDefinition>
      </gml:dictionaryEntry>
      <gml:dictionaryEntry>
        <ListedValueDefinition gml:id="xplan_BP_VerkehrsflaecheBesondererZweckbestimmung_zweckbestimmung_BP_ZweckbestimmungStrassenverkehr_2300">
          <gml:identifier codeSpace="urn:citgml">urn:xplan:enum:xplan:BP_VerkehrsflaecheBesondererZweckbestimmung:zweckbestimmung:BP_ZweckbestimmungStrassenverkehr:2300</gml:identifier>
          <gml:name>LandwirtschaftlicherVerkehr</gml:name>
        </ListedValueDefinition>
      </gml:dictionaryEntry>
      <gml:dictionaryEntry>
        <ListedValueDefinition gml:id="xplan_BP_VerkehrsflaecheBesondererZweckbestimmung_zweckbestimmung_BP_ZweckbestimmungStrassenverkehr_2400">
          <gml:identifier codeSpace="urn:citgml">urn:xplan:enum:xplan:BP_VerkehrsflaecheBesondererZweckbestimmung:zweckbestimmung:BP_ZweckbestimmungStrassenverkehr:2400</gml:identifier>
          <gml:name>Verkehrsgruen</gml:name>
        </ListedValueDefinition>
      </gml:dictionaryEntry>
      <gml:dictionaryEntry>
        <ListedValueDefinition gml:id="xplan_BP_VerkehrsflaecheBesondererZweckbestimmung_zweckbestimmung_BP_ZweckbestimmungStrassenverkehr_9999">
          <gml:description>Sonstige Zweckbestimmung</gml:description>
          <gml:identifier codeSpace="urn:citgml">urn:xplan:enum:xplan:BP_VerkehrsflaecheBesondererZweckbestimmung:zweckbestimmung:BP_ZweckbestimmungStrassenverkehr:9999</gml:identifier>
          <gml:name>Sonstiges</gml:name>
        </ListedValueDefinition>
      </gml:dictionaryEntry>
      <def:cardinality>0..1</def:cardinality>
      <def:valueTypeName>BP_ZweckbestimmungStrassenverkehr</def:valueTypeName>
      <def:type>attribute</def:type>
    </def:PropertyDefinition>
  </gml:dictionaryEntry>
  <gml:dictionaryEntry>
    <def:PropertyDefinition gml:id="xplan_BP_VerkehrsflaecheBesondererZweckbestimmung_detaillierteZweckbestimmung">
      <gml:description>Über eine CodeList definierte  Zweckbestimmung der Fläche.
</gml:description>
      <gml:identifier codeSpace="urn:citgml">urn:xplan:element:xplan:BP_VerkehrsflaecheBesondererZweckbestimmung:attribute:detaillierteZweckbestimmung</gml:identifier>
      <gml:name>xplan:detaillierteZweckbestimmung</gml:name>
      <def:cardinality>0..1</def:cardinality>
      <def:valueTypeName>BP_DetailZweckbestStrassenverkehr</def:valueTypeName>
      <def:type>attribute</def:type>
    </def:PropertyDefinition>
  </gml:dictionaryEntry>
  <gml:dictionaryEntry>
    <def:PropertyDefinition gml:id="xplan_BP_VerkehrsflaecheBesondererZweckbestimmung_nutzungsform">
      <gml:description>Nutzungsform der Fläche.</gml:description>
      <gml:identifier codeSpace="urn:citgml">urn:xplan:element:xplan:BP_VerkehrsflaecheBesondererZweckbestimmung:attribute:nutzungsform</gml:identifier>
      <gml:name>xplan:nutzungsform</gml:name>
      <gml:dictionaryEntry>
        <ListedValueDefinition gml:id="xplan_BP_VerkehrsflaecheBesondererZweckbestimmung_nutzungsform_XP_Nutzungsform_1000">
          <gml:description>Private Nutzung</gml:description>
          <gml:identifier codeSpace="urn:citgml">urn:xplan:enum:xplan:BP_VerkehrsflaecheBesondererZweckbestimmung:nutzungsform:XP_Nutzungsform:1000</gml:identifier>
          <gml:name>Privat</gml:name>
        </ListedValueDefinition>
      </gml:dictionaryEntry>
      <gml:dictionaryEntry>
        <ListedValueDefinition gml:id="xplan_BP_VerkehrsflaecheBesondererZweckbestimmung_nutzungsform_XP_Nutzungsform_2000">
          <gml:description>Öffentliche Nutzung</gml:description>
          <gml:identifier codeSpace="urn:citgml">urn:xplan:enum:xplan:BP_VerkehrsflaecheBesondererZweckbestimmung:nutzungsform:XP_Nutzungsform:2000</gml:identifier>
          <gml:name>Oeffentlich</gml:name>
        </ListedValueDefinition>
      </gml:dictionaryEntry>
      <def:cardinality>0..1</def:cardinality>
      <def:valueTypeName>XP_Nutzungsform</def:valueTypeName>
      <def:type>attribute</def:type>
    </def:PropertyDefinition>
  </gml:dictionaryEntry>
  <gml:dictionaryEntry>
    <def:PropertyDefinition gml:id="xplan_BP_VerkehrsflaecheBesondererZweckbestimmung_begrenzungslinie">
      <gml:description />
      <gml:identifier codeSpace="urn:citgml">urn:xplan:element:xplan:BP_VerkehrsflaecheBesondererZweckbestimmung:association-role:begrenzungslinie</gml:identifier>
      <gml:name>xplan:begrenzungslinie</gml:name>
      <def:cardinality>0..*</def:cardinality>
      <def:valueTypeRef xlink:href="urn:xplan:element:xplan:BP_StrassenbegrenzungsLinie" />
      <def:type>associationRole</def:type>
    </def:PropertyDefinition>
  </gml:dictionaryEntry>
  <def:classification>featureType</def:classification>
  <def:supertypeRef xlink:href="urn:xplan:element:xplan:BP_Flaechenschlussobjekt" />
</TypeDefinition>