﻿<!--Erzeugt mit KIT (www.kit.edu) UmlToXmlTransformation-Software, Erstellungsdatum: 24.08.2012 09:29:24-->
<TypeDefinition xmlns="http://www.interactive-instruments.de/ShapeChange/Definitions/0.5" xmlns:def="http://www.interactive-instruments.de/ShapeChange/Definitions/0.5" xmlns:gml="http://www.opengis.net/gml/3.2" xmlns:xlink="http://www.w3.org/1999/xlink" xmlns:xsi="http://www.w3.org/2001/XMLSchema-instance" xsi:schemaLocation="http://www.interactive-instruments.de/ShapeChange/Definitions/0.5 ../xsd/ShapeChangeDefinitions.xsd" gml:id="xplanNSM_RP_VorbHochwasserschutz">
  <gml:description />
  <gml:identifier codeSpace="urn:citgml">urn:xplan:element:xplanNSM:RP_VorbHochwasserschutz</gml:identifier>
  <gml:name>xplanNSM:RP_VorbHochwasserschutz</gml:name>
  <gml:dictionaryEntry>
    <def:PropertyDefinition gml:id="xplanNSM_RP_VorbHochwasserschutz_zweckbestimmungHWS">
      <gml:description />
      <gml:identifier codeSpace="urn:citgml">urn:xplan:element:xplanNSM:RP_VorbHochwasserschutz:attribute:zweckbestimmungHWS</gml:identifier>
      <gml:name>xplanNSM:zweckbestimmungHWS</gml:name>
      <gml:dictionaryEntry>
        <ListedValueDefinition gml:id="xplanNSM_RP_VorbHochwasserschutz_zweckbestimmungHWS_RP_NSM_HochwasserschutzTypen_1000">
          <gml:identifier codeSpace="urn:citgml">urn:xplan:enum:xplanNSM:RP_VorbHochwasserschutz:zweckbestimmungHWS:RP_NSM_HochwasserschutzTypen:1000</gml:identifier>
          <gml:name>Sperrwerk</gml:name>
        </ListedValueDefinition>
      </gml:dictionaryEntry>
      <gml:dictionaryEntry>
        <ListedValueDefinition gml:id="xplanNSM_RP_VorbHochwasserschutz_zweckbestimmungHWS_RP_NSM_HochwasserschutzTypen_2000">
          <gml:identifier codeSpace="urn:citgml">urn:xplan:enum:xplanNSM:RP_VorbHochwasserschutz:zweckbestimmungHWS:RP_NSM_HochwasserschutzTypen:2000</gml:identifier>
          <gml:name>Hochwasserrueckhaltebecken_Bauwerk</gml:name>
        </ListedValueDefinition>
      </gml:dictionaryEntry>
      <gml:dictionaryEntry>
        <ListedValueDefinition gml:id="xplanNSM_RP_VorbHochwasserschutz_zweckbestimmungHWS_RP_NSM_HochwasserschutzTypen_3000">
          <gml:identifier codeSpace="urn:citgml">urn:xplan:enum:xplanNSM:RP_VorbHochwasserschutz:zweckbestimmungHWS:RP_NSM_HochwasserschutzTypen:3000</gml:identifier>
          <gml:name>Hochwasserrueckhaltebecken</gml:name>
        </ListedValueDefinition>
      </gml:dictionaryEntry>
      <gml:dictionaryEntry>
        <ListedValueDefinition gml:id="xplanNSM_RP_VorbHochwasserschutz_zweckbestimmungHWS_RP_NSM_HochwasserschutzTypen_4000">
          <gml:identifier codeSpace="urn:citgml">urn:xplan:enum:xplanNSM:RP_VorbHochwasserschutz:zweckbestimmungHWS:RP_NSM_HochwasserschutzTypen:4000</gml:identifier>
          <gml:name>Kuestenhochwasserschutz</gml:name>
        </ListedValueDefinition>
      </gml:dictionaryEntry>
      <gml:dictionaryEntry>
        <ListedValueDefinition gml:id="xplanNSM_RP_VorbHochwasserschutz_zweckbestimmungHWS_RP_NSM_HochwasserschutzTypen_5000">
          <gml:identifier codeSpace="urn:citgml">urn:xplan:enum:xplanNSM:RP_VorbHochwasserschutz:zweckbestimmungHWS:RP_NSM_HochwasserschutzTypen:5000</gml:identifier>
          <gml:name>Deich</gml:name>
        </ListedValueDefinition>
      </gml:dictionaryEntry>
      <gml:dictionaryEntry>
        <ListedValueDefinition gml:id="xplanNSM_RP_VorbHochwasserschutz_zweckbestimmungHWS_RP_NSM_HochwasserschutzTypen_5000">
          <gml:identifier codeSpace="urn:citgml">urn:xplan:enum:xplanNSM:RP_VorbHochwasserschutz:zweckbestimmungHWS:RP_NSM_HochwasserschutzTypen:5000</gml:identifier>
          <gml:name>Hochwasserschutz</gml:name>
        </ListedValueDefinition>
      </gml:dictionaryEntry>
      <gml:dictionaryEntry>
        <ListedValueDefinition gml:id="xplanNSM_RP_VorbHochwasserschutz_zweckbestimmungHWS_RP_NSM_HochwasserschutzTypen_6000">
          <gml:identifier codeSpace="urn:citgml">urn:xplan:enum:xplanNSM:RP_VorbHochwasserschutz:zweckbestimmungHWS:RP_NSM_HochwasserschutzTypen:6000</gml:identifier>
          <gml:name>HochwGefaehrderteKuestenniederung</gml:name>
        </ListedValueDefinition>
      </gml:dictionaryEntry>
      <def:cardinality>0..1</def:cardinality>
      <def:valueTypeName>RP_NSM_HochwasserschutzTypen</def:valueTypeName>
      <def:type>attribute</def:type>
    </def:PropertyDefinition>
  </gml:dictionaryEntry>
  <def:classification />
  <def:supertypeRef xlink:href="urn:xplan:element:xplan:RP_VorbHochwasserschutz" />
</TypeDefinition>