﻿<!--Erzeugt mit KIT (www.kit.edu) UmlToXmlTransformation-Software, Erstellungsdatum: 09.09.2013 11:09:09-->
<TypeDefinition xmlns="http://www.interactive-instruments.de/ShapeChange/Definitions/0.5" xmlns:def="http://www.interactive-instruments.de/ShapeChange/Definitions/0.5" xmlns:gml="http://www.opengis.net/gml/3.2" xmlns:xlink="http://www.w3.org/1999/xlink" xmlns:xsi="http://www.w3.org/2001/XMLSchema-instance" xsi:schemaLocation="http://www.interactive-instruments.de/ShapeChange/Definitions/0.5 ../xsd/ShapeChangeDefinitions.xsd" gml:id="xplan_RP_GemeindeFunktionSiedlungsentwicklung">
  <gml:description>Gemeindefunktion</gml:description>
  <gml:identifier codeSpace="urn:citgml">urn:xplan:element:xplan:RP_GemeindeFunktionSiedlungsentwicklung</gml:identifier>
  <gml:name>xplan:RP_GemeindeFunktionSiedlungsentwicklung</gml:name>
  <gml:dictionaryEntry>
    <def:PropertyDefinition gml:id="xplan_RP_GemeindeFunktionSiedlungsentwicklung_gebietsTyp">
      <gml:description>Klassifikation des Gebietes nach Bundesraumordnungsgesetz.</gml:description>
      <gml:identifier codeSpace="urn:citgml">urn:xplan:element:xplan:RP_GemeindeFunktionSiedlungsentwicklung:attribute:gebietsTyp</gml:identifier>
      <gml:name>xplan:gebietsTyp</gml:name>
      <gml:dictionaryEntry>
        <ListedValueDefinition gml:id="xplan_RP_GemeindeFunktionSiedlungsentwicklung_gebietsTyp_RP_GebietsTyp_1000">
          <gml:identifier codeSpace="urn:citgml">urn:xplan:enum:xplan:RP_GemeindeFunktionSiedlungsentwicklung:gebietsTyp:RP_GebietsTyp:1000</gml:identifier>
          <gml:name>Vorranggebiet</gml:name>
        </ListedValueDefinition>
      </gml:dictionaryEntry>
      <gml:dictionaryEntry>
        <ListedValueDefinition gml:id="xplan_RP_GemeindeFunktionSiedlungsentwicklung_gebietsTyp_RP_GebietsTyp_2000">
          <gml:identifier codeSpace="urn:citgml">urn:xplan:enum:xplan:RP_GemeindeFunktionSiedlungsentwicklung:gebietsTyp:RP_GebietsTyp:2000</gml:identifier>
          <gml:name>Vorbehaltsgebiet</gml:name>
        </ListedValueDefinition>
      </gml:dictionaryEntry>
      <gml:dictionaryEntry>
        <ListedValueDefinition gml:id="xplan_RP_GemeindeFunktionSiedlungsentwicklung_gebietsTyp_RP_GebietsTyp_3000">
          <gml:identifier codeSpace="urn:citgml">urn:xplan:enum:xplan:RP_GemeindeFunktionSiedlungsentwicklung:gebietsTyp:RP_GebietsTyp:3000</gml:identifier>
          <gml:name>Eignungsgebiet</gml:name>
        </ListedValueDefinition>
      </gml:dictionaryEntry>
      <gml:dictionaryEntry>
        <ListedValueDefinition gml:id="xplan_RP_GemeindeFunktionSiedlungsentwicklung_gebietsTyp_RP_GebietsTyp_4000">
          <gml:identifier codeSpace="urn:citgml">urn:xplan:enum:xplan:RP_GemeindeFunktionSiedlungsentwicklung:gebietsTyp:RP_GebietsTyp:4000</gml:identifier>
          <gml:name>Ausschlussgebiet</gml:name>
        </ListedValueDefinition>
      </gml:dictionaryEntry>
      <gml:dictionaryEntry>
        <ListedValueDefinition gml:id="xplan_RP_GemeindeFunktionSiedlungsentwicklung_gebietsTyp_RP_GebietsTyp_5000">
          <gml:identifier codeSpace="urn:citgml">urn:xplan:enum:xplan:RP_GemeindeFunktionSiedlungsentwicklung:gebietsTyp:RP_GebietsTyp:5000</gml:identifier>
          <gml:name>SonstigesGebiet</gml:name>
        </ListedValueDefinition>
      </gml:dictionaryEntry>
      <def:cardinality>0..*</def:cardinality>
      <def:valueTypeName>RP_GebietsTyp</def:valueTypeName>
      <def:type>attribute</def:type>
    </def:PropertyDefinition>
  </gml:dictionaryEntry>
  <gml:dictionaryEntry>
    <def:PropertyDefinition gml:id="xplan_RP_GemeindeFunktionSiedlungsentwicklung_funktion">
      <gml:description>Klassifikation von Gemeindefunktionen.</gml:description>
      <gml:identifier codeSpace="urn:citgml">urn:xplan:element:xplan:RP_GemeindeFunktionSiedlungsentwicklung:attribute:funktion</gml:identifier>
      <gml:name>xplan:funktion</gml:name>
      <gml:dictionaryEntry>
        <ListedValueDefinition gml:id="xplan_RP_GemeindeFunktionSiedlungsentwicklung_funktion_RP_Gemeindefunktionen_1000">
          <gml:identifier codeSpace="urn:citgml">urn:xplan:enum:xplan:RP_GemeindeFunktionSiedlungsentwicklung:funktion:RP_Gemeindefunktionen:1000</gml:identifier>
          <gml:name>Wohnen</gml:name>
        </ListedValueDefinition>
      </gml:dictionaryEntry>
      <gml:dictionaryEntry>
        <ListedValueDefinition gml:id="xplan_RP_GemeindeFunktionSiedlungsentwicklung_funktion_RP_Gemeindefunktionen_2000">
          <gml:identifier codeSpace="urn:citgml">urn:xplan:enum:xplan:RP_GemeindeFunktionSiedlungsentwicklung:funktion:RP_Gemeindefunktionen:2000</gml:identifier>
          <gml:name>Arbeiten</gml:name>
        </ListedValueDefinition>
      </gml:dictionaryEntry>
      <gml:dictionaryEntry>
        <ListedValueDefinition gml:id="xplan_RP_GemeindeFunktionSiedlungsentwicklung_funktion_RP_Gemeindefunktionen_3000">
          <gml:identifier codeSpace="urn:citgml">urn:xplan:enum:xplan:RP_GemeindeFunktionSiedlungsentwicklung:funktion:RP_Gemeindefunktionen:3000</gml:identifier>
          <gml:name>Landwirtschaft</gml:name>
        </ListedValueDefinition>
      </gml:dictionaryEntry>
      <gml:dictionaryEntry>
        <ListedValueDefinition gml:id="xplan_RP_GemeindeFunktionSiedlungsentwicklung_funktion_RP_Gemeindefunktionen_4000">
          <gml:identifier codeSpace="urn:citgml">urn:xplan:enum:xplan:RP_GemeindeFunktionSiedlungsentwicklung:funktion:RP_Gemeindefunktionen:4000</gml:identifier>
          <gml:name>Einzelhandel</gml:name>
        </ListedValueDefinition>
      </gml:dictionaryEntry>
      <gml:dictionaryEntry>
        <ListedValueDefinition gml:id="xplan_RP_GemeindeFunktionSiedlungsentwicklung_funktion_RP_Gemeindefunktionen_5000">
          <gml:identifier codeSpace="urn:citgml">urn:xplan:enum:xplan:RP_GemeindeFunktionSiedlungsentwicklung:funktion:RP_Gemeindefunktionen:5000</gml:identifier>
          <gml:name>ErholungFremdenverkehr</gml:name>
        </ListedValueDefinition>
      </gml:dictionaryEntry>
      <gml:dictionaryEntry>
        <ListedValueDefinition gml:id="xplan_RP_GemeindeFunktionSiedlungsentwicklung_funktion_RP_Gemeindefunktionen_6000">
          <gml:identifier codeSpace="urn:citgml">urn:xplan:enum:xplan:RP_GemeindeFunktionSiedlungsentwicklung:funktion:RP_Gemeindefunktionen:6000</gml:identifier>
          <gml:name>Verteidigung</gml:name>
        </ListedValueDefinition>
      </gml:dictionaryEntry>
      <gml:dictionaryEntry>
        <ListedValueDefinition gml:id="xplan_RP_GemeindeFunktionSiedlungsentwicklung_funktion_RP_Gemeindefunktionen_9999">
          <gml:identifier codeSpace="urn:citgml">urn:xplan:enum:xplan:RP_GemeindeFunktionSiedlungsentwicklung:funktion:RP_Gemeindefunktionen:9999</gml:identifier>
          <gml:name>SonstigeNutzung</gml:name>
        </ListedValueDefinition>
      </gml:dictionaryEntry>
      <def:cardinality>0..*</def:cardinality>
      <def:valueTypeName>RP_Gemeindefunktionen</def:valueTypeName>
      <def:type>attribute</def:type>
    </def:PropertyDefinition>
  </gml:dictionaryEntry>
  <def:classification>featureType</def:classification>
  <def:supertypeRef xlink:href="urn:xplan:element:xplan:RP_Geometrieobjekt" />
</TypeDefinition>