﻿<!--Erzeugt mit KIT (www.kit.edu) UmlToXmlTransformation-Software, Erstellungsdatum: 24.08.2012 09:29:23-->
<TypeDefinition xmlns="http://www.interactive-instruments.de/ShapeChange/Definitions/0.5" xmlns:def="http://www.interactive-instruments.de/ShapeChange/Definitions/0.5" xmlns:gml="http://www.opengis.net/gml/3.2" xmlns:xlink="http://www.w3.org/1999/xlink" xmlns:xsi="http://www.w3.org/2001/XMLSchema-instance" xsi:schemaLocation="http://www.interactive-instruments.de/ShapeChange/Definitions/0.5 ../xsd/ShapeChangeDefinitions.xsd" gml:id="xplanNSM_RP_Forstwirtschaft">
  <gml:description />
  <gml:identifier codeSpace="urn:citgml">urn:xplan:element:xplanNSM:RP_Forstwirtschaft</gml:identifier>
  <gml:name>xplanNSM:RP_Forstwirtschaft</gml:name>
  <gml:dictionaryEntry>
    <def:PropertyDefinition gml:id="xplanNSM_RP_Forstwirtschaft_zweckbestimmungFW">
      <gml:description />
      <gml:identifier codeSpace="urn:citgml">urn:xplan:element:xplanNSM:RP_Forstwirtschaft:attribute:zweckbestimmungFW</gml:identifier>
      <gml:name>xplanNSM:zweckbestimmungFW</gml:name>
      <gml:dictionaryEntry>
        <ListedValueDefinition gml:id="xplanNSM_RP_Forstwirtschaft_zweckbestimmungFW_RP_NSM_ZweckbestimmungForstwirtschaft_1000">
          <gml:identifier codeSpace="urn:citgml">urn:xplan:enum:xplanNSM:RP_Forstwirtschaft:zweckbestimmungFW:RP_NSM_ZweckbestimmungForstwirtschaft:1000</gml:identifier>
          <gml:name>Wald</gml:name>
        </ListedValueDefinition>
      </gml:dictionaryEntry>
      <gml:dictionaryEntry>
        <ListedValueDefinition gml:id="xplanNSM_RP_Forstwirtschaft_zweckbestimmungFW_RP_NSM_ZweckbestimmungForstwirtschaft_2000">
          <gml:identifier codeSpace="urn:citgml">urn:xplan:enum:xplanNSM:RP_Forstwirtschaft:zweckbestimmungFW:RP_NSM_ZweckbestimmungForstwirtschaft:2000</gml:identifier>
          <gml:name>VergroesserungDesWaldanteils</gml:name>
        </ListedValueDefinition>
      </gml:dictionaryEntry>
      <gml:dictionaryEntry>
        <ListedValueDefinition gml:id="xplanNSM_RP_Forstwirtschaft_zweckbestimmungFW_RP_NSM_ZweckbestimmungForstwirtschaft_3000">
          <gml:identifier codeSpace="urn:citgml">urn:xplan:enum:xplanNSM:RP_Forstwirtschaft:zweckbestimmungFW:RP_NSM_ZweckbestimmungForstwirtschaft:3000</gml:identifier>
          <gml:name>VonAufforstungFreizuhaltendsesGebiet</gml:name>
        </ListedValueDefinition>
      </gml:dictionaryEntry>
      <gml:dictionaryEntry>
        <ListedValueDefinition gml:id="xplanNSM_RP_Forstwirtschaft_zweckbestimmungFW_RP_NSM_ZweckbestimmungForstwirtschaft_4000">
          <gml:identifier codeSpace="urn:citgml">urn:xplan:enum:xplanNSM:RP_Forstwirtschaft:zweckbestimmungFW:RP_NSM_ZweckbestimmungForstwirtschaft:4000</gml:identifier>
          <gml:name>BesondereSchutzfunktionDesWaldes</gml:name>
        </ListedValueDefinition>
      </gml:dictionaryEntry>
      <def:cardinality>0..1</def:cardinality>
      <def:valueTypeName>RP_NSM_ZweckbestimmungForstwirtschaft</def:valueTypeName>
      <def:type>attribute</def:type>
    </def:PropertyDefinition>
  </gml:dictionaryEntry>
  <def:classification />
  <def:supertypeRef xlink:href="urn:xplan:element:xplan:RP_Forstwirtschaft" />
</TypeDefinition>