﻿<!--Erzeugt mit KIT (www.kit.edu) UmlToXmlTransformation-Software, Erstellungsdatum: 24.08.2012 09:29:25-->
<TypeDefinition xmlns="http://www.interactive-instruments.de/ShapeChange/Definitions/0.5" xmlns:def="http://www.interactive-instruments.de/ShapeChange/Definitions/0.5" xmlns:gml="http://www.opengis.net/gml/3.2" xmlns:xlink="http://www.w3.org/1999/xlink" xmlns:xsi="http://www.w3.org/2001/XMLSchema-instance" xsi:schemaLocation="http://www.interactive-instruments.de/ShapeChange/Definitions/0.5 ../xsd/ShapeChangeDefinitions.xsd" gml:id="xplanNSM_RP_Laermschutzbereich">
  <gml:description />
  <gml:identifier codeSpace="urn:citgml">urn:xplan:element:xplanNSM:RP_Laermschutzbereich</gml:identifier>
  <gml:name>xplanNSM:RP_Laermschutzbereich</gml:name>
  <gml:dictionaryEntry>
    <def:PropertyDefinition gml:id="xplanNSM_RP_Laermschutzbereich_typLS">
      <gml:description />
      <gml:identifier codeSpace="urn:citgml">urn:xplan:element:xplanNSM:RP_Laermschutzbereich:attribute:typLS</gml:identifier>
      <gml:name>xplanNSM:typLS</gml:name>
      <gml:dictionaryEntry>
        <ListedValueDefinition gml:id="xplanNSM_RP_Laermschutzbereich_typLS_RP_NSM_LaermschutzTypen_1000">
          <gml:identifier codeSpace="urn:citgml">urn:xplan:enum:xplanNSM:RP_Laermschutzbereich:typLS:RP_NSM_LaermschutzTypen:1000</gml:identifier>
          <gml:name>Laermbereich</gml:name>
        </ListedValueDefinition>
      </gml:dictionaryEntry>
      <gml:dictionaryEntry>
        <ListedValueDefinition gml:id="xplanNSM_RP_Laermschutzbereich_typLS_RP_NSM_LaermschutzTypen_1001">
          <gml:identifier codeSpace="urn:citgml">urn:xplan:enum:xplanNSM:RP_Laermschutzbereich:typLS:RP_NSM_LaermschutzTypen:1001</gml:identifier>
          <gml:name>Laermschutzbereich</gml:name>
        </ListedValueDefinition>
      </gml:dictionaryEntry>
      <gml:dictionaryEntry>
        <ListedValueDefinition gml:id="xplanNSM_RP_Laermschutzbereich_typLS_RP_NSM_LaermschutzTypen_2000">
          <gml:identifier codeSpace="urn:citgml">urn:xplan:enum:xplanNSM:RP_Laermschutzbereich:typLS:RP_NSM_LaermschutzTypen:2000</gml:identifier>
          <gml:name>Siedlungsbeschraenkungsbereich</gml:name>
        </ListedValueDefinition>
      </gml:dictionaryEntry>
      <gml:dictionaryEntry>
        <ListedValueDefinition gml:id="xplanNSM_RP_Laermschutzbereich_typLS_RP_NSM_LaermschutzTypen_2001">
          <gml:identifier codeSpace="urn:citgml">urn:xplan:enum:xplanNSM:RP_Laermschutzbereich:typLS:RP_NSM_LaermschutzTypen:2001</gml:identifier>
          <gml:name>Siedlungszaesur</gml:name>
        </ListedValueDefinition>
      </gml:dictionaryEntry>
      <def:cardinality>0..1</def:cardinality>
      <def:valueTypeName>RP_NSM_LaermschutzTypen</def:valueTypeName>
      <def:type>attribute</def:type>
    </def:PropertyDefinition>
  </gml:dictionaryEntry>
  <def:classification />
  <def:supertypeRef xlink:href="urn:xplan:element:xplan:RP_Laermschutzbereich" />
</TypeDefinition>