﻿<!--Erzeugt mit KIT (www.kit.edu) UmlToXmlTransformation-Software, Erstellungsdatum: 09.09.2013 11:08:54-->
<TypeDefinition xmlns="http://www.interactive-instruments.de/ShapeChange/Definitions/0.5" xmlns:def="http://www.interactive-instruments.de/ShapeChange/Definitions/0.5" xmlns:gml="http://www.opengis.net/gml/3.2" xmlns:xlink="http://www.w3.org/1999/xlink" xmlns:xsi="http://www.w3.org/2001/XMLSchema-instance" xsi:schemaLocation="http://www.interactive-instruments.de/ShapeChange/Definitions/0.5 ../xsd/ShapeChangeDefinitions.xsd" gml:id="xplan_FP_Plan">
  <gml:description>Klasse zur Modellierung eines gesamten Flächennutzungsplans.</gml:description>
  <gml:identifier codeSpace="urn:citgml">urn:xplan:element:xplan:FP_Plan</gml:identifier>
  <gml:name>xplan:FP_Plan</gml:name>
  <gml:dictionaryEntry>
    <def:PropertyDefinition gml:id="xplan_FP_Plan_gemeinde">
      <gml:description>Zuständige Gemeinde</gml:description>
      <gml:identifier codeSpace="urn:citgml">urn:xplan:element:xplan:FP_Plan:attribute:gemeinde</gml:identifier>
      <gml:name>xplan:gemeinde</gml:name>
      <def:cardinality>1..*</def:cardinality>
      <def:valueTypeRef xlink:href="urn:xplan:element:xplan:XP_Gemeinde" />
      <def:type>attribute</def:type>
    </def:PropertyDefinition>
  </gml:dictionaryEntry>
  <gml:dictionaryEntry>
    <def:PropertyDefinition gml:id="xplan_FP_Plan_plangeber">
      <gml:description>Für die Planung zuständige Institution
</gml:description>
      <gml:identifier codeSpace="urn:citgml">urn:xplan:element:xplan:FP_Plan:attribute:plangeber</gml:identifier>
      <gml:name>xplan:plangeber</gml:name>
      <def:cardinality>0..1</def:cardinality>
      <def:valueTypeRef xlink:href="urn:xplan:element:xplan:XP_Plangeber" />
      <def:type>attribute</def:type>
    </def:PropertyDefinition>
  </gml:dictionaryEntry>
  <gml:dictionaryEntry>
    <def:PropertyDefinition gml:id="xplan_FP_Plan_planArt">
      <gml:description>Typ des FPlans</gml:description>
      <gml:identifier codeSpace="urn:citgml">urn:xplan:element:xplan:FP_Plan:attribute:planArt</gml:identifier>
      <gml:name>xplan:planArt</gml:name>
      <gml:dictionaryEntry>
        <ListedValueDefinition gml:id="xplan_FP_Plan_planArt_FP_PlanArt_1000">
          <gml:description>Flächennutzungsplan nach §5 BauGB.</gml:description>
          <gml:identifier codeSpace="urn:citgml">urn:xplan:enum:xplan:FP_Plan:planArt:FP_PlanArt:1000</gml:identifier>
          <gml:name>FPlan</gml:name>
        </ListedValueDefinition>
      </gml:dictionaryEntry>
      <gml:dictionaryEntry>
        <ListedValueDefinition gml:id="xplan_FP_Plan_planArt_FP_PlanArt_2000">
          <gml:description>Gemeinsamer FPlan nach §204 BauGB</gml:description>
          <gml:identifier codeSpace="urn:citgml">urn:xplan:enum:xplan:FP_Plan:planArt:FP_PlanArt:2000</gml:identifier>
          <gml:name>GemeinsamerFPlan</gml:name>
        </ListedValueDefinition>
      </gml:dictionaryEntry>
      <gml:dictionaryEntry>
        <ListedValueDefinition gml:id="xplan_FP_Plan_planArt_FP_PlanArt_3000">
          <gml:description>Regionaler FPlan, der Zugleich die Funktion eines Regionalplans als auch eines gemeinssamen FPlans nach § 204 BauGB erfüllt.</gml:description>
          <gml:identifier codeSpace="urn:citgml">urn:xplan:enum:xplan:FP_Plan:planArt:FP_PlanArt:3000</gml:identifier>
          <gml:name>RegFPlan</gml:name>
        </ListedValueDefinition>
      </gml:dictionaryEntry>
      <gml:dictionaryEntry>
        <ListedValueDefinition gml:id="xplan_FP_Plan_planArt_FP_PlanArt_4000">
          <gml:description>Flächennutzungsplan mit regionalplanerischen Festlegungen (nur in HH, HB, B).</gml:description>
          <gml:identifier codeSpace="urn:citgml">urn:xplan:enum:xplan:FP_Plan:planArt:FP_PlanArt:4000</gml:identifier>
          <gml:name>FPlanRegPlan</gml:name>
        </ListedValueDefinition>
      </gml:dictionaryEntry>
      <gml:dictionaryEntry>
        <ListedValueDefinition gml:id="xplan_FP_Plan_planArt_FP_PlanArt_5000">
          <gml:description>Sachlicher Teilflächennutzungsplan nach §5 Abs. 2b BauGB.
</gml:description>
          <gml:identifier codeSpace="urn:citgml">urn:xplan:enum:xplan:FP_Plan:planArt:FP_PlanArt:5000</gml:identifier>
          <gml:name>SachlicherTeilplan</gml:name>
        </ListedValueDefinition>
      </gml:dictionaryEntry>
      <gml:dictionaryEntry>
        <ListedValueDefinition gml:id="xplan_FP_Plan_planArt_FP_PlanArt_9999">
          <gml:description>Sonstiger Flächennutzungsplan
</gml:description>
          <gml:identifier codeSpace="urn:citgml">urn:xplan:enum:xplan:FP_Plan:planArt:FP_PlanArt:9999</gml:identifier>
          <gml:name>Sonstiges</gml:name>
        </ListedValueDefinition>
      </gml:dictionaryEntry>
      <def:cardinality>0..1</def:cardinality>
      <def:valueTypeName>FP_PlanArt</def:valueTypeName>
      <def:type>attribute</def:type>
    </def:PropertyDefinition>
  </gml:dictionaryEntry>
  <gml:dictionaryEntry>
    <def:PropertyDefinition gml:id="xplan_FP_Plan_sonstPlanArt">
      <gml:description>Sonstige Art eines FPlans bei planArt == 9999.</gml:description>
      <gml:identifier codeSpace="urn:citgml">urn:xplan:element:xplan:FP_Plan:attribute:sonstPlanArt</gml:identifier>
      <gml:name>xplan:sonstPlanArt</gml:name>
      <def:cardinality>0..1</def:cardinality>
      <def:valueTypeName>FP_SonstPlanArt</def:valueTypeName>
      <def:type>attribute</def:type>
    </def:PropertyDefinition>
  </gml:dictionaryEntry>
  <gml:dictionaryEntry>
    <def:PropertyDefinition gml:id="xplan_FP_Plan_sachgebiet">
      <gml:description>Sachgebiet eines Teilflächennutzungsplans</gml:description>
      <gml:identifier codeSpace="urn:citgml">urn:xplan:element:xplan:FP_Plan:attribute:sachgebiet</gml:identifier>
      <gml:name>xplan:sachgebiet</gml:name>
      <def:cardinality>0..1</def:cardinality>
      <def:valueTypeRef xlink:href="urn:xplan:element::CharacterString" />
      <def:type>attribute</def:type>
    </def:PropertyDefinition>
  </gml:dictionaryEntry>
  <gml:dictionaryEntry>
    <def:PropertyDefinition gml:id="xplan_FP_Plan_verfahren">
      <gml:description>Verfahren nach dem ein FPlan aufgestellt oder geändert wird.</gml:description>
      <gml:identifier codeSpace="urn:citgml">urn:xplan:element:xplan:FP_Plan:attribute:verfahren</gml:identifier>
      <gml:name>xplan:verfahren</gml:name>
      <gml:dictionaryEntry>
        <ListedValueDefinition gml:id="xplan_FP_Plan_verfahren_FP_Verfahren_1000">
          <gml:description>Normales FPlan Verfahren.</gml:description>
          <gml:identifier codeSpace="urn:citgml">urn:xplan:enum:xplan:FP_Plan:verfahren:FP_Verfahren:1000</gml:identifier>
          <gml:name>Normal</gml:name>
        </ListedValueDefinition>
      </gml:dictionaryEntry>
      <gml:dictionaryEntry>
        <ListedValueDefinition gml:id="xplan_FP_Plan_verfahren_FP_Verfahren_2000">
          <gml:description>FPlan Verfahren nach Parag 13 BauGB.</gml:description>
          <gml:identifier codeSpace="urn:citgml">urn:xplan:enum:xplan:FP_Plan:verfahren:FP_Verfahren:2000</gml:identifier>
          <gml:name>Parag13</gml:name>
        </ListedValueDefinition>
      </gml:dictionaryEntry>
      <def:cardinality>0..1</def:cardinality>
      <def:valueTypeName>FP_Verfahren</def:valueTypeName>
      <def:type>attribute</def:type>
    </def:PropertyDefinition>
  </gml:dictionaryEntry>
  <gml:dictionaryEntry>
    <def:PropertyDefinition gml:id="xplan_FP_Plan_rechtsstand">
      <gml:description>Rechtsstand de4s Plans</gml:description>
      <gml:identifier codeSpace="urn:citgml">urn:xplan:element:xplan:FP_Plan:attribute:rechtsstand</gml:identifier>
      <gml:name>xplan:rechtsstand</gml:name>
      <gml:dictionaryEntry>
        <ListedValueDefinition gml:id="xplan_FP_Plan_rechtsstand_FP_Rechtsstand_1000">
          <gml:identifier codeSpace="urn:citgml">urn:xplan:enum:xplan:FP_Plan:rechtsstand:FP_Rechtsstand:1000</gml:identifier>
          <gml:name>Aufstellungsbeschluss</gml:name>
        </ListedValueDefinition>
      </gml:dictionaryEntry>
      <gml:dictionaryEntry>
        <ListedValueDefinition gml:id="xplan_FP_Plan_rechtsstand_FP_Rechtsstand_2000">
          <gml:identifier codeSpace="urn:citgml">urn:xplan:enum:xplan:FP_Plan:rechtsstand:FP_Rechtsstand:2000</gml:identifier>
          <gml:name>Entwurf</gml:name>
        </ListedValueDefinition>
      </gml:dictionaryEntry>
      <gml:dictionaryEntry>
        <ListedValueDefinition gml:id="xplan_FP_Plan_rechtsstand_FP_Rechtsstand_2100">
          <gml:identifier codeSpace="urn:citgml">urn:xplan:enum:xplan:FP_Plan:rechtsstand:FP_Rechtsstand:2100</gml:identifier>
          <gml:name>FruehzeitigeBehoerdenBeteiligung</gml:name>
        </ListedValueDefinition>
      </gml:dictionaryEntry>
      <gml:dictionaryEntry>
        <ListedValueDefinition gml:id="xplan_FP_Plan_rechtsstand_FP_Rechtsstand_2200">
          <gml:identifier codeSpace="urn:citgml">urn:xplan:enum:xplan:FP_Plan:rechtsstand:FP_Rechtsstand:2200</gml:identifier>
          <gml:name>FruehzeitigeOeffentlichkeitsBeteiligung</gml:name>
        </ListedValueDefinition>
      </gml:dictionaryEntry>
      <gml:dictionaryEntry>
        <ListedValueDefinition gml:id="xplan_FP_Plan_rechtsstand_FP_Rechtsstand_2300">
          <gml:identifier codeSpace="urn:citgml">urn:xplan:enum:xplan:FP_Plan:rechtsstand:FP_Rechtsstand:2300</gml:identifier>
          <gml:name>BehoerdenBeteiligung</gml:name>
        </ListedValueDefinition>
      </gml:dictionaryEntry>
      <gml:dictionaryEntry>
        <ListedValueDefinition gml:id="xplan_FP_Plan_rechtsstand_FP_Rechtsstand_2400">
          <gml:identifier codeSpace="urn:citgml">urn:xplan:enum:xplan:FP_Plan:rechtsstand:FP_Rechtsstand:2400</gml:identifier>
          <gml:name>OeffentlicheAuslegung</gml:name>
        </ListedValueDefinition>
      </gml:dictionaryEntry>
      <gml:dictionaryEntry>
        <ListedValueDefinition gml:id="xplan_FP_Plan_rechtsstand_FP_Rechtsstand_3000">
          <gml:identifier codeSpace="urn:citgml">urn:xplan:enum:xplan:FP_Plan:rechtsstand:FP_Rechtsstand:3000</gml:identifier>
          <gml:name>Plan</gml:name>
        </ListedValueDefinition>
      </gml:dictionaryEntry>
      <gml:dictionaryEntry>
        <ListedValueDefinition gml:id="xplan_FP_Plan_rechtsstand_FP_Rechtsstand_4000">
          <gml:identifier codeSpace="urn:citgml">urn:xplan:enum:xplan:FP_Plan:rechtsstand:FP_Rechtsstand:4000</gml:identifier>
          <gml:name>Wirksamkeit</gml:name>
        </ListedValueDefinition>
      </gml:dictionaryEntry>
      <gml:dictionaryEntry>
        <ListedValueDefinition gml:id="xplan_FP_Plan_rechtsstand_FP_Rechtsstand_5000">
          <gml:identifier codeSpace="urn:citgml">urn:xplan:enum:xplan:FP_Plan:rechtsstand:FP_Rechtsstand:5000</gml:identifier>
          <gml:name>Untergegangen</gml:name>
        </ListedValueDefinition>
      </gml:dictionaryEntry>
      <def:cardinality>0..1</def:cardinality>
      <def:valueTypeName>FP_Rechtsstand</def:valueTypeName>
      <def:type>attribute</def:type>
    </def:PropertyDefinition>
  </gml:dictionaryEntry>
  <gml:dictionaryEntry>
    <def:PropertyDefinition gml:id="xplan_FP_Plan_status">
      <gml:description>Über eine ExternalCodeList definierter Status des Plans.</gml:description>
      <gml:identifier codeSpace="urn:citgml">urn:xplan:element:xplan:FP_Plan:attribute:status</gml:identifier>
      <gml:name>xplan:status</gml:name>
      <def:cardinality>0..1</def:cardinality>
      <def:valueTypeName>FP_Status</def:valueTypeName>
      <def:type>attribute</def:type>
    </def:PropertyDefinition>
  </gml:dictionaryEntry>
  <gml:dictionaryEntry>
    <def:PropertyDefinition gml:id="xplan_FP_Plan_aufstellungsbeschlussDatum">
      <gml:description>Datum des Plan-Aufstellungsbeschlusses.</gml:description>
      <gml:identifier codeSpace="urn:citgml">urn:xplan:element:xplan:FP_Plan:attribute:aufstellungsbeschlussDatum</gml:identifier>
      <gml:name>xplan:aufstellungsbeschlussDatum</gml:name>
      <def:cardinality>0..1</def:cardinality>
      <def:valueTypeRef xlink:href="urn:xplan:element::Date" />
      <def:type>attribute</def:type>
    </def:PropertyDefinition>
  </gml:dictionaryEntry>
  <gml:dictionaryEntry>
    <def:PropertyDefinition gml:id="xplan_FP_Plan_auslegungsStartDatum">
      <gml:description>Start-Datum der öffentlichen Auslegung.</gml:description>
      <gml:identifier codeSpace="urn:citgml">urn:xplan:element:xplan:FP_Plan:attribute:auslegungsStartDatum</gml:identifier>
      <gml:name>xplan:auslegungsStartDatum</gml:name>
      <def:cardinality>0..1</def:cardinality>
      <def:valueTypeRef xlink:href="urn:xplan:element::Date" />
      <def:type>attribute</def:type>
    </def:PropertyDefinition>
  </gml:dictionaryEntry>
  <gml:dictionaryEntry>
    <def:PropertyDefinition gml:id="xplan_FP_Plan_auslegungsEndDatum">
      <gml:description>End-Datum der öffentlichen Auslegung.</gml:description>
      <gml:identifier codeSpace="urn:citgml">urn:xplan:element:xplan:FP_Plan:attribute:auslegungsEndDatum</gml:identifier>
      <gml:name>xplan:auslegungsEndDatum</gml:name>
      <def:cardinality>0..1</def:cardinality>
      <def:valueTypeRef xlink:href="urn:xplan:element::Date" />
      <def:type>attribute</def:type>
    </def:PropertyDefinition>
  </gml:dictionaryEntry>
  <gml:dictionaryEntry>
    <def:PropertyDefinition gml:id="xplan_FP_Plan_traegerbeteiligungsStartDatum">
      <gml:description>Start-Datum der Trägerbeteiligung.</gml:description>
      <gml:identifier codeSpace="urn:citgml">urn:xplan:element:xplan:FP_Plan:attribute:traegerbeteiligungsStartDatum</gml:identifier>
      <gml:name>xplan:traegerbeteiligungsStartDatum</gml:name>
      <def:cardinality>0..1</def:cardinality>
      <def:valueTypeRef xlink:href="urn:xplan:element::Date" />
      <def:type>attribute</def:type>
    </def:PropertyDefinition>
  </gml:dictionaryEntry>
  <gml:dictionaryEntry>
    <def:PropertyDefinition gml:id="xplan_FP_Plan_traegerbeteiligungsEndDatum">
      <gml:description>End-Datum der Trägerbeteiligung.</gml:description>
      <gml:identifier codeSpace="urn:citgml">urn:xplan:element:xplan:FP_Plan:attribute:traegerbeteiligungsEndDatum</gml:identifier>
      <gml:name>xplan:traegerbeteiligungsEndDatum</gml:name>
      <def:cardinality>0..1</def:cardinality>
      <def:valueTypeRef xlink:href="urn:xplan:element::Date" />
      <def:type>attribute</def:type>
    </def:PropertyDefinition>
  </gml:dictionaryEntry>
  <gml:dictionaryEntry>
    <def:PropertyDefinition gml:id="xplan_FP_Plan_aenderungenBisDatum">
      <gml:description>Datum, bis zu dem Änderungen des Plans berücksichtigt wurden.</gml:description>
      <gml:identifier codeSpace="urn:citgml">urn:xplan:element:xplan:FP_Plan:attribute:aenderungenBisDatum</gml:identifier>
      <gml:name>xplan:aenderungenBisDatum</gml:name>
      <def:cardinality>0..1</def:cardinality>
      <def:valueTypeRef xlink:href="urn:xplan:element::Date" />
      <def:type>attribute</def:type>
    </def:PropertyDefinition>
  </gml:dictionaryEntry>
  <gml:dictionaryEntry>
    <def:PropertyDefinition gml:id="xplan_FP_Plan_entwurfsbeschlussDatum">
      <gml:description>Datum des Entwurfsbeschlusses</gml:description>
      <gml:identifier codeSpace="urn:citgml">urn:xplan:element:xplan:FP_Plan:attribute:entwurfsbeschlussDatum</gml:identifier>
      <gml:name>xplan:entwurfsbeschlussDatum</gml:name>
      <def:cardinality>0..1</def:cardinality>
      <def:valueTypeRef xlink:href="urn:xplan:element::Date" />
      <def:type>attribute</def:type>
    </def:PropertyDefinition>
  </gml:dictionaryEntry>
  <gml:dictionaryEntry>
    <def:PropertyDefinition gml:id="xplan_FP_Plan_planbeschlussDatum">
      <gml:description>Datum des Planbeschlusses</gml:description>
      <gml:identifier codeSpace="urn:citgml">urn:xplan:element:xplan:FP_Plan:attribute:planbeschlussDatum</gml:identifier>
      <gml:name>xplan:planbeschlussDatum</gml:name>
      <def:cardinality>0..1</def:cardinality>
      <def:valueTypeRef xlink:href="urn:xplan:element::Date" />
      <def:type>attribute</def:type>
    </def:PropertyDefinition>
  </gml:dictionaryEntry>
  <gml:dictionaryEntry>
    <def:PropertyDefinition gml:id="xplan_FP_Plan_wirksamkeitsDatum">
      <gml:description>Datum der Wirksamkeit</gml:description>
      <gml:identifier codeSpace="urn:citgml">urn:xplan:element:xplan:FP_Plan:attribute:wirksamkeitsDatum</gml:identifier>
      <gml:name>xplan:wirksamkeitsDatum</gml:name>
      <def:cardinality>0..1</def:cardinality>
      <def:valueTypeRef xlink:href="urn:xplan:element::Date" />
      <def:type>attribute</def:type>
    </def:PropertyDefinition>
  </gml:dictionaryEntry>
  <gml:dictionaryEntry>
    <def:PropertyDefinition gml:id="xplan_FP_Plan_refUmweltbericht">
      <gml:description>Referenz auf den Umweltbericht.</gml:description>
      <gml:identifier codeSpace="urn:citgml">urn:xplan:element:xplan:FP_Plan:attribute:refUmweltbericht</gml:identifier>
      <gml:name>xplan:refUmweltbericht</gml:name>
      <def:cardinality>0..1</def:cardinality>
      <def:valueTypeRef xlink:href="urn:xplan:element:xplan:XP_ExterneReferenz" />
      <def:type>attribute</def:type>
    </def:PropertyDefinition>
  </gml:dictionaryEntry>
  <gml:dictionaryEntry>
    <def:PropertyDefinition gml:id="xplan_FP_Plan_refErlaeuterung">
      <gml:description>Referenz auf den Erläuterungsbericht..
</gml:description>
      <gml:identifier codeSpace="urn:citgml">urn:xplan:element:xplan:FP_Plan:attribute:refErlaeuterung</gml:identifier>
      <gml:name>xplan:refErlaeuterung</gml:name>
      <def:cardinality>0..1</def:cardinality>
      <def:valueTypeRef xlink:href="urn:xplan:element:xplan:XP_ExterneReferenz" />
      <def:type>attribute</def:type>
    </def:PropertyDefinition>
  </gml:dictionaryEntry>
  <gml:dictionaryEntry>
    <def:PropertyDefinition gml:id="xplan_FP_Plan_bereich">
      <gml:description />
      <gml:identifier codeSpace="urn:citgml">urn:xplan:element:xplan:FP_Plan:association-role:bereich</gml:identifier>
      <gml:name>xplan:bereich</gml:name>
      <def:cardinality>0..*</def:cardinality>
      <def:valueTypeRef xlink:href="urn:xplan:element:xplan:FP_Bereich" />
      <def:type>associationRole</def:type>
    </def:PropertyDefinition>
  </gml:dictionaryEntry>
  <def:classification>featureType</def:classification>
  <def:supertypeRef xlink:href="urn:xplan:element:xplan:XP_Plan" />
</TypeDefinition>