﻿<!--Erzeugt mit KIT (www.kit.edu) UmlToXmlTransformation-Software, Erstellungsdatum: 09.09.2013 11:09:13-->
<TypeDefinition xmlns="http://www.interactive-instruments.de/ShapeChange/Definitions/0.5" xmlns:def="http://www.interactive-instruments.de/ShapeChange/Definitions/0.5" xmlns:gml="http://www.opengis.net/gml/3.2" xmlns:xlink="http://www.w3.org/1999/xlink" xmlns:xsi="http://www.w3.org/2001/XMLSchema-instance" xsi:schemaLocation="http://www.interactive-instruments.de/ShapeChange/Definitions/0.5 ../xsd/ShapeChangeDefinitions.xsd" gml:id="xplan_LP_SchutzobjektInternatRecht">
  <gml:description>Sonstige Schutzgebiete und Schutzobjekte nach internationalem Recht.
</gml:description>
  <gml:identifier codeSpace="urn:citgml">urn:xplan:element:xplan:LP_SchutzobjektInternatRecht</gml:identifier>
  <gml:name>xplan:LP_SchutzobjektInternatRecht</gml:name>
  <gml:dictionaryEntry>
    <def:PropertyDefinition gml:id="xplan_LP_SchutzobjektInternatRecht_typ">
      <gml:description>Typ der Schutzgebietes.</gml:description>
      <gml:identifier codeSpace="urn:citgml">urn:xplan:element:xplan:LP_SchutzobjektInternatRecht:attribute:typ</gml:identifier>
      <gml:name>xplan:typ</gml:name>
      <gml:dictionaryEntry>
        <ListedValueDefinition gml:id="xplan_LP_SchutzobjektInternatRecht_typ_LP_InternatSchutzobjektTypen_1000">
          <gml:identifier codeSpace="urn:citgml">urn:xplan:enum:xplan:LP_SchutzobjektInternatRecht:typ:LP_InternatSchutzobjektTypen:1000</gml:identifier>
          <gml:name>Feuchtgebiet</gml:name>
        </ListedValueDefinition>
      </gml:dictionaryEntry>
      <gml:dictionaryEntry>
        <ListedValueDefinition gml:id="xplan_LP_SchutzobjektInternatRecht_typ_LP_InternatSchutzobjektTypen_2000">
          <gml:identifier codeSpace="urn:citgml">urn:xplan:enum:xplan:LP_SchutzobjektInternatRecht:typ:LP_InternatSchutzobjektTypen:2000</gml:identifier>
          <gml:name>VogelschutzgebietInternat</gml:name>
        </ListedValueDefinition>
      </gml:dictionaryEntry>
      <gml:dictionaryEntry>
        <ListedValueDefinition gml:id="xplan_LP_SchutzobjektInternatRecht_typ_LP_InternatSchutzobjektTypen_9999">
          <gml:identifier codeSpace="urn:citgml">urn:xplan:enum:xplan:LP_SchutzobjektInternatRecht:typ:LP_InternatSchutzobjektTypen:9999</gml:identifier>
          <gml:name>Sonstiges</gml:name>
        </ListedValueDefinition>
      </gml:dictionaryEntry>
      <def:cardinality>0..1</def:cardinality>
      <def:valueTypeName>LP_InternatSchutzobjektTypen</def:valueTypeName>
      <def:type>attribute</def:type>
    </def:PropertyDefinition>
  </gml:dictionaryEntry>
  <gml:dictionaryEntry>
    <def:PropertyDefinition gml:id="xplan_LP_SchutzobjektInternatRecht_sonstTyp">
      <gml:description>Über eine CodeList definierter zusätzlicher Typ des Schutzgebietes</gml:description>
      <gml:identifier codeSpace="urn:citgml">urn:xplan:element:xplan:LP_SchutzobjektInternatRecht:attribute:sonstTyp</gml:identifier>
      <gml:name>xplan:sonstTyp</gml:name>
      <def:cardinality>0..1</def:cardinality>
      <def:valueTypeName>LP_InternatSchutzobjektDetailTypen</def:valueTypeName>
      <def:type>attribute</def:type>
    </def:PropertyDefinition>
  </gml:dictionaryEntry>
  <gml:dictionaryEntry>
    <def:PropertyDefinition gml:id="xplan_LP_SchutzobjektInternatRecht_eigenname">
      <gml:description>Eigennahme des Schutzgebietes.</gml:description>
      <gml:identifier codeSpace="urn:citgml">urn:xplan:element:xplan:LP_SchutzobjektInternatRecht:attribute:eigenname</gml:identifier>
      <gml:name>xplan:eigenname</gml:name>
      <def:cardinality>0..1</def:cardinality>
      <def:valueTypeRef xlink:href="urn:xplan:element::CharacterString" />
      <def:type>attribute</def:type>
    </def:PropertyDefinition>
  </gml:dictionaryEntry>
  <def:classification>featureType</def:classification>
  <def:supertypeRef xlink:href="urn:xplan:element:xplan:LP_Geometrieobjekt" />
</TypeDefinition>