﻿<!--Erzeugt mit KIT (www.kit.edu) UmlToXmlTransformation-Software, Erstellungsdatum: 24.08.2012 09:29:25-->
<TypeDefinition xmlns="http://www.interactive-instruments.de/ShapeChange/Definitions/0.5" xmlns:def="http://www.interactive-instruments.de/ShapeChange/Definitions/0.5" xmlns:gml="http://www.opengis.net/gml/3.2" xmlns:xlink="http://www.w3.org/1999/xlink" xmlns:xsi="http://www.w3.org/2001/XMLSchema-instance" xsi:schemaLocation="http://www.interactive-instruments.de/ShapeChange/Definitions/0.5 ../xsd/ShapeChangeDefinitions.xsd" gml:id="xplanNSM_RP_NSM_Schienenverkehr">
  <gml:description />
  <gml:identifier codeSpace="urn:citgml">urn:xplan:element:xplanNSM:RP_NSM_Schienenverkehr</gml:identifier>
  <gml:name>xplanNSM:RP_NSM_Schienenverkehr</gml:name>
  <gml:dictionaryEntry>
    <def:PropertyDefinition gml:id="xplanNSM_RP_NSM_Schienenverkehr_schienenverkehrTyp">
      <gml:description />
      <gml:identifier codeSpace="urn:citgml">urn:xplan:element:xplanNSM:RP_NSM_Schienenverkehr:attribute:schienenverkehrTyp</gml:identifier>
      <gml:name>xplanNSM:schienenverkehrTyp</gml:name>
      <gml:dictionaryEntry>
        <ListedValueDefinition gml:id="xplanNSM_RP_NSM_Schienenverkehr_schienenverkehrTyp_RP_NSM_SchienenverkehrTypen_1000">
          <gml:identifier codeSpace="urn:citgml">urn:xplan:enum:xplanNSM:RP_NSM_Schienenverkehr:schienenverkehrTyp:RP_NSM_SchienenverkehrTypen:1000</gml:identifier>
          <gml:name>Haupteisenbahnstrecke</gml:name>
        </ListedValueDefinition>
      </gml:dictionaryEntry>
      <gml:dictionaryEntry>
        <ListedValueDefinition gml:id="xplanNSM_RP_NSM_Schienenverkehr_schienenverkehrTyp_RP_NSM_SchienenverkehrTypen_1001">
          <gml:identifier codeSpace="urn:citgml">urn:xplan:enum:xplanNSM:RP_NSM_Schienenverkehr:schienenverkehrTyp:RP_NSM_SchienenverkehrTypen:1001</gml:identifier>
          <gml:name>Haupteisenbahnstrecke_Zwei_Mehrgleisig</gml:name>
        </ListedValueDefinition>
      </gml:dictionaryEntry>
      <gml:dictionaryEntry>
        <ListedValueDefinition gml:id="xplanNSM_RP_NSM_Schienenverkehr_schienenverkehrTyp_RP_NSM_SchienenverkehrTypen_1002">
          <gml:identifier codeSpace="urn:citgml">urn:xplan:enum:xplanNSM:RP_NSM_Schienenverkehr:schienenverkehrTyp:RP_NSM_SchienenverkehrTypen:1002</gml:identifier>
          <gml:name>Haupteisenbahnstrecke_Eingleisig</gml:name>
        </ListedValueDefinition>
      </gml:dictionaryEntry>
      <gml:dictionaryEntry>
        <ListedValueDefinition gml:id="xplanNSM_RP_NSM_Schienenverkehr_schienenverkehrTyp_RP_NSM_SchienenverkehrTypen_1003">
          <gml:identifier codeSpace="urn:citgml">urn:xplan:enum:xplanNSM:RP_NSM_Schienenverkehr:schienenverkehrTyp:RP_NSM_SchienenverkehrTypen:1003</gml:identifier>
          <gml:name>GrossraeumigesSchienennetz</gml:name>
        </ListedValueDefinition>
      </gml:dictionaryEntry>
      <gml:dictionaryEntry>
        <ListedValueDefinition gml:id="xplanNSM_RP_NSM_Schienenverkehr_schienenverkehrTyp_RP_NSM_SchienenverkehrTypen_1004">
          <gml:identifier codeSpace="urn:citgml">urn:xplan:enum:xplanNSM:RP_NSM_Schienenverkehr:schienenverkehrTyp:RP_NSM_SchienenverkehrTypen:1004</gml:identifier>
          <gml:name>UeberregionalesSchienennetz</gml:name>
        </ListedValueDefinition>
      </gml:dictionaryEntry>
      <gml:dictionaryEntry>
        <ListedValueDefinition gml:id="xplanNSM_RP_NSM_Schienenverkehr_schienenverkehrTyp_RP_NSM_SchienenverkehrTypen_2000">
          <gml:identifier codeSpace="urn:citgml">urn:xplan:enum:xplanNSM:RP_NSM_Schienenverkehr:schienenverkehrTyp:RP_NSM_SchienenverkehrTypen:2000</gml:identifier>
          <gml:name>SonstigeEisenbahnstrecke</gml:name>
        </ListedValueDefinition>
      </gml:dictionaryEntry>
      <gml:dictionaryEntry>
        <ListedValueDefinition gml:id="xplanNSM_RP_NSM_Schienenverkehr_schienenverkehrTyp_RP_NSM_SchienenverkehrTypen_2001">
          <gml:identifier codeSpace="urn:citgml">urn:xplan:enum:xplanNSM:RP_NSM_Schienenverkehr:schienenverkehrTyp:RP_NSM_SchienenverkehrTypen:2001</gml:identifier>
          <gml:name>RegionalesSchienennetz</gml:name>
        </ListedValueDefinition>
      </gml:dictionaryEntry>
      <gml:dictionaryEntry>
        <ListedValueDefinition gml:id="xplanNSM_RP_NSM_Schienenverkehr_schienenverkehrTyp_RP_NSM_SchienenverkehrTypen_2002">
          <gml:identifier codeSpace="urn:citgml">urn:xplan:enum:xplanNSM:RP_NSM_Schienenverkehr:schienenverkehrTyp:RP_NSM_SchienenverkehrTypen:2002</gml:identifier>
          <gml:name>OhneBetrieb_Trassensicherung</gml:name>
        </ListedValueDefinition>
      </gml:dictionaryEntry>
      <gml:dictionaryEntry>
        <ListedValueDefinition gml:id="xplanNSM_RP_NSM_Schienenverkehr_schienenverkehrTyp_RP_NSM_SchienenverkehrTypen_3000">
          <gml:identifier codeSpace="urn:citgml">urn:xplan:enum:xplanNSM:RP_NSM_Schienenverkehr:schienenverkehrTyp:RP_NSM_SchienenverkehrTypen:3000</gml:identifier>
          <gml:name>Stadtbahn</gml:name>
        </ListedValueDefinition>
      </gml:dictionaryEntry>
      <gml:dictionaryEntry>
        <ListedValueDefinition gml:id="xplanNSM_RP_NSM_Schienenverkehr_schienenverkehrTyp_RP_NSM_SchienenverkehrTypen_4000">
          <gml:identifier codeSpace="urn:citgml">urn:xplan:enum:xplanNSM:RP_NSM_Schienenverkehr:schienenverkehrTyp:RP_NSM_SchienenverkehrTypen:4000</gml:identifier>
          <gml:name>AnschlussgleisFuerIndustrieUndGewerbe</gml:name>
        </ListedValueDefinition>
      </gml:dictionaryEntry>
      <gml:dictionaryEntry>
        <ListedValueDefinition gml:id="xplanNSM_RP_NSM_Schienenverkehr_schienenverkehrTyp_RP_NSM_SchienenverkehrTypen_5000">
          <gml:identifier codeSpace="urn:citgml">urn:xplan:enum:xplanNSM:RP_NSM_Schienenverkehr:schienenverkehrTyp:RP_NSM_SchienenverkehrTypen:5000</gml:identifier>
          <gml:name>BahnhofMitFernverkehrsfunktion</gml:name>
        </ListedValueDefinition>
      </gml:dictionaryEntry>
      <gml:dictionaryEntry>
        <ListedValueDefinition gml:id="xplanNSM_RP_NSM_Schienenverkehr_schienenverkehrTyp_RP_NSM_SchienenverkehrTypen_6000">
          <gml:identifier codeSpace="urn:citgml">urn:xplan:enum:xplanNSM:RP_NSM_Schienenverkehr:schienenverkehrTyp:RP_NSM_SchienenverkehrTypen:6000</gml:identifier>
          <gml:name>BahnhofMitVerknuepfungsfunktionFuerOEPNV</gml:name>
        </ListedValueDefinition>
      </gml:dictionaryEntry>
      <gml:dictionaryEntry>
        <ListedValueDefinition gml:id="xplanNSM_RP_NSM_Schienenverkehr_schienenverkehrTyp_RP_NSM_SchienenverkehrTypen_7000">
          <gml:identifier codeSpace="urn:citgml">urn:xplan:enum:xplanNSM:RP_NSM_Schienenverkehr:schienenverkehrTyp:RP_NSM_SchienenverkehrTypen:7000</gml:identifier>
          <gml:name>BahnhofHaltepunkt</gml:name>
        </ListedValueDefinition>
      </gml:dictionaryEntry>
      <gml:dictionaryEntry>
        <ListedValueDefinition gml:id="xplanNSM_RP_NSM_Schienenverkehr_schienenverkehrTyp_RP_NSM_SchienenverkehrTypen_8000">
          <gml:identifier codeSpace="urn:citgml">urn:xplan:enum:xplanNSM:RP_NSM_Schienenverkehr:schienenverkehrTyp:RP_NSM_SchienenverkehrTypen:8000</gml:identifier>
          <gml:name>ElektrischerBetrieb</gml:name>
        </ListedValueDefinition>
      </gml:dictionaryEntry>
      <gml:dictionaryEntry>
        <ListedValueDefinition gml:id="xplanNSM_RP_NSM_Schienenverkehr_schienenverkehrTyp_RP_NSM_SchienenverkehrTypen_8001">
          <gml:identifier codeSpace="urn:citgml">urn:xplan:enum:xplanNSM:RP_NSM_Schienenverkehr:schienenverkehrTyp:RP_NSM_SchienenverkehrTypen:8001</gml:identifier>
          <gml:name>ZuElektrifizieren</gml:name>
        </ListedValueDefinition>
      </gml:dictionaryEntry>
      <gml:dictionaryEntry>
        <ListedValueDefinition gml:id="xplanNSM_RP_NSM_Schienenverkehr_schienenverkehrTyp_RP_NSM_SchienenverkehrTypen_8002">
          <gml:identifier codeSpace="urn:citgml">urn:xplan:enum:xplanNSM:RP_NSM_Schienenverkehr:schienenverkehrTyp:RP_NSM_SchienenverkehrTypen:8002</gml:identifier>
          <gml:name>VerbesserungLeistungsfaehigkeit</gml:name>
        </ListedValueDefinition>
      </gml:dictionaryEntry>
      <gml:dictionaryEntry>
        <ListedValueDefinition gml:id="xplanNSM_RP_NSM_Schienenverkehr_schienenverkehrTyp_RP_NSM_SchienenverkehrTypen_9000">
          <gml:identifier codeSpace="urn:citgml">urn:xplan:enum:xplanNSM:RP_NSM_Schienenverkehr:schienenverkehrTyp:RP_NSM_SchienenverkehrTypen:9000</gml:identifier>
          <gml:name>ParkAndRide_BikeAndRide</gml:name>
        </ListedValueDefinition>
      </gml:dictionaryEntry>
      <gml:dictionaryEntry>
        <ListedValueDefinition gml:id="xplanNSM_RP_NSM_Schienenverkehr_schienenverkehrTyp_RP_NSM_SchienenverkehrTypen_10000">
          <gml:identifier codeSpace="urn:citgml">urn:xplan:enum:xplanNSM:RP_NSM_Schienenverkehr:schienenverkehrTyp:RP_NSM_SchienenverkehrTypen:10000</gml:identifier>
          <gml:name>Infrastrukturkorridor</gml:name>
        </ListedValueDefinition>
      </gml:dictionaryEntry>
      <def:cardinality>0..1</def:cardinality>
      <def:valueTypeName>RP_NSM_SchienenverkehrTypen</def:valueTypeName>
      <def:type>attribute</def:type>
    </def:PropertyDefinition>
  </gml:dictionaryEntry>
  <gml:dictionaryEntry>
    <def:PropertyDefinition gml:id="xplanNSM_RP_NSM_Schienenverkehr_sonstTyp">
      <gml:description />
      <gml:identifier codeSpace="urn:citgml">urn:xplan:element:xplanNSM:RP_NSM_Schienenverkehr:attribute:sonstTyp</gml:identifier>
      <gml:name>xplanNSM:sonstTyp</gml:name>
      <def:cardinality>0..1</def:cardinality>
      <def:valueTypeName>RP_NSM_SonstSchienenverkehrTypen</def:valueTypeName>
      <def:type>attribute</def:type>
    </def:PropertyDefinition>
  </gml:dictionaryEntry>
  <gml:dictionaryEntry>
    <def:PropertyDefinition gml:id="xplanNSM_RP_NSM_Schienenverkehr_status">
      <gml:description />
      <gml:identifier codeSpace="urn:citgml">urn:xplan:element:xplanNSM:RP_NSM_Schienenverkehr:attribute:status</gml:identifier>
      <gml:name>xplanNSM:status</gml:name>
      <gml:dictionaryEntry>
        <ListedValueDefinition gml:id="xplanNSM_RP_NSM_Schienenverkehr_status_RP_NSM_SchienenverkehrStatus_1000">
          <gml:identifier codeSpace="urn:citgml">urn:xplan:enum:xplanNSM:RP_NSM_Schienenverkehr:status:RP_NSM_SchienenverkehrStatus:1000</gml:identifier>
          <gml:name>Bestand</gml:name>
        </ListedValueDefinition>
      </gml:dictionaryEntry>
      <gml:dictionaryEntry>
        <ListedValueDefinition gml:id="xplanNSM_RP_NSM_Schienenverkehr_status_RP_NSM_SchienenverkehrStatus_2000">
          <gml:identifier codeSpace="urn:citgml">urn:xplan:enum:xplanNSM:RP_NSM_Schienenverkehr:status:RP_NSM_SchienenverkehrStatus:2000</gml:identifier>
          <gml:name>Geplant</gml:name>
        </ListedValueDefinition>
      </gml:dictionaryEntry>
      <def:cardinality>0..1</def:cardinality>
      <def:valueTypeName>RP_NSM_SchienenverkehrStatus</def:valueTypeName>
      <def:type>attribute</def:type>
    </def:PropertyDefinition>
  </gml:dictionaryEntry>
  <gml:dictionaryEntry>
    <def:PropertyDefinition gml:id="xplanNSM_RP_NSM_Schienenverkehr_bezeichnung">
      <gml:description />
      <gml:identifier codeSpace="urn:citgml">urn:xplan:element:xplanNSM:RP_NSM_Schienenverkehr:attribute:bezeichnung</gml:identifier>
      <gml:name>xplanNSM:bezeichnung</gml:name>
      <def:cardinality>0..1</def:cardinality>
      <def:valueTypeName>CharacterString</def:valueTypeName>
      <def:type>attribute</def:type>
    </def:PropertyDefinition>
  </gml:dictionaryEntry>
  <def:classification>featureType</def:classification>
  <def:supertypeRef xlink:href="urn:xplan:element:xplan:RP_Verkehr" />
</TypeDefinition>