﻿<!--Erzeugt mit KIT (www.kit.edu) UmlToXmlTransformation-Software, Erstellungsdatum: 09.09.2013 11:09:00-->
<TypeDefinition xmlns="http://www.interactive-instruments.de/ShapeChange/Definitions/0.5" xmlns:def="http://www.interactive-instruments.de/ShapeChange/Definitions/0.5" xmlns:gml="http://www.opengis.net/gml/3.2" xmlns:xlink="http://www.w3.org/1999/xlink" xmlns:xsi="http://www.w3.org/2001/XMLSchema-instance" xsi:schemaLocation="http://www.interactive-instruments.de/ShapeChange/Definitions/0.5 ../xsd/ShapeChangeDefinitions.xsd" gml:id="xplan_FP_SchutzPflegeEntwicklung">
  <gml:description>Umgrenzung von Flächen für Maßnahmen zum Schutz, zur Pflege und zur Entwicklung von Natur und Landschaft (§5 Abs. 2, Nr. 10 BauGB)
</gml:description>
  <gml:identifier codeSpace="urn:citgml">urn:xplan:element:xplan:FP_SchutzPflegeEntwicklung</gml:identifier>
  <gml:name>xplan:FP_SchutzPflegeEntwicklung</gml:name>
  <gml:dictionaryEntry>
    <def:PropertyDefinition gml:id="xplan_FP_SchutzPflegeEntwicklung_ziel">
      <gml:description>Unterscheidung nach den Zielen "Schutz, Pflege" und "Entwicklung".</gml:description>
      <gml:identifier codeSpace="urn:citgml">urn:xplan:element:xplan:FP_SchutzPflegeEntwicklung:attribute:ziel</gml:identifier>
      <gml:name>xplan:ziel</gml:name>
      <gml:dictionaryEntry>
        <ListedValueDefinition gml:id="xplan_FP_SchutzPflegeEntwicklung_ziel_XP_SPEZiele_1000">
          <gml:identifier codeSpace="urn:citgml">urn:xplan:enum:xplan:FP_SchutzPflegeEntwicklung:ziel:XP_SPEZiele:1000</gml:identifier>
          <gml:name>SchutzPflege</gml:name>
        </ListedValueDefinition>
      </gml:dictionaryEntry>
      <gml:dictionaryEntry>
        <ListedValueDefinition gml:id="xplan_FP_SchutzPflegeEntwicklung_ziel_XP_SPEZiele_2000">
          <gml:identifier codeSpace="urn:citgml">urn:xplan:enum:xplan:FP_SchutzPflegeEntwicklung:ziel:XP_SPEZiele:2000</gml:identifier>
          <gml:name>Entwicklung</gml:name>
        </ListedValueDefinition>
      </gml:dictionaryEntry>
      <gml:dictionaryEntry>
        <ListedValueDefinition gml:id="xplan_FP_SchutzPflegeEntwicklung_ziel_XP_SPEZiele_3000">
          <gml:identifier codeSpace="urn:citgml">urn:xplan:enum:xplan:FP_SchutzPflegeEntwicklung:ziel:XP_SPEZiele:3000</gml:identifier>
          <gml:name>Anlage</gml:name>
        </ListedValueDefinition>
      </gml:dictionaryEntry>
      <gml:dictionaryEntry>
        <ListedValueDefinition gml:id="xplan_FP_SchutzPflegeEntwicklung_ziel_XP_SPEZiele_4000">
          <gml:identifier codeSpace="urn:citgml">urn:xplan:enum:xplan:FP_SchutzPflegeEntwicklung:ziel:XP_SPEZiele:4000</gml:identifier>
          <gml:name>SchutzPflegeEntwicklung</gml:name>
        </ListedValueDefinition>
      </gml:dictionaryEntry>
      <gml:dictionaryEntry>
        <ListedValueDefinition gml:id="xplan_FP_SchutzPflegeEntwicklung_ziel_XP_SPEZiele_9999">
          <gml:identifier codeSpace="urn:citgml">urn:xplan:enum:xplan:FP_SchutzPflegeEntwicklung:ziel:XP_SPEZiele:9999</gml:identifier>
          <gml:name>Sonstiges</gml:name>
        </ListedValueDefinition>
      </gml:dictionaryEntry>
      <def:cardinality>0..1</def:cardinality>
      <def:valueTypeName>XP_SPEZiele</def:valueTypeName>
      <def:type>attribute</def:type>
    </def:PropertyDefinition>
  </gml:dictionaryEntry>
  <gml:dictionaryEntry>
    <def:PropertyDefinition gml:id="xplan_FP_SchutzPflegeEntwicklung_massnahme">
      <gml:description>Durchzuführende Maßnahmen.
</gml:description>
      <gml:identifier codeSpace="urn:citgml">urn:xplan:element:xplan:FP_SchutzPflegeEntwicklung:attribute:massnahme</gml:identifier>
      <gml:name>xplan:massnahme</gml:name>
      <def:cardinality>0..*</def:cardinality>
      <def:valueTypeRef xlink:href="urn:xplan:element:xplan:XP_SPEMassnahmenDaten" />
      <def:type>attribute</def:type>
    </def:PropertyDefinition>
  </gml:dictionaryEntry>
  <gml:dictionaryEntry>
    <def:PropertyDefinition gml:id="xplan_FP_SchutzPflegeEntwicklung_weitereMassnahme1">
      <gml:description>Weitere durchzuführende Massnahme. &lt;b&gt;Dies Attribut ist ab Version 4.1 als "veraltet" gekennzeichnet, es sollte stattdessen &lt;/b&gt;&lt;b&gt;&lt;i&gt;massnahme &lt;/i&gt;&lt;/b&gt;&lt;b&gt;mehrfach belegt werden.&lt;/b&gt;
</gml:description>
      <gml:identifier codeSpace="urn:citgml">urn:xplan:element:xplan:FP_SchutzPflegeEntwicklung:attribute:weitereMassnahme1</gml:identifier>
      <gml:name>xplan:weitereMassnahme1</gml:name>
      <def:cardinality>0..1</def:cardinality>
      <def:valueTypeRef xlink:href="urn:xplan:element:xplan:XP_SPEMassnahmenDaten" />
      <def:type>attribute</def:type>
    </def:PropertyDefinition>
  </gml:dictionaryEntry>
  <gml:dictionaryEntry>
    <def:PropertyDefinition gml:id="xplan_FP_SchutzPflegeEntwicklung_weitereMassnahme2">
      <gml:description>Weitere durchzuführende Massnahme. &lt;b&gt;Dies Attribut ist ab Version 4.1 als "veraltet" gekennzeichnet, es sollte stattdessen &lt;/b&gt;&lt;b&gt;&lt;i&gt;massnahme &lt;/i&gt;&lt;/b&gt;&lt;b&gt;mehrfach belegt werden.&lt;/b&gt;
</gml:description>
      <gml:identifier codeSpace="urn:citgml">urn:xplan:element:xplan:FP_SchutzPflegeEntwicklung:attribute:weitereMassnahme2</gml:identifier>
      <gml:name>xplan:weitereMassnahme2</gml:name>
      <def:cardinality>0..1</def:cardinality>
      <def:valueTypeRef xlink:href="urn:xplan:element:xplan:XP_SPEMassnahmenDaten" />
      <def:type>attribute</def:type>
    </def:PropertyDefinition>
  </gml:dictionaryEntry>
  <gml:dictionaryEntry>
    <def:PropertyDefinition gml:id="xplan_FP_SchutzPflegeEntwicklung_istAusgleich">
      <gml:description>Gibt an, ob die Maßnahme zum Ausgkeich eines Eingriffs benutzt wird.</gml:description>
      <gml:identifier codeSpace="urn:citgml">urn:xplan:element:xplan:FP_SchutzPflegeEntwicklung:attribute:istAusgleich</gml:identifier>
      <gml:name>xplan:istAusgleich</gml:name>
      <gml:dictionaryEntry>
        <ListedValueDefinition gml:id="_FP_SchutzPflegeEntwicklung_istAusgleich_Boolean_1">
          <gml:identifier codeSpace="urn:citgml">urn:xplan:enum::FP_SchutzPflegeEntwicklung:istAusgleich:Boolean:1</gml:identifier>
          <gml:name>TRUE</gml:name>
        </ListedValueDefinition>
      </gml:dictionaryEntry>
      <gml:dictionaryEntry>
        <ListedValueDefinition gml:id="_FP_SchutzPflegeEntwicklung_istAusgleich_Boolean_0">
          <gml:identifier codeSpace="urn:citgml">urn:xplan:enum::FP_SchutzPflegeEntwicklung:istAusgleich:Boolean:0</gml:identifier>
          <gml:name>FALSE</gml:name>
        </ListedValueDefinition>
      </gml:dictionaryEntry>
      <def:cardinality>0..1</def:cardinality>
      <def:valueTypeName>Boolean</def:valueTypeName>
      <def:type>attribute</def:type>
    </def:PropertyDefinition>
  </gml:dictionaryEntry>
  <def:classification>featureType</def:classification>
  <def:supertypeRef xlink:href="urn:xplan:element:xplan:FP_Geometrieobjekt" />
</TypeDefinition>