﻿<!--Erzeugt mit KIT (www.kit.edu) UmlToXmlTransformation-Software, Erstellungsdatum: 09.09.2013 11:08:33-->
<TypeDefinition xmlns="http://www.interactive-instruments.de/ShapeChange/Definitions/0.5" xmlns:def="http://www.interactive-instruments.de/ShapeChange/Definitions/0.5" xmlns:gml="http://www.opengis.net/gml/3.2" xmlns:xlink="http://www.w3.org/1999/xlink" xmlns:xsi="http://www.w3.org/2001/XMLSchema-instance" xsi:schemaLocation="http://www.interactive-instruments.de/ShapeChange/Definitions/0.5 ../xsd/ShapeChangeDefinitions.xsd" gml:id="xplan_BP_Baugebiet">
  <gml:description>Aggregation verschiedener Teilflächen eines Baugebiets. Die spezifizierten Attribute gelten für alle aggregierten Objekte BP_BaugebietsTeilFlaeche, in denen das Attribut nicht belegt ist.
</gml:description>
  <gml:identifier codeSpace="urn:citgml">urn:xplan:element:xplan:BP_Baugebiet</gml:identifier>
  <gml:name>xplan:BP_Baugebiet</gml:name>
  <gml:dictionaryEntry>
    <def:PropertyDefinition gml:id="xplan_BP_Baugebiet_DNmin">
      <gml:description>Minimal zulässige Dachneigung bei einer Bereichsangabe.</gml:description>
      <gml:identifier codeSpace="urn:citgml">urn:xplan:element:xplan:BP_Baugebiet:attribute:DNmin</gml:identifier>
      <gml:name>xplan:DNmin</gml:name>
      <def:cardinality>0..1</def:cardinality>
      <def:valueTypeName>Angle</def:valueTypeName>
      <def:type>attribute</def:type>
    </def:PropertyDefinition>
  </gml:dictionaryEntry>
  <gml:dictionaryEntry>
    <def:PropertyDefinition gml:id="xplan_BP_Baugebiet_DNmax">
      <gml:description>Maximal zulässige Dachneigung bei einer Bereichsangabe.</gml:description>
      <gml:identifier codeSpace="urn:citgml">urn:xplan:element:xplan:BP_Baugebiet:attribute:DNmax</gml:identifier>
      <gml:name>xplan:DNmax</gml:name>
      <def:cardinality>0..1</def:cardinality>
      <def:valueTypeName>Angle</def:valueTypeName>
      <def:type>attribute</def:type>
    </def:PropertyDefinition>
  </gml:dictionaryEntry>
  <gml:dictionaryEntry>
    <def:PropertyDefinition gml:id="xplan_BP_Baugebiet_DN">
      <gml:description>Maximal zulässige Dachneigung.</gml:description>
      <gml:identifier codeSpace="urn:citgml">urn:xplan:element:xplan:BP_Baugebiet:attribute:DN</gml:identifier>
      <gml:name>xplan:DN</gml:name>
      <def:cardinality>0..1</def:cardinality>
      <def:valueTypeName>Angle</def:valueTypeName>
      <def:type>attribute</def:type>
    </def:PropertyDefinition>
  </gml:dictionaryEntry>
  <gml:dictionaryEntry>
    <def:PropertyDefinition gml:id="xplan_BP_Baugebiet_DNZwingend">
      <gml:description>Zwingend vorgeschriebene Dachneigung.</gml:description>
      <gml:identifier codeSpace="urn:citgml">urn:xplan:element:xplan:BP_Baugebiet:attribute:DNZwingend</gml:identifier>
      <gml:name>xplan:DNZwingend</gml:name>
      <def:cardinality>0..1</def:cardinality>
      <def:valueTypeName>Angle</def:valueTypeName>
      <def:type>attribute</def:type>
    </def:PropertyDefinition>
  </gml:dictionaryEntry>
  <gml:dictionaryEntry>
    <def:PropertyDefinition gml:id="xplan_BP_Baugebiet_FR">
      <gml:description>Vorgeschriebene Firstrichtung (Gradangabe)</gml:description>
      <gml:identifier codeSpace="urn:citgml">urn:xplan:element:xplan:BP_Baugebiet:attribute:FR</gml:identifier>
      <gml:name>xplan:FR</gml:name>
      <def:cardinality>0..1</def:cardinality>
      <def:valueTypeName>Angle</def:valueTypeName>
      <def:type>attribute</def:type>
    </def:PropertyDefinition>
  </gml:dictionaryEntry>
  <gml:dictionaryEntry>
    <def:PropertyDefinition gml:id="xplan_BP_Baugebiet_dachform">
      <gml:description>Vorgeschriebene Dachformen</gml:description>
      <gml:identifier codeSpace="urn:citgml">urn:xplan:element:xplan:BP_Baugebiet:attribute:dachform</gml:identifier>
      <gml:name>xplan:dachform</gml:name>
      <gml:dictionaryEntry>
        <ListedValueDefinition gml:id="xplan_BP_Baugebiet_dachform_BP_Dachform_1000">
          <gml:identifier codeSpace="urn:citgml">urn:xplan:enum:xplan:BP_Baugebiet:dachform:BP_Dachform:1000</gml:identifier>
          <gml:name>Flachdach</gml:name>
        </ListedValueDefinition>
      </gml:dictionaryEntry>
      <gml:dictionaryEntry>
        <ListedValueDefinition gml:id="xplan_BP_Baugebiet_dachform_BP_Dachform_2100">
          <gml:identifier codeSpace="urn:citgml">urn:xplan:enum:xplan:BP_Baugebiet:dachform:BP_Dachform:2100</gml:identifier>
          <gml:name>Pultdach</gml:name>
        </ListedValueDefinition>
      </gml:dictionaryEntry>
      <gml:dictionaryEntry>
        <ListedValueDefinition gml:id="xplan_BP_Baugebiet_dachform_BP_Dachform_2200">
          <gml:identifier codeSpace="urn:citgml">urn:xplan:enum:xplan:BP_Baugebiet:dachform:BP_Dachform:2200</gml:identifier>
          <gml:name>Versetztes Pultdach</gml:name>
        </ListedValueDefinition>
      </gml:dictionaryEntry>
      <gml:dictionaryEntry>
        <ListedValueDefinition gml:id="xplan_BP_Baugebiet_dachform_BP_Dachform_3100">
          <gml:identifier codeSpace="urn:citgml">urn:xplan:enum:xplan:BP_Baugebiet:dachform:BP_Dachform:3100</gml:identifier>
          <gml:name>Satteldach</gml:name>
        </ListedValueDefinition>
      </gml:dictionaryEntry>
      <gml:dictionaryEntry>
        <ListedValueDefinition gml:id="xplan_BP_Baugebiet_dachform_BP_Dachform_3200">
          <gml:identifier codeSpace="urn:citgml">urn:xplan:enum:xplan:BP_Baugebiet:dachform:BP_Dachform:3200</gml:identifier>
          <gml:name>Walmdach</gml:name>
        </ListedValueDefinition>
      </gml:dictionaryEntry>
      <gml:dictionaryEntry>
        <ListedValueDefinition gml:id="xplan_BP_Baugebiet_dachform_BP_Dachform_3300">
          <gml:identifier codeSpace="urn:citgml">urn:xplan:enum:xplan:BP_Baugebiet:dachform:BP_Dachform:3300</gml:identifier>
          <gml:name>Krüppelwalmdach</gml:name>
        </ListedValueDefinition>
      </gml:dictionaryEntry>
      <gml:dictionaryEntry>
        <ListedValueDefinition gml:id="xplan_BP_Baugebiet_dachform_BP_Dachform_3400">
          <gml:identifier codeSpace="urn:citgml">urn:xplan:enum:xplan:BP_Baugebiet:dachform:BP_Dachform:3400</gml:identifier>
          <gml:name>Mansarddach</gml:name>
        </ListedValueDefinition>
      </gml:dictionaryEntry>
      <gml:dictionaryEntry>
        <ListedValueDefinition gml:id="xplan_BP_Baugebiet_dachform_BP_Dachform_3500">
          <gml:identifier codeSpace="urn:citgml">urn:xplan:enum:xplan:BP_Baugebiet:dachform:BP_Dachform:3500</gml:identifier>
          <gml:name>Zeltdach</gml:name>
        </ListedValueDefinition>
      </gml:dictionaryEntry>
      <gml:dictionaryEntry>
        <ListedValueDefinition gml:id="xplan_BP_Baugebiet_dachform_BP_Dachform_3600">
          <gml:identifier codeSpace="urn:citgml">urn:xplan:enum:xplan:BP_Baugebiet:dachform:BP_Dachform:3600</gml:identifier>
          <gml:name>Kegeldach</gml:name>
        </ListedValueDefinition>
      </gml:dictionaryEntry>
      <gml:dictionaryEntry>
        <ListedValueDefinition gml:id="xplan_BP_Baugebiet_dachform_BP_Dachform_3700">
          <gml:identifier codeSpace="urn:citgml">urn:xplan:enum:xplan:BP_Baugebiet:dachform:BP_Dachform:3700</gml:identifier>
          <gml:name>Kuppeldach</gml:name>
        </ListedValueDefinition>
      </gml:dictionaryEntry>
      <gml:dictionaryEntry>
        <ListedValueDefinition gml:id="xplan_BP_Baugebiet_dachform_BP_Dachform_3800">
          <gml:identifier codeSpace="urn:citgml">urn:xplan:enum:xplan:BP_Baugebiet:dachform:BP_Dachform:3800</gml:identifier>
          <gml:name>Sheddach</gml:name>
        </ListedValueDefinition>
      </gml:dictionaryEntry>
      <gml:dictionaryEntry>
        <ListedValueDefinition gml:id="xplan_BP_Baugebiet_dachform_BP_Dachform_3900">
          <gml:identifier codeSpace="urn:citgml">urn:xplan:enum:xplan:BP_Baugebiet:dachform:BP_Dachform:3900</gml:identifier>
          <gml:name>Bogendach</gml:name>
        </ListedValueDefinition>
      </gml:dictionaryEntry>
      <gml:dictionaryEntry>
        <ListedValueDefinition gml:id="xplan_BP_Baugebiet_dachform_BP_Dachform_4000">
          <gml:identifier codeSpace="urn:citgml">urn:xplan:enum:xplan:BP_Baugebiet:dachform:BP_Dachform:4000</gml:identifier>
          <gml:name>Turmdach</gml:name>
        </ListedValueDefinition>
      </gml:dictionaryEntry>
      <gml:dictionaryEntry>
        <ListedValueDefinition gml:id="xplan_BP_Baugebiet_dachform_BP_Dachform_5000">
          <gml:identifier codeSpace="urn:citgml">urn:xplan:enum:xplan:BP_Baugebiet:dachform:BP_Dachform:5000</gml:identifier>
          <gml:name>Mischform</gml:name>
        </ListedValueDefinition>
      </gml:dictionaryEntry>
      <gml:dictionaryEntry>
        <ListedValueDefinition gml:id="xplan_BP_Baugebiet_dachform_BP_Dachform_9999">
          <gml:identifier codeSpace="urn:citgml">urn:xplan:enum:xplan:BP_Baugebiet:dachform:BP_Dachform:9999</gml:identifier>
          <gml:name>Sonstiges</gml:name>
        </ListedValueDefinition>
      </gml:dictionaryEntry>
      <def:cardinality>0..*</def:cardinality>
      <def:valueTypeName>BP_Dachform</def:valueTypeName>
      <def:type>attribute</def:type>
    </def:PropertyDefinition>
  </gml:dictionaryEntry>
  <gml:dictionaryEntry>
    <def:PropertyDefinition gml:id="xplan_BP_Baugebiet_detaillierteDachform">
      <gml:description>Über eine CodeList definierte Dachform.</gml:description>
      <gml:identifier codeSpace="urn:citgml">urn:xplan:element:xplan:BP_Baugebiet:attribute:detaillierteDachform</gml:identifier>
      <gml:name>xplan:detaillierteDachform</gml:name>
      <def:cardinality>0..1</def:cardinality>
      <def:valueTypeName>BP_DetailDachform</def:valueTypeName>
      <def:type>attribute</def:type>
    </def:PropertyDefinition>
  </gml:dictionaryEntry>
  <gml:dictionaryEntry>
    <def:PropertyDefinition gml:id="xplan_BP_Baugebiet_MaxZahlWohnungen">
      <gml:description>Höchstzulässige Zahl der Wohnungen in Wohngebäuden</gml:description>
      <gml:identifier codeSpace="urn:citgml">urn:xplan:element:xplan:BP_Baugebiet:attribute:MaxZahlWohnungen</gml:identifier>
      <gml:name>xplan:MaxZahlWohnungen</gml:name>
      <def:cardinality>0..1</def:cardinality>
      <def:valueTypeName>Integer</def:valueTypeName>
      <def:type>attribute</def:type>
    </def:PropertyDefinition>
  </gml:dictionaryEntry>
  <gml:dictionaryEntry>
    <def:PropertyDefinition gml:id="xplan_BP_Baugebiet_Fmin">
      <gml:description>Mindestmaß für die Größe (Fläche) eines Baugrundstücks.</gml:description>
      <gml:identifier codeSpace="urn:citgml">urn:xplan:element:xplan:BP_Baugebiet:attribute:Fmin</gml:identifier>
      <gml:name>xplan:Fmin</gml:name>
      <def:cardinality>0..1</def:cardinality>
      <def:valueTypeName>Area</def:valueTypeName>
      <def:type>attribute</def:type>
    </def:PropertyDefinition>
  </gml:dictionaryEntry>
  <gml:dictionaryEntry>
    <def:PropertyDefinition gml:id="xplan_BP_Baugebiet_Fmax">
      <gml:description>Höchstmaß für die Größe (Fläche) eines Baugrundstücks.</gml:description>
      <gml:identifier codeSpace="urn:citgml">urn:xplan:element:xplan:BP_Baugebiet:attribute:Fmax</gml:identifier>
      <gml:name>xplan:Fmax</gml:name>
      <def:cardinality>0..1</def:cardinality>
      <def:valueTypeName>Area</def:valueTypeName>
      <def:type>attribute</def:type>
    </def:PropertyDefinition>
  </gml:dictionaryEntry>
  <gml:dictionaryEntry>
    <def:PropertyDefinition gml:id="xplan_BP_Baugebiet_Bmin">
      <gml:description>Minimale Breite von Baugrundstücken</gml:description>
      <gml:identifier codeSpace="urn:citgml">urn:xplan:element:xplan:BP_Baugebiet:attribute:Bmin</gml:identifier>
      <gml:name>xplan:Bmin</gml:name>
      <def:cardinality>0..1</def:cardinality>
      <def:valueTypeName>Length</def:valueTypeName>
      <def:type>attribute</def:type>
    </def:PropertyDefinition>
  </gml:dictionaryEntry>
  <gml:dictionaryEntry>
    <def:PropertyDefinition gml:id="xplan_BP_Baugebiet_Bmax">
      <gml:description>Maximale Breite von Baugrundstücken.</gml:description>
      <gml:identifier codeSpace="urn:citgml">urn:xplan:element:xplan:BP_Baugebiet:attribute:Bmax</gml:identifier>
      <gml:name>xplan:Bmax</gml:name>
      <def:cardinality>0..1</def:cardinality>
      <def:valueTypeName>Length</def:valueTypeName>
      <def:type>attribute</def:type>
    </def:PropertyDefinition>
  </gml:dictionaryEntry>
  <gml:dictionaryEntry>
    <def:PropertyDefinition gml:id="xplan_BP_Baugebiet_Tmin">
      <gml:description>Minimale Tiefe von Baugrundstücken.</gml:description>
      <gml:identifier codeSpace="urn:citgml">urn:xplan:element:xplan:BP_Baugebiet:attribute:Tmin</gml:identifier>
      <gml:name>xplan:Tmin</gml:name>
      <def:cardinality>0..1</def:cardinality>
      <def:valueTypeName>Length</def:valueTypeName>
      <def:type>attribute</def:type>
    </def:PropertyDefinition>
  </gml:dictionaryEntry>
  <gml:dictionaryEntry>
    <def:PropertyDefinition gml:id="xplan_BP_Baugebiet_Tmax">
      <gml:description>Maximale Tiefe von Baugrundstücken.</gml:description>
      <gml:identifier codeSpace="urn:citgml">urn:xplan:element:xplan:BP_Baugebiet:attribute:Tmax</gml:identifier>
      <gml:name>xplan:Tmax</gml:name>
      <def:cardinality>0..1</def:cardinality>
      <def:valueTypeName>Length</def:valueTypeName>
      <def:type>attribute</def:type>
    </def:PropertyDefinition>
  </gml:dictionaryEntry>
  <gml:dictionaryEntry>
    <def:PropertyDefinition gml:id="xplan_BP_Baugebiet_GFZmin">
      <gml:description>Minimal zulässige Geschossflächenzahl .</gml:description>
      <gml:identifier codeSpace="urn:citgml">urn:xplan:element:xplan:BP_Baugebiet:attribute:GFZmin</gml:identifier>
      <gml:name>xplan:GFZmin</gml:name>
      <def:cardinality>0..1</def:cardinality>
      <def:valueTypeName>Decimal</def:valueTypeName>
      <def:type>attribute</def:type>
    </def:PropertyDefinition>
  </gml:dictionaryEntry>
  <gml:dictionaryEntry>
    <def:PropertyDefinition gml:id="xplan_BP_Baugebiet_GFZmax">
      <gml:description>Maximal zulässige Geschossflächenzahl bei einer Bereichsangabe. Das Attribut GFZmin muss ebenfalls belegt sein.</gml:description>
      <gml:identifier codeSpace="urn:citgml">urn:xplan:element:xplan:BP_Baugebiet:attribute:GFZmax</gml:identifier>
      <gml:name>xplan:GFZmax</gml:name>
      <def:cardinality>0..1</def:cardinality>
      <def:valueTypeName>Decimal</def:valueTypeName>
      <def:type>attribute</def:type>
    </def:PropertyDefinition>
  </gml:dictionaryEntry>
  <gml:dictionaryEntry>
    <def:PropertyDefinition gml:id="xplan_BP_Baugebiet_GFZ">
      <gml:description>Maximal zulässige Geschossflächenzahl.</gml:description>
      <gml:identifier codeSpace="urn:citgml">urn:xplan:element:xplan:BP_Baugebiet:attribute:GFZ</gml:identifier>
      <gml:name>xplan:GFZ</gml:name>
      <def:cardinality>0..1</def:cardinality>
      <def:valueTypeName>Decimal</def:valueTypeName>
      <def:type>attribute</def:type>
    </def:PropertyDefinition>
  </gml:dictionaryEntry>
  <gml:dictionaryEntry>
    <def:PropertyDefinition gml:id="xplan_BP_Baugebiet_GFZ_Ausn">
      <gml:description>Maximal zulässige Geschossflächenzahl als Ausnahme.</gml:description>
      <gml:identifier codeSpace="urn:citgml">urn:xplan:element:xplan:BP_Baugebiet:attribute:GFZ_Ausn</gml:identifier>
      <gml:name>xplan:GFZ_Ausn</gml:name>
      <def:cardinality>0..1</def:cardinality>
      <def:valueTypeName>Decimal</def:valueTypeName>
      <def:type>attribute</def:type>
    </def:PropertyDefinition>
  </gml:dictionaryEntry>
  <gml:dictionaryEntry>
    <def:PropertyDefinition gml:id="xplan_BP_Baugebiet_GFmin">
      <gml:description>Minimal zulässige Geschossfläche</gml:description>
      <gml:identifier codeSpace="urn:citgml">urn:xplan:element:xplan:BP_Baugebiet:attribute:GFmin</gml:identifier>
      <gml:name>xplan:GFmin</gml:name>
      <def:cardinality>0..1</def:cardinality>
      <def:valueTypeName>Area</def:valueTypeName>
      <def:type>attribute</def:type>
    </def:PropertyDefinition>
  </gml:dictionaryEntry>
  <gml:dictionaryEntry>
    <def:PropertyDefinition gml:id="xplan_BP_Baugebiet_GFmax">
      <gml:description>Maximal zulässige Geschossfläche bei einer Bereichsabgabe. Das Attribut GFmin muss ebenfalls belegt sein.</gml:description>
      <gml:identifier codeSpace="urn:citgml">urn:xplan:element:xplan:BP_Baugebiet:attribute:GFmax</gml:identifier>
      <gml:name>xplan:GFmax</gml:name>
      <def:cardinality>0..1</def:cardinality>
      <def:valueTypeName>Area</def:valueTypeName>
      <def:type>attribute</def:type>
    </def:PropertyDefinition>
  </gml:dictionaryEntry>
  <gml:dictionaryEntry>
    <def:PropertyDefinition gml:id="xplan_BP_Baugebiet_GF">
      <gml:description>Maximal zulässige Geschossfläche.</gml:description>
      <gml:identifier codeSpace="urn:citgml">urn:xplan:element:xplan:BP_Baugebiet:attribute:GF</gml:identifier>
      <gml:name>xplan:GF</gml:name>
      <def:cardinality>0..1</def:cardinality>
      <def:valueTypeName>Area</def:valueTypeName>
      <def:type>attribute</def:type>
    </def:PropertyDefinition>
  </gml:dictionaryEntry>
  <gml:dictionaryEntry>
    <def:PropertyDefinition gml:id="xplan_BP_Baugebiet_GF_Ausn">
      <gml:description>Ausnahmsweise maximal zulässige Geschossfläche.</gml:description>
      <gml:identifier codeSpace="urn:citgml">urn:xplan:element:xplan:BP_Baugebiet:attribute:GF_Ausn</gml:identifier>
      <gml:name>xplan:GF_Ausn</gml:name>
      <def:cardinality>0..1</def:cardinality>
      <def:valueTypeName>Area</def:valueTypeName>
      <def:type>attribute</def:type>
    </def:PropertyDefinition>
  </gml:dictionaryEntry>
  <gml:dictionaryEntry>
    <def:PropertyDefinition gml:id="xplan_BP_Baugebiet_BMZmin">
      <gml:description>Minimal zulässige Baumassenzahl</gml:description>
      <gml:identifier codeSpace="urn:citgml">urn:xplan:element:xplan:BP_Baugebiet:attribute:BMZmin</gml:identifier>
      <gml:name>xplan:BMZmin</gml:name>
      <def:cardinality>0..1</def:cardinality>
      <def:valueTypeName>Decimal</def:valueTypeName>
      <def:type>attribute</def:type>
    </def:PropertyDefinition>
  </gml:dictionaryEntry>
  <gml:dictionaryEntry>
    <def:PropertyDefinition gml:id="xplan_BP_Baugebiet_BMZmax">
      <gml:description>Maximal zulässige Baumassenzahl bei einer Bereichsangabe. Das Attribut BMZmin muss ebenfalls spezifiziert werden.</gml:description>
      <gml:identifier codeSpace="urn:citgml">urn:xplan:element:xplan:BP_Baugebiet:attribute:BMZmax</gml:identifier>
      <gml:name>xplan:BMZmax</gml:name>
      <def:cardinality>0..1</def:cardinality>
      <def:valueTypeName>Decimal</def:valueTypeName>
      <def:type>attribute</def:type>
    </def:PropertyDefinition>
  </gml:dictionaryEntry>
  <gml:dictionaryEntry>
    <def:PropertyDefinition gml:id="xplan_BP_Baugebiet_BMZ">
      <gml:description>Maximal zulässige Baumassenzahl.</gml:description>
      <gml:identifier codeSpace="urn:citgml">urn:xplan:element:xplan:BP_Baugebiet:attribute:BMZ</gml:identifier>
      <gml:name>xplan:BMZ</gml:name>
      <def:cardinality>0..1</def:cardinality>
      <def:valueTypeName>Decimal</def:valueTypeName>
      <def:type>attribute</def:type>
    </def:PropertyDefinition>
  </gml:dictionaryEntry>
  <gml:dictionaryEntry>
    <def:PropertyDefinition gml:id="xplan_BP_Baugebiet_BMZ_Ausn">
      <gml:description>Ausnahmsweise maximal zulässige Baumassenzahl.</gml:description>
      <gml:identifier codeSpace="urn:citgml">urn:xplan:element:xplan:BP_Baugebiet:attribute:BMZ_Ausn</gml:identifier>
      <gml:name>xplan:BMZ_Ausn</gml:name>
      <def:cardinality>0..1</def:cardinality>
      <def:valueTypeName>Decimal</def:valueTypeName>
      <def:type>attribute</def:type>
    </def:PropertyDefinition>
  </gml:dictionaryEntry>
  <gml:dictionaryEntry>
    <def:PropertyDefinition gml:id="xplan_BP_Baugebiet_BMmin">
      <gml:description>Minimal zulässinge Baumasse.</gml:description>
      <gml:identifier codeSpace="urn:citgml">urn:xplan:element:xplan:BP_Baugebiet:attribute:BMmin</gml:identifier>
      <gml:name>xplan:BMmin</gml:name>
      <def:cardinality>0..1</def:cardinality>
      <def:valueTypeName>Volume</def:valueTypeName>
      <def:type>attribute</def:type>
    </def:PropertyDefinition>
  </gml:dictionaryEntry>
  <gml:dictionaryEntry>
    <def:PropertyDefinition gml:id="xplan_BP_Baugebiet_BMmax">
      <gml:description>Maximal zulässinge Baumasse bei einer Bereichsangabe. Das Attribut BMmin muss ebenfalls spezifiziert werden.</gml:description>
      <gml:identifier codeSpace="urn:citgml">urn:xplan:element:xplan:BP_Baugebiet:attribute:BMmax</gml:identifier>
      <gml:name>xplan:BMmax</gml:name>
      <def:cardinality>0..1</def:cardinality>
      <def:valueTypeName>Volume</def:valueTypeName>
      <def:type>attribute</def:type>
    </def:PropertyDefinition>
  </gml:dictionaryEntry>
  <gml:dictionaryEntry>
    <def:PropertyDefinition gml:id="xplan_BP_Baugebiet_BM">
      <gml:description>Maximal zulässige Baumasse.</gml:description>
      <gml:identifier codeSpace="urn:citgml">urn:xplan:element:xplan:BP_Baugebiet:attribute:BM</gml:identifier>
      <gml:name>xplan:BM</gml:name>
      <def:cardinality>0..1</def:cardinality>
      <def:valueTypeName>Volume</def:valueTypeName>
      <def:type>attribute</def:type>
    </def:PropertyDefinition>
  </gml:dictionaryEntry>
  <gml:dictionaryEntry>
    <def:PropertyDefinition gml:id="xplan_BP_Baugebiet_BM_Ausn">
      <gml:description>Ausnahmsweise maximal zulässige Baumasse.</gml:description>
      <gml:identifier codeSpace="urn:citgml">urn:xplan:element:xplan:BP_Baugebiet:attribute:BM_Ausn</gml:identifier>
      <gml:name>xplan:BM_Ausn</gml:name>
      <def:cardinality>0..1</def:cardinality>
      <def:valueTypeName>Volume</def:valueTypeName>
      <def:type>attribute</def:type>
    </def:PropertyDefinition>
  </gml:dictionaryEntry>
  <gml:dictionaryEntry>
    <def:PropertyDefinition gml:id="xplan_BP_Baugebiet_GRZmin">
      <gml:description>Minimal zulässige Grundflächenzahl.</gml:description>
      <gml:identifier codeSpace="urn:citgml">urn:xplan:element:xplan:BP_Baugebiet:attribute:GRZmin</gml:identifier>
      <gml:name>xplan:GRZmin</gml:name>
      <def:cardinality>0..1</def:cardinality>
      <def:valueTypeName>Decimal</def:valueTypeName>
      <def:type>attribute</def:type>
    </def:PropertyDefinition>
  </gml:dictionaryEntry>
  <gml:dictionaryEntry>
    <def:PropertyDefinition gml:id="xplan_BP_Baugebiet_GRZmax">
      <gml:description>Maximal zulässige Grundflächenzahl bei einer Bereichsangabe.  Das Attribut GRZmin muss ebenfalls spezifiziert werden.</gml:description>
      <gml:identifier codeSpace="urn:citgml">urn:xplan:element:xplan:BP_Baugebiet:attribute:GRZmax</gml:identifier>
      <gml:name>xplan:GRZmax</gml:name>
      <def:cardinality>0..1</def:cardinality>
      <def:valueTypeName>Decimal</def:valueTypeName>
      <def:type>attribute</def:type>
    </def:PropertyDefinition>
  </gml:dictionaryEntry>
  <gml:dictionaryEntry>
    <def:PropertyDefinition gml:id="xplan_BP_Baugebiet_GRZ">
      <gml:description>Maximal zulässige Grundflächenzahl</gml:description>
      <gml:identifier codeSpace="urn:citgml">urn:xplan:element:xplan:BP_Baugebiet:attribute:GRZ</gml:identifier>
      <gml:name>xplan:GRZ</gml:name>
      <def:cardinality>0..1</def:cardinality>
      <def:valueTypeName>Decimal</def:valueTypeName>
      <def:type>attribute</def:type>
    </def:PropertyDefinition>
  </gml:dictionaryEntry>
  <gml:dictionaryEntry>
    <def:PropertyDefinition gml:id="xplan_BP_Baugebiet_GRZ_Ausn">
      <gml:description>Ausnahmsweise maximal zulässige Grundflächenzahl.</gml:description>
      <gml:identifier codeSpace="urn:citgml">urn:xplan:element:xplan:BP_Baugebiet:attribute:GRZ_Ausn</gml:identifier>
      <gml:name>xplan:GRZ_Ausn</gml:name>
      <def:cardinality>0..1</def:cardinality>
      <def:valueTypeName>Decimal</def:valueTypeName>
      <def:type>attribute</def:type>
    </def:PropertyDefinition>
  </gml:dictionaryEntry>
  <gml:dictionaryEntry>
    <def:PropertyDefinition gml:id="xplan_BP_Baugebiet_GRmin">
      <gml:description>Minimal zulässige Grundfläche.</gml:description>
      <gml:identifier codeSpace="urn:citgml">urn:xplan:element:xplan:BP_Baugebiet:attribute:GRmin</gml:identifier>
      <gml:name>xplan:GRmin</gml:name>
      <def:cardinality>0..1</def:cardinality>
      <def:valueTypeName>Area</def:valueTypeName>
      <def:type>attribute</def:type>
    </def:PropertyDefinition>
  </gml:dictionaryEntry>
  <gml:dictionaryEntry>
    <def:PropertyDefinition gml:id="xplan_BP_Baugebiet_GRmax">
      <gml:description>Maximal zulässige Grundfläche bei einer Bereichsangabe. Das Attribut GRmin muss ebenfalls spezifiziert werden.</gml:description>
      <gml:identifier codeSpace="urn:citgml">urn:xplan:element:xplan:BP_Baugebiet:attribute:GRmax</gml:identifier>
      <gml:name>xplan:GRmax</gml:name>
      <def:cardinality>0..1</def:cardinality>
      <def:valueTypeName>Area</def:valueTypeName>
      <def:type>attribute</def:type>
    </def:PropertyDefinition>
  </gml:dictionaryEntry>
  <gml:dictionaryEntry>
    <def:PropertyDefinition gml:id="xplan_BP_Baugebiet_GR">
      <gml:description>Maximal zulässige Grundfläche.</gml:description>
      <gml:identifier codeSpace="urn:citgml">urn:xplan:element:xplan:BP_Baugebiet:attribute:GR</gml:identifier>
      <gml:name>xplan:GR</gml:name>
      <def:cardinality>0..1</def:cardinality>
      <def:valueTypeName>Area</def:valueTypeName>
      <def:type>attribute</def:type>
    </def:PropertyDefinition>
  </gml:dictionaryEntry>
  <gml:dictionaryEntry>
    <def:PropertyDefinition gml:id="xplan_BP_Baugebiet_GR_Ausn">
      <gml:description>Ausnahmsweise maximal zulässige Grundfläche.</gml:description>
      <gml:identifier codeSpace="urn:citgml">urn:xplan:element:xplan:BP_Baugebiet:attribute:GR_Ausn</gml:identifier>
      <gml:name>xplan:GR_Ausn</gml:name>
      <def:cardinality>0..1</def:cardinality>
      <def:valueTypeName>Area</def:valueTypeName>
      <def:type>attribute</def:type>
    </def:PropertyDefinition>
  </gml:dictionaryEntry>
  <gml:dictionaryEntry>
    <def:PropertyDefinition gml:id="xplan_BP_Baugebiet_Zmin">
      <gml:description>Minimal zulässige Zahl der oberirdischen Vollgeschosse.</gml:description>
      <gml:identifier codeSpace="urn:citgml">urn:xplan:element:xplan:BP_Baugebiet:attribute:Zmin</gml:identifier>
      <gml:name>xplan:Zmin</gml:name>
      <def:cardinality>0..1</def:cardinality>
      <def:valueTypeName>Integer</def:valueTypeName>
      <def:type>attribute</def:type>
    </def:PropertyDefinition>
  </gml:dictionaryEntry>
  <gml:dictionaryEntry>
    <def:PropertyDefinition gml:id="xplan_BP_Baugebiet_Zmax">
      <gml:description>Maximal zulässige Zahl der oberirdischen Vollgeschosse bei einer Bereichsangabe. Das Attribut Zmin muss ebenfalls belegt sein.</gml:description>
      <gml:identifier codeSpace="urn:citgml">urn:xplan:element:xplan:BP_Baugebiet:attribute:Zmax</gml:identifier>
      <gml:name>xplan:Zmax</gml:name>
      <def:cardinality>0..1</def:cardinality>
      <def:valueTypeName>Integer</def:valueTypeName>
      <def:type>attribute</def:type>
    </def:PropertyDefinition>
  </gml:dictionaryEntry>
  <gml:dictionaryEntry>
    <def:PropertyDefinition gml:id="xplan_BP_Baugebiet_Zzwingend">
      <gml:description>Zwingend vorgeschriebene Zahl der oberirdischen Vollgeschosse.</gml:description>
      <gml:identifier codeSpace="urn:citgml">urn:xplan:element:xplan:BP_Baugebiet:attribute:Zzwingend</gml:identifier>
      <gml:name>xplan:Zzwingend</gml:name>
      <def:cardinality>0..1</def:cardinality>
      <def:valueTypeName>Integer</def:valueTypeName>
      <def:type>attribute</def:type>
    </def:PropertyDefinition>
  </gml:dictionaryEntry>
  <gml:dictionaryEntry>
    <def:PropertyDefinition gml:id="xplan_BP_Baugebiet_Z">
      <gml:description>Maximalzahl der oberirdischen Vollgeschosse.</gml:description>
      <gml:identifier codeSpace="urn:citgml">urn:xplan:element:xplan:BP_Baugebiet:attribute:Z</gml:identifier>
      <gml:name>xplan:Z</gml:name>
      <def:cardinality>0..1</def:cardinality>
      <def:valueTypeName>Integer</def:valueTypeName>
      <def:type>attribute</def:type>
    </def:PropertyDefinition>
  </gml:dictionaryEntry>
  <gml:dictionaryEntry>
    <def:PropertyDefinition gml:id="xplan_BP_Baugebiet_Z_Ausn">
      <gml:description>Ausnahmsweise maximal zulässige Zahl der oberirdischen Vollgeschosse.</gml:description>
      <gml:identifier codeSpace="urn:citgml">urn:xplan:element:xplan:BP_Baugebiet:attribute:Z_Ausn</gml:identifier>
      <gml:name>xplan:Z_Ausn</gml:name>
      <def:cardinality>0..1</def:cardinality>
      <def:valueTypeName>Integer</def:valueTypeName>
      <def:type>attribute</def:type>
    </def:PropertyDefinition>
  </gml:dictionaryEntry>
  <gml:dictionaryEntry>
    <def:PropertyDefinition gml:id="xplan_BP_Baugebiet_Z_Staffel">
      <gml:description>Maximalzahl von oberirdischen zurückgesetzten Vollgeschossen als Staffelgeschoss..</gml:description>
      <gml:identifier codeSpace="urn:citgml">urn:xplan:element:xplan:BP_Baugebiet:attribute:Z_Staffel</gml:identifier>
      <gml:name>xplan:Z_Staffel</gml:name>
      <def:cardinality>0..1</def:cardinality>
      <def:valueTypeName>Integer</def:valueTypeName>
      <def:type>attribute</def:type>
    </def:PropertyDefinition>
  </gml:dictionaryEntry>
  <gml:dictionaryEntry>
    <def:PropertyDefinition gml:id="xplan_BP_Baugebiet_Z_Dach">
      <gml:description>Maximalzahl der zusätzlich erlaubten Dachgeschosse, die gleichzeitig Vollgeschosse sind.</gml:description>
      <gml:identifier codeSpace="urn:citgml">urn:xplan:element:xplan:BP_Baugebiet:attribute:Z_Dach</gml:identifier>
      <gml:name>xplan:Z_Dach</gml:name>
      <def:cardinality>0..1</def:cardinality>
      <def:valueTypeName>Integer</def:valueTypeName>
      <def:type>attribute</def:type>
    </def:PropertyDefinition>
  </gml:dictionaryEntry>
  <gml:dictionaryEntry>
    <def:PropertyDefinition gml:id="xplan_BP_Baugebiet_ZUmin">
      <gml:description>Minimal zulässige Zahl der unterirdischen Geschosse.</gml:description>
      <gml:identifier codeSpace="urn:citgml">urn:xplan:element:xplan:BP_Baugebiet:attribute:ZUmin</gml:identifier>
      <gml:name>xplan:ZUmin</gml:name>
      <def:cardinality>0..1</def:cardinality>
      <def:valueTypeName>Integer</def:valueTypeName>
      <def:type>attribute</def:type>
    </def:PropertyDefinition>
  </gml:dictionaryEntry>
  <gml:dictionaryEntry>
    <def:PropertyDefinition gml:id="xplan_BP_Baugebiet_ZUmax">
      <gml:description>Maximal zulässige Zahl der unterirdischen Geschosse bei einer Bereichsangabe. Das Attribut ZUmin muss ebenfalls belegt sein.</gml:description>
      <gml:identifier codeSpace="urn:citgml">urn:xplan:element:xplan:BP_Baugebiet:attribute:ZUmax</gml:identifier>
      <gml:name>xplan:ZUmax</gml:name>
      <def:cardinality>0..1</def:cardinality>
      <def:valueTypeName>Integer</def:valueTypeName>
      <def:type>attribute</def:type>
    </def:PropertyDefinition>
  </gml:dictionaryEntry>
  <gml:dictionaryEntry>
    <def:PropertyDefinition gml:id="xplan_BP_Baugebiet_ZUzwingend">
      <gml:description>Zwingend vorgeschriebene Zahl der unterirdischen Geschosse.</gml:description>
      <gml:identifier codeSpace="urn:citgml">urn:xplan:element:xplan:BP_Baugebiet:attribute:ZUzwingend</gml:identifier>
      <gml:name>xplan:ZUzwingend</gml:name>
      <def:cardinality>0..1</def:cardinality>
      <def:valueTypeName>Integer</def:valueTypeName>
      <def:type>attribute</def:type>
    </def:PropertyDefinition>
  </gml:dictionaryEntry>
  <gml:dictionaryEntry>
    <def:PropertyDefinition gml:id="xplan_BP_Baugebiet_ZU">
      <gml:description>Maximal zulässige Zahl der unterirdischen Geschosse.</gml:description>
      <gml:identifier codeSpace="urn:citgml">urn:xplan:element:xplan:BP_Baugebiet:attribute:ZU</gml:identifier>
      <gml:name>xplan:ZU</gml:name>
      <def:cardinality>0..1</def:cardinality>
      <def:valueTypeName>Integer</def:valueTypeName>
      <def:type>attribute</def:type>
    </def:PropertyDefinition>
  </gml:dictionaryEntry>
  <gml:dictionaryEntry>
    <def:PropertyDefinition gml:id="xplan_BP_Baugebiet_ZU_Ausn">
      <gml:description>Ausnahmsweise maximal zulässige Zahl der unterirdischen Geschosse.</gml:description>
      <gml:identifier codeSpace="urn:citgml">urn:xplan:element:xplan:BP_Baugebiet:attribute:ZU_Ausn</gml:identifier>
      <gml:name>xplan:ZU_Ausn</gml:name>
      <def:cardinality>0..1</def:cardinality>
      <def:valueTypeName>Integer</def:valueTypeName>
      <def:type>attribute</def:type>
    </def:PropertyDefinition>
  </gml:dictionaryEntry>
  <gml:dictionaryEntry>
    <def:PropertyDefinition gml:id="xplan_BP_Baugebiet_allgArtDerBaulNutzung">
      <gml:description>Spezifikation der allgemeinen Art der baulichen N utzung.</gml:description>
      <gml:identifier codeSpace="urn:citgml">urn:xplan:element:xplan:BP_Baugebiet:attribute:allgArtDerBaulNutzung</gml:identifier>
      <gml:name>xplan:allgArtDerBaulNutzung</gml:name>
      <gml:dictionaryEntry>
        <ListedValueDefinition gml:id="xplan_BP_Baugebiet_allgArtDerBaulNutzung_XP_AllgArtDerBaulNutzung_1000">
          <gml:identifier codeSpace="urn:citgml">urn:xplan:enum:xplan:BP_Baugebiet:allgArtDerBaulNutzung:XP_AllgArtDerBaulNutzung:1000</gml:identifier>
          <gml:name>WohnBauflaeche</gml:name>
        </ListedValueDefinition>
      </gml:dictionaryEntry>
      <gml:dictionaryEntry>
        <ListedValueDefinition gml:id="xplan_BP_Baugebiet_allgArtDerBaulNutzung_XP_AllgArtDerBaulNutzung_2000">
          <gml:identifier codeSpace="urn:citgml">urn:xplan:enum:xplan:BP_Baugebiet:allgArtDerBaulNutzung:XP_AllgArtDerBaulNutzung:2000</gml:identifier>
          <gml:name>GemischteBauflaeche</gml:name>
        </ListedValueDefinition>
      </gml:dictionaryEntry>
      <gml:dictionaryEntry>
        <ListedValueDefinition gml:id="xplan_BP_Baugebiet_allgArtDerBaulNutzung_XP_AllgArtDerBaulNutzung_3000">
          <gml:identifier codeSpace="urn:citgml">urn:xplan:enum:xplan:BP_Baugebiet:allgArtDerBaulNutzung:XP_AllgArtDerBaulNutzung:3000</gml:identifier>
          <gml:name>GewerblicheBauflaeche</gml:name>
        </ListedValueDefinition>
      </gml:dictionaryEntry>
      <gml:dictionaryEntry>
        <ListedValueDefinition gml:id="xplan_BP_Baugebiet_allgArtDerBaulNutzung_XP_AllgArtDerBaulNutzung_4000">
          <gml:identifier codeSpace="urn:citgml">urn:xplan:enum:xplan:BP_Baugebiet:allgArtDerBaulNutzung:XP_AllgArtDerBaulNutzung:4000</gml:identifier>
          <gml:name>SonderBauflaeche</gml:name>
        </ListedValueDefinition>
      </gml:dictionaryEntry>
      <gml:dictionaryEntry>
        <ListedValueDefinition gml:id="xplan_BP_Baugebiet_allgArtDerBaulNutzung_XP_AllgArtDerBaulNutzung_9999">
          <gml:identifier codeSpace="urn:citgml">urn:xplan:enum:xplan:BP_Baugebiet:allgArtDerBaulNutzung:XP_AllgArtDerBaulNutzung:9999</gml:identifier>
          <gml:name>SonstigeBauflaeche</gml:name>
        </ListedValueDefinition>
      </gml:dictionaryEntry>
      <def:cardinality>0..1</def:cardinality>
      <def:valueTypeName>XP_AllgArtDerBaulNutzung</def:valueTypeName>
      <def:type>attribute</def:type>
    </def:PropertyDefinition>
  </gml:dictionaryEntry>
  <gml:dictionaryEntry>
    <def:PropertyDefinition gml:id="xplan_BP_Baugebiet_besondereArtDerBaulNutzung">
      <gml:description>Festsetzung der Art der baulichen Nutzung (§9, Abs. 1, Nr. 1 BauGB).</gml:description>
      <gml:identifier codeSpace="urn:citgml">urn:xplan:element:xplan:BP_Baugebiet:attribute:besondereArtDerBaulNutzung</gml:identifier>
      <gml:name>xplan:besondereArtDerBaulNutzung</gml:name>
      <gml:dictionaryEntry>
        <ListedValueDefinition gml:id="xplan_BP_Baugebiet_besondereArtDerBaulNutzung_XP_BesondereArtDerBaulNutzung_1000">
          <gml:description>Kleinsiedlungsgebiet</gml:description>
          <gml:identifier codeSpace="urn:citgml">urn:xplan:enum:xplan:BP_Baugebiet:besondereArtDerBaulNutzung:XP_BesondereArtDerBaulNutzung:1000</gml:identifier>
          <gml:name>Kleinsiedlungsgebiet</gml:name>
        </ListedValueDefinition>
      </gml:dictionaryEntry>
      <gml:dictionaryEntry>
        <ListedValueDefinition gml:id="xplan_BP_Baugebiet_besondereArtDerBaulNutzung_XP_BesondereArtDerBaulNutzung_1100">
          <gml:description>Reines Wohngebiet</gml:description>
          <gml:identifier codeSpace="urn:citgml">urn:xplan:enum:xplan:BP_Baugebiet:besondereArtDerBaulNutzung:XP_BesondereArtDerBaulNutzung:1100</gml:identifier>
          <gml:name>ReinesWohngebiet</gml:name>
        </ListedValueDefinition>
      </gml:dictionaryEntry>
      <gml:dictionaryEntry>
        <ListedValueDefinition gml:id="xplan_BP_Baugebiet_besondereArtDerBaulNutzung_XP_BesondereArtDerBaulNutzung_1200">
          <gml:description>Allgemeines Wohngebiet</gml:description>
          <gml:identifier codeSpace="urn:citgml">urn:xplan:enum:xplan:BP_Baugebiet:besondereArtDerBaulNutzung:XP_BesondereArtDerBaulNutzung:1200</gml:identifier>
          <gml:name>AllgWohngebiet</gml:name>
        </ListedValueDefinition>
      </gml:dictionaryEntry>
      <gml:dictionaryEntry>
        <ListedValueDefinition gml:id="xplan_BP_Baugebiet_besondereArtDerBaulNutzung_XP_BesondereArtDerBaulNutzung_1300">
          <gml:description>Besonderes Wohngebiet</gml:description>
          <gml:identifier codeSpace="urn:citgml">urn:xplan:enum:xplan:BP_Baugebiet:besondereArtDerBaulNutzung:XP_BesondereArtDerBaulNutzung:1300</gml:identifier>
          <gml:name>BesonderesWohngebiet</gml:name>
        </ListedValueDefinition>
      </gml:dictionaryEntry>
      <gml:dictionaryEntry>
        <ListedValueDefinition gml:id="xplan_BP_Baugebiet_besondereArtDerBaulNutzung_XP_BesondereArtDerBaulNutzung_1400">
          <gml:description>Dorfgebiet</gml:description>
          <gml:identifier codeSpace="urn:citgml">urn:xplan:enum:xplan:BP_Baugebiet:besondereArtDerBaulNutzung:XP_BesondereArtDerBaulNutzung:1400</gml:identifier>
          <gml:name>Dorfgebiet</gml:name>
        </ListedValueDefinition>
      </gml:dictionaryEntry>
      <gml:dictionaryEntry>
        <ListedValueDefinition gml:id="xplan_BP_Baugebiet_besondereArtDerBaulNutzung_XP_BesondereArtDerBaulNutzung_1500">
          <gml:identifier codeSpace="urn:citgml">urn:xplan:enum:xplan:BP_Baugebiet:besondereArtDerBaulNutzung:XP_BesondereArtDerBaulNutzung:1500</gml:identifier>
          <gml:name>Mischgebiet</gml:name>
        </ListedValueDefinition>
      </gml:dictionaryEntry>
      <gml:dictionaryEntry>
        <ListedValueDefinition gml:id="xplan_BP_Baugebiet_besondereArtDerBaulNutzung_XP_BesondereArtDerBaulNutzung_1600">
          <gml:description>Kerngebiet</gml:description>
          <gml:identifier codeSpace="urn:citgml">urn:xplan:enum:xplan:BP_Baugebiet:besondereArtDerBaulNutzung:XP_BesondereArtDerBaulNutzung:1600</gml:identifier>
          <gml:name>Kerngebiet</gml:name>
        </ListedValueDefinition>
      </gml:dictionaryEntry>
      <gml:dictionaryEntry>
        <ListedValueDefinition gml:id="xplan_BP_Baugebiet_besondereArtDerBaulNutzung_XP_BesondereArtDerBaulNutzung_1700">
          <gml:identifier codeSpace="urn:citgml">urn:xplan:enum:xplan:BP_Baugebiet:besondereArtDerBaulNutzung:XP_BesondereArtDerBaulNutzung:1700</gml:identifier>
          <gml:name>Gewerbegebiet</gml:name>
        </ListedValueDefinition>
      </gml:dictionaryEntry>
      <gml:dictionaryEntry>
        <ListedValueDefinition gml:id="xplan_BP_Baugebiet_besondereArtDerBaulNutzung_XP_BesondereArtDerBaulNutzung_1800">
          <gml:description>Industriegebiet</gml:description>
          <gml:identifier codeSpace="urn:citgml">urn:xplan:enum:xplan:BP_Baugebiet:besondereArtDerBaulNutzung:XP_BesondereArtDerBaulNutzung:1800</gml:identifier>
          <gml:name>Industriegebiet</gml:name>
        </ListedValueDefinition>
      </gml:dictionaryEntry>
      <gml:dictionaryEntry>
        <ListedValueDefinition gml:id="xplan_BP_Baugebiet_besondereArtDerBaulNutzung_XP_BesondereArtDerBaulNutzung_2000">
          <gml:description>Sondergebiet, das der Erholung dient (§ 10 BauNVO); z.B. Wochenendhausgebiet</gml:description>
          <gml:identifier codeSpace="urn:citgml">urn:xplan:enum:xplan:BP_Baugebiet:besondereArtDerBaulNutzung:XP_BesondereArtDerBaulNutzung:2000</gml:identifier>
          <gml:name>SondergebietErholung</gml:name>
        </ListedValueDefinition>
      </gml:dictionaryEntry>
      <gml:dictionaryEntry>
        <ListedValueDefinition gml:id="xplan_BP_Baugebiet_besondereArtDerBaulNutzung_XP_BesondereArtDerBaulNutzung_2100">
          <gml:description>Sonstiges Sondergebiet (§ 11 BauNVO); z.B. Klinikgebiet</gml:description>
          <gml:identifier codeSpace="urn:citgml">urn:xplan:enum:xplan:BP_Baugebiet:besondereArtDerBaulNutzung:XP_BesondereArtDerBaulNutzung:2100</gml:identifier>
          <gml:name>SondergebietSonst</gml:name>
        </ListedValueDefinition>
      </gml:dictionaryEntry>
      <gml:dictionaryEntry>
        <ListedValueDefinition gml:id="xplan_BP_Baugebiet_besondereArtDerBaulNutzung_XP_BesondereArtDerBaulNutzung_3000">
          <gml:identifier codeSpace="urn:citgml">urn:xplan:enum:xplan:BP_Baugebiet:besondereArtDerBaulNutzung:XP_BesondereArtDerBaulNutzung:3000</gml:identifier>
          <gml:name>Wochenendhausgebiet</gml:name>
        </ListedValueDefinition>
      </gml:dictionaryEntry>
      <gml:dictionaryEntry>
        <ListedValueDefinition gml:id="xplan_BP_Baugebiet_besondereArtDerBaulNutzung_XP_BesondereArtDerBaulNutzung_4000">
          <gml:identifier codeSpace="urn:citgml">urn:xplan:enum:xplan:BP_Baugebiet:besondereArtDerBaulNutzung:XP_BesondereArtDerBaulNutzung:4000</gml:identifier>
          <gml:name>Sondergebiet</gml:name>
        </ListedValueDefinition>
      </gml:dictionaryEntry>
      <gml:dictionaryEntry>
        <ListedValueDefinition gml:id="xplan_BP_Baugebiet_besondereArtDerBaulNutzung_XP_BesondereArtDerBaulNutzung_9999">
          <gml:description>Sonstiges Gebiet</gml:description>
          <gml:identifier codeSpace="urn:citgml">urn:xplan:enum:xplan:BP_Baugebiet:besondereArtDerBaulNutzung:XP_BesondereArtDerBaulNutzung:9999</gml:identifier>
          <gml:name>SonstigesGebiet</gml:name>
        </ListedValueDefinition>
      </gml:dictionaryEntry>
      <def:cardinality>0..1</def:cardinality>
      <def:valueTypeName>XP_BesondereArtDerBaulNutzung</def:valueTypeName>
      <def:type>attribute</def:type>
    </def:PropertyDefinition>
  </gml:dictionaryEntry>
  <gml:dictionaryEntry>
    <def:PropertyDefinition gml:id="xplan_BP_Baugebiet_sondernutzung">
      <gml:description>Bei Nutzungsform "Sondergebiet": Spezifische Nutzung der Sonderbaufläche nach §§ 10 und 11 BauNVO.</gml:description>
      <gml:identifier codeSpace="urn:citgml">urn:xplan:element:xplan:BP_Baugebiet:attribute:sondernutzung</gml:identifier>
      <gml:name>xplan:sondernutzung</gml:name>
      <gml:dictionaryEntry>
        <ListedValueDefinition gml:id="xplan_BP_Baugebiet_sondernutzung_XP_Sondernutzungen_1000">
          <gml:identifier codeSpace="urn:citgml">urn:xplan:enum:xplan:BP_Baugebiet:sondernutzung:XP_Sondernutzungen:1000</gml:identifier>
          <gml:name>Wochenendhausgebiet</gml:name>
        </ListedValueDefinition>
      </gml:dictionaryEntry>
      <gml:dictionaryEntry>
        <ListedValueDefinition gml:id="xplan_BP_Baugebiet_sondernutzung_XP_Sondernutzungen_1100">
          <gml:identifier codeSpace="urn:citgml">urn:xplan:enum:xplan:BP_Baugebiet:sondernutzung:XP_Sondernutzungen:1100</gml:identifier>
          <gml:name>Ferienhausgebiet</gml:name>
        </ListedValueDefinition>
      </gml:dictionaryEntry>
      <gml:dictionaryEntry>
        <ListedValueDefinition gml:id="xplan_BP_Baugebiet_sondernutzung_XP_Sondernutzungen_1200">
          <gml:identifier codeSpace="urn:citgml">urn:xplan:enum:xplan:BP_Baugebiet:sondernutzung:XP_Sondernutzungen:1200</gml:identifier>
          <gml:name>Campingplatzgebiet</gml:name>
        </ListedValueDefinition>
      </gml:dictionaryEntry>
      <gml:dictionaryEntry>
        <ListedValueDefinition gml:id="xplan_BP_Baugebiet_sondernutzung_XP_Sondernutzungen_1300">
          <gml:identifier codeSpace="urn:citgml">urn:xplan:enum:xplan:BP_Baugebiet:sondernutzung:XP_Sondernutzungen:1300</gml:identifier>
          <gml:name>Kurgebiet</gml:name>
        </ListedValueDefinition>
      </gml:dictionaryEntry>
      <gml:dictionaryEntry>
        <ListedValueDefinition gml:id="xplan_BP_Baugebiet_sondernutzung_XP_Sondernutzungen_1400">
          <gml:identifier codeSpace="urn:citgml">urn:xplan:enum:xplan:BP_Baugebiet:sondernutzung:XP_Sondernutzungen:1400</gml:identifier>
          <gml:name>SonstSondergebietErholung</gml:name>
        </ListedValueDefinition>
      </gml:dictionaryEntry>
      <gml:dictionaryEntry>
        <ListedValueDefinition gml:id="xplan_BP_Baugebiet_sondernutzung_XP_Sondernutzungen_1500">
          <gml:identifier codeSpace="urn:citgml">urn:xplan:enum:xplan:BP_Baugebiet:sondernutzung:XP_Sondernutzungen:1500</gml:identifier>
          <gml:name>Einzelhandelsgebiet</gml:name>
        </ListedValueDefinition>
      </gml:dictionaryEntry>
      <gml:dictionaryEntry>
        <ListedValueDefinition gml:id="xplan_BP_Baugebiet_sondernutzung_XP_Sondernutzungen_1600">
          <gml:identifier codeSpace="urn:citgml">urn:xplan:enum:xplan:BP_Baugebiet:sondernutzung:XP_Sondernutzungen:1600</gml:identifier>
          <gml:name>GrossflaechigerEinzelhandel</gml:name>
        </ListedValueDefinition>
      </gml:dictionaryEntry>
      <gml:dictionaryEntry>
        <ListedValueDefinition gml:id="xplan_BP_Baugebiet_sondernutzung_XP_Sondernutzungen_16000">
          <gml:identifier codeSpace="urn:citgml">urn:xplan:enum:xplan:BP_Baugebiet:sondernutzung:XP_Sondernutzungen:16000</gml:identifier>
          <gml:name>Ladengebiet</gml:name>
        </ListedValueDefinition>
      </gml:dictionaryEntry>
      <gml:dictionaryEntry>
        <ListedValueDefinition gml:id="xplan_BP_Baugebiet_sondernutzung_XP_Sondernutzungen_16001">
          <gml:identifier codeSpace="urn:citgml">urn:xplan:enum:xplan:BP_Baugebiet:sondernutzung:XP_Sondernutzungen:16001</gml:identifier>
          <gml:name>Einkaufszentrum</gml:name>
        </ListedValueDefinition>
      </gml:dictionaryEntry>
      <gml:dictionaryEntry>
        <ListedValueDefinition gml:id="xplan_BP_Baugebiet_sondernutzung_XP_Sondernutzungen_16002">
          <gml:identifier codeSpace="urn:citgml">urn:xplan:enum:xplan:BP_Baugebiet:sondernutzung:XP_Sondernutzungen:16002</gml:identifier>
          <gml:name>SonstGrossflEinzelhandel</gml:name>
        </ListedValueDefinition>
      </gml:dictionaryEntry>
      <gml:dictionaryEntry>
        <ListedValueDefinition gml:id="xplan_BP_Baugebiet_sondernutzung_XP_Sondernutzungen_1700">
          <gml:identifier codeSpace="urn:citgml">urn:xplan:enum:xplan:BP_Baugebiet:sondernutzung:XP_Sondernutzungen:1700</gml:identifier>
          <gml:name>Verkehrsuebungsplatz</gml:name>
        </ListedValueDefinition>
      </gml:dictionaryEntry>
      <gml:dictionaryEntry>
        <ListedValueDefinition gml:id="xplan_BP_Baugebiet_sondernutzung_XP_Sondernutzungen_1800">
          <gml:identifier codeSpace="urn:citgml">urn:xplan:enum:xplan:BP_Baugebiet:sondernutzung:XP_Sondernutzungen:1800</gml:identifier>
          <gml:name>Hafengebiet</gml:name>
        </ListedValueDefinition>
      </gml:dictionaryEntry>
      <gml:dictionaryEntry>
        <ListedValueDefinition gml:id="xplan_BP_Baugebiet_sondernutzung_XP_Sondernutzungen_1900">
          <gml:identifier codeSpace="urn:citgml">urn:xplan:enum:xplan:BP_Baugebiet:sondernutzung:XP_Sondernutzungen:1900</gml:identifier>
          <gml:name>SondergebietErneuerbareEnergie</gml:name>
        </ListedValueDefinition>
      </gml:dictionaryEntry>
      <gml:dictionaryEntry>
        <ListedValueDefinition gml:id="xplan_BP_Baugebiet_sondernutzung_XP_Sondernutzungen_2000">
          <gml:identifier codeSpace="urn:citgml">urn:xplan:enum:xplan:BP_Baugebiet:sondernutzung:XP_Sondernutzungen:2000</gml:identifier>
          <gml:name>SondergebietMilitaer</gml:name>
        </ListedValueDefinition>
      </gml:dictionaryEntry>
      <gml:dictionaryEntry>
        <ListedValueDefinition gml:id="xplan_BP_Baugebiet_sondernutzung_XP_Sondernutzungen_2100">
          <gml:identifier codeSpace="urn:citgml">urn:xplan:enum:xplan:BP_Baugebiet:sondernutzung:XP_Sondernutzungen:2100</gml:identifier>
          <gml:name>SondergebietLandwirtschaft</gml:name>
        </ListedValueDefinition>
      </gml:dictionaryEntry>
      <gml:dictionaryEntry>
        <ListedValueDefinition gml:id="xplan_BP_Baugebiet_sondernutzung_XP_Sondernutzungen_2200">
          <gml:identifier codeSpace="urn:citgml">urn:xplan:enum:xplan:BP_Baugebiet:sondernutzung:XP_Sondernutzungen:2200</gml:identifier>
          <gml:name>SondergebietSport</gml:name>
        </ListedValueDefinition>
      </gml:dictionaryEntry>
      <gml:dictionaryEntry>
        <ListedValueDefinition gml:id="xplan_BP_Baugebiet_sondernutzung_XP_Sondernutzungen_2300">
          <gml:identifier codeSpace="urn:citgml">urn:xplan:enum:xplan:BP_Baugebiet:sondernutzung:XP_Sondernutzungen:2300</gml:identifier>
          <gml:name>SondergebietGesundheitSoziales</gml:name>
        </ListedValueDefinition>
      </gml:dictionaryEntry>
      <gml:dictionaryEntry>
        <ListedValueDefinition gml:id="xplan_BP_Baugebiet_sondernutzung_XP_Sondernutzungen_2400">
          <gml:identifier codeSpace="urn:citgml">urn:xplan:enum:xplan:BP_Baugebiet:sondernutzung:XP_Sondernutzungen:2400</gml:identifier>
          <gml:name>Golfplatz</gml:name>
        </ListedValueDefinition>
      </gml:dictionaryEntry>
      <gml:dictionaryEntry>
        <ListedValueDefinition gml:id="xplan_BP_Baugebiet_sondernutzung_XP_Sondernutzungen_2500">
          <gml:identifier codeSpace="urn:citgml">urn:xplan:enum:xplan:BP_Baugebiet:sondernutzung:XP_Sondernutzungen:2500</gml:identifier>
          <gml:name>SondergebietKultur</gml:name>
        </ListedValueDefinition>
      </gml:dictionaryEntry>
      <gml:dictionaryEntry>
        <ListedValueDefinition gml:id="xplan_BP_Baugebiet_sondernutzung_XP_Sondernutzungen_2600">
          <gml:identifier codeSpace="urn:citgml">urn:xplan:enum:xplan:BP_Baugebiet:sondernutzung:XP_Sondernutzungen:2600</gml:identifier>
          <gml:name>SondergebietTourismus</gml:name>
        </ListedValueDefinition>
      </gml:dictionaryEntry>
      <gml:dictionaryEntry>
        <ListedValueDefinition gml:id="xplan_BP_Baugebiet_sondernutzung_XP_Sondernutzungen_2700">
          <gml:identifier codeSpace="urn:citgml">urn:xplan:enum:xplan:BP_Baugebiet:sondernutzung:XP_Sondernutzungen:2700</gml:identifier>
          <gml:name>SondergebietBueroUndVerwaltung</gml:name>
        </ListedValueDefinition>
      </gml:dictionaryEntry>
      <gml:dictionaryEntry>
        <ListedValueDefinition gml:id="xplan_BP_Baugebiet_sondernutzung_XP_Sondernutzungen_2800">
          <gml:identifier codeSpace="urn:citgml">urn:xplan:enum:xplan:BP_Baugebiet:sondernutzung:XP_Sondernutzungen:2800</gml:identifier>
          <gml:name>SondergebietHochschuleEinrichtungen</gml:name>
        </ListedValueDefinition>
      </gml:dictionaryEntry>
      <gml:dictionaryEntry>
        <ListedValueDefinition gml:id="xplan_BP_Baugebiet_sondernutzung_XP_Sondernutzungen_2900">
          <gml:identifier codeSpace="urn:citgml">urn:xplan:enum:xplan:BP_Baugebiet:sondernutzung:XP_Sondernutzungen:2900</gml:identifier>
          <gml:name>SondergebietMesse</gml:name>
        </ListedValueDefinition>
      </gml:dictionaryEntry>
      <gml:dictionaryEntry>
        <ListedValueDefinition gml:id="xplan_BP_Baugebiet_sondernutzung_XP_Sondernutzungen_9999">
          <gml:identifier codeSpace="urn:citgml">urn:xplan:enum:xplan:BP_Baugebiet:sondernutzung:XP_Sondernutzungen:9999</gml:identifier>
          <gml:name>SondergebietAndereNutzungen</gml:name>
        </ListedValueDefinition>
      </gml:dictionaryEntry>
      <def:cardinality>0..1</def:cardinality>
      <def:valueTypeName>XP_Sondernutzungen</def:valueTypeName>
      <def:type>attribute</def:type>
    </def:PropertyDefinition>
  </gml:dictionaryEntry>
  <gml:dictionaryEntry>
    <def:PropertyDefinition gml:id="xplan_BP_Baugebiet_detaillierteArtDerBaulNutzung">
      <gml:description>Über eine CodeList definierte Nutzungsart.</gml:description>
      <gml:identifier codeSpace="urn:citgml">urn:xplan:element:xplan:BP_Baugebiet:attribute:detaillierteArtDerBaulNutzung</gml:identifier>
      <gml:name>xplan:detaillierteArtDerBaulNutzung</gml:name>
      <def:cardinality>0..1</def:cardinality>
      <def:valueTypeName>BP_DetailArtDerBaulNutzung</def:valueTypeName>
      <def:type>attribute</def:type>
    </def:PropertyDefinition>
  </gml:dictionaryEntry>
  <gml:dictionaryEntry>
    <def:PropertyDefinition gml:id="xplan_BP_Baugebiet_nutzungText">
      <gml:description>Bei Nutzungsform "Sondergebiet": Kurzform der besonderen Art der baulichen Nutzung.</gml:description>
      <gml:identifier codeSpace="urn:citgml">urn:xplan:element:xplan:BP_Baugebiet:attribute:nutzungText</gml:identifier>
      <gml:name>xplan:nutzungText</gml:name>
      <def:cardinality>0..1</def:cardinality>
      <def:valueTypeRef xlink:href="urn:xplan:element::CharacterString" />
      <def:type>attribute</def:type>
    </def:PropertyDefinition>
  </gml:dictionaryEntry>
  <gml:dictionaryEntry>
    <def:PropertyDefinition gml:id="xplan_BP_Baugebiet_abweichungBauNVO">
      <gml:description>Art der Abweichung von der BauNVO.</gml:description>
      <gml:identifier codeSpace="urn:citgml">urn:xplan:element:xplan:BP_Baugebiet:attribute:abweichungBauNVO</gml:identifier>
      <gml:name>xplan:abweichungBauNVO</gml:name>
      <gml:dictionaryEntry>
        <ListedValueDefinition gml:id="xplan_BP_Baugebiet_abweichungBauNVO_XP_AbweichungBauNVOTypen_1000">
          <gml:description>Einschränkung einer generell erlaubten Nutzung.</gml:description>
          <gml:identifier codeSpace="urn:citgml">urn:xplan:enum:xplan:BP_Baugebiet:abweichungBauNVO:XP_AbweichungBauNVOTypen:1000</gml:identifier>
          <gml:name>EinschraenkungNutzung</gml:name>
        </ListedValueDefinition>
      </gml:dictionaryEntry>
      <gml:dictionaryEntry>
        <ListedValueDefinition gml:id="xplan_BP_Baugebiet_abweichungBauNVO_XP_AbweichungBauNVOTypen_2000">
          <gml:description>Ausschluss einer generell erlaubten Nutzung.</gml:description>
          <gml:identifier codeSpace="urn:citgml">urn:xplan:enum:xplan:BP_Baugebiet:abweichungBauNVO:XP_AbweichungBauNVOTypen:2000</gml:identifier>
          <gml:name>AusschlussNutzung</gml:name>
        </ListedValueDefinition>
      </gml:dictionaryEntry>
      <gml:dictionaryEntry>
        <ListedValueDefinition gml:id="xplan_BP_Baugebiet_abweichungBauNVO_XP_AbweichungBauNVOTypen_3000">
          <gml:description>Eine neu ausnahmsweise zulässige Nutzung wird generell zulässig.</gml:description>
          <gml:identifier codeSpace="urn:citgml">urn:xplan:enum:xplan:BP_Baugebiet:abweichungBauNVO:XP_AbweichungBauNVOTypen:3000</gml:identifier>
          <gml:name>AusweitungNutzung</gml:name>
        </ListedValueDefinition>
      </gml:dictionaryEntry>
      <gml:dictionaryEntry>
        <ListedValueDefinition gml:id="xplan_BP_Baugebiet_abweichungBauNVO_XP_AbweichungBauNVOTypen_9999">
          <gml:description>Sonstige Abweichung.</gml:description>
          <gml:identifier codeSpace="urn:citgml">urn:xplan:enum:xplan:BP_Baugebiet:abweichungBauNVO:XP_AbweichungBauNVOTypen:9999</gml:identifier>
          <gml:name>SonstAbweichung</gml:name>
        </ListedValueDefinition>
      </gml:dictionaryEntry>
      <def:cardinality>0..1</def:cardinality>
      <def:valueTypeName>XP_AbweichungBauNVOTypen</def:valueTypeName>
      <def:type>attribute</def:type>
    </def:PropertyDefinition>
  </gml:dictionaryEntry>
  <gml:dictionaryEntry>
    <def:PropertyDefinition gml:id="xplan_BP_Baugebiet_bauweise">
      <gml:description>Festsetzung der Bauweise  (§9, Abs. 1, Nr. 2 BauGB).</gml:description>
      <gml:identifier codeSpace="urn:citgml">urn:xplan:element:xplan:BP_Baugebiet:attribute:bauweise</gml:identifier>
      <gml:name>xplan:bauweise</gml:name>
      <gml:dictionaryEntry>
        <ListedValueDefinition gml:id="xplan_BP_Baugebiet_bauweise_BP_Bauweise_1000">
          <gml:description>Offene Bauweise</gml:description>
          <gml:identifier codeSpace="urn:citgml">urn:xplan:enum:xplan:BP_Baugebiet:bauweise:BP_Bauweise:1000</gml:identifier>
          <gml:name>OffeneBauweise</gml:name>
        </ListedValueDefinition>
      </gml:dictionaryEntry>
      <gml:dictionaryEntry>
        <ListedValueDefinition gml:id="xplan_BP_Baugebiet_bauweise_BP_Bauweise_2000">
          <gml:description>Geschlossene Bauweise</gml:description>
          <gml:identifier codeSpace="urn:citgml">urn:xplan:enum:xplan:BP_Baugebiet:bauweise:BP_Bauweise:2000</gml:identifier>
          <gml:name>GeschlosseneBauweise</gml:name>
        </ListedValueDefinition>
      </gml:dictionaryEntry>
      <gml:dictionaryEntry>
        <ListedValueDefinition gml:id="xplan_BP_Baugebiet_bauweise_BP_Bauweise_3000">
          <gml:description>Abweichende Bauweise</gml:description>
          <gml:identifier codeSpace="urn:citgml">urn:xplan:enum:xplan:BP_Baugebiet:bauweise:BP_Bauweise:3000</gml:identifier>
          <gml:name>AbweichendeBauweise</gml:name>
        </ListedValueDefinition>
      </gml:dictionaryEntry>
      <def:cardinality>0..1</def:cardinality>
      <def:valueTypeName>BP_Bauweise</def:valueTypeName>
      <def:type>attribute</def:type>
    </def:PropertyDefinition>
  </gml:dictionaryEntry>
  <gml:dictionaryEntry>
    <def:PropertyDefinition gml:id="xplan_BP_Baugebiet_abweichendeBauweise">
      <gml:description>Nähere Bezeichnung einer "Abweichenden Bauweise".</gml:description>
      <gml:identifier codeSpace="urn:citgml">urn:xplan:element:xplan:BP_Baugebiet:attribute:abweichendeBauweise</gml:identifier>
      <gml:name>xplan:abweichendeBauweise</gml:name>
      <def:cardinality>0..1</def:cardinality>
      <def:valueTypeName>BP_AbweichendeBauweise</def:valueTypeName>
      <def:type>attribute</def:type>
    </def:PropertyDefinition>
  </gml:dictionaryEntry>
  <gml:dictionaryEntry>
    <def:PropertyDefinition gml:id="xplan_BP_Baugebiet_vertikaleDifferenzierung">
      <gml:description>Gibt an, ob eine vertikale Differenzierung des Gebäudes vorgeschrieben ist.</gml:description>
      <gml:identifier codeSpace="urn:citgml">urn:xplan:element:xplan:BP_Baugebiet:attribute:vertikaleDifferenzierung</gml:identifier>
      <gml:name>xplan:vertikaleDifferenzierung</gml:name>
      <gml:dictionaryEntry>
        <ListedValueDefinition gml:id="_BP_Baugebiet_vertikaleDifferenzierung_Boolean_1">
          <gml:identifier codeSpace="urn:citgml">urn:xplan:enum::BP_Baugebiet:vertikaleDifferenzierung:Boolean:1</gml:identifier>
          <gml:name>TRUE</gml:name>
        </ListedValueDefinition>
      </gml:dictionaryEntry>
      <gml:dictionaryEntry>
        <ListedValueDefinition gml:id="_BP_Baugebiet_vertikaleDifferenzierung_Boolean_0">
          <gml:identifier codeSpace="urn:citgml">urn:xplan:enum::BP_Baugebiet:vertikaleDifferenzierung:Boolean:0</gml:identifier>
          <gml:name>FALSE</gml:name>
        </ListedValueDefinition>
      </gml:dictionaryEntry>
      <def:cardinality>0..1</def:cardinality>
      <def:valueTypeName>Boolean</def:valueTypeName>
      <def:type>attribute</def:type>
    </def:PropertyDefinition>
  </gml:dictionaryEntry>
  <gml:dictionaryEntry>
    <def:PropertyDefinition gml:id="xplan_BP_Baugebiet_bebauungsArt">
      <gml:description>Detaillierte Festsetzung der Bauweise (§9, Abs. 1, Nr. 2 BauGB).</gml:description>
      <gml:identifier codeSpace="urn:citgml">urn:xplan:element:xplan:BP_Baugebiet:attribute:bebauungsArt</gml:identifier>
      <gml:name>xplan:bebauungsArt</gml:name>
      <gml:dictionaryEntry>
        <ListedValueDefinition gml:id="xplan_BP_Baugebiet_bebauungsArt_BP_BebauungsArt_1000">
          <gml:description>Nur Einzelhäuser zulässig.</gml:description>
          <gml:identifier codeSpace="urn:citgml">urn:xplan:enum:xplan:BP_Baugebiet:bebauungsArt:BP_BebauungsArt:1000</gml:identifier>
          <gml:name>Einzelhaeuser</gml:name>
        </ListedValueDefinition>
      </gml:dictionaryEntry>
      <gml:dictionaryEntry>
        <ListedValueDefinition gml:id="xplan_BP_Baugebiet_bebauungsArt_BP_BebauungsArt_2000">
          <gml:description>Nur Doppelhäuser zulässig.</gml:description>
          <gml:identifier codeSpace="urn:citgml">urn:xplan:enum:xplan:BP_Baugebiet:bebauungsArt:BP_BebauungsArt:2000</gml:identifier>
          <gml:name>Doppelhaeuser</gml:name>
        </ListedValueDefinition>
      </gml:dictionaryEntry>
      <gml:dictionaryEntry>
        <ListedValueDefinition gml:id="xplan_BP_Baugebiet_bebauungsArt_BP_BebauungsArt_3000">
          <gml:description>Nur Hausgruppen zulässig.</gml:description>
          <gml:identifier codeSpace="urn:citgml">urn:xplan:enum:xplan:BP_Baugebiet:bebauungsArt:BP_BebauungsArt:3000</gml:identifier>
          <gml:name>Hausgruppen</gml:name>
        </ListedValueDefinition>
      </gml:dictionaryEntry>
      <gml:dictionaryEntry>
        <ListedValueDefinition gml:id="xplan_BP_Baugebiet_bebauungsArt_BP_BebauungsArt_4000">
          <gml:description>Nur Einzel- oder Doppelhäuser zulässig.</gml:description>
          <gml:identifier codeSpace="urn:citgml">urn:xplan:enum:xplan:BP_Baugebiet:bebauungsArt:BP_BebauungsArt:4000</gml:identifier>
          <gml:name>EinzelDoppelhaeuser</gml:name>
        </ListedValueDefinition>
      </gml:dictionaryEntry>
      <gml:dictionaryEntry>
        <ListedValueDefinition gml:id="xplan_BP_Baugebiet_bebauungsArt_BP_BebauungsArt_5000">
          <gml:description>Nur Einzelhäuser oder Hausgruppen zulässig.</gml:description>
          <gml:identifier codeSpace="urn:citgml">urn:xplan:enum:xplan:BP_Baugebiet:bebauungsArt:BP_BebauungsArt:5000</gml:identifier>
          <gml:name>EinzelhaeuserHausgruppen</gml:name>
        </ListedValueDefinition>
      </gml:dictionaryEntry>
      <gml:dictionaryEntry>
        <ListedValueDefinition gml:id="xplan_BP_Baugebiet_bebauungsArt_BP_BebauungsArt_6000">
          <gml:description>Nur Doppelhäuser oder Hausgruppen zulässig.</gml:description>
          <gml:identifier codeSpace="urn:citgml">urn:xplan:enum:xplan:BP_Baugebiet:bebauungsArt:BP_BebauungsArt:6000</gml:identifier>
          <gml:name>DoppelhaeuserHausgruppen</gml:name>
        </ListedValueDefinition>
      </gml:dictionaryEntry>
      <gml:dictionaryEntry>
        <ListedValueDefinition gml:id="xplan_BP_Baugebiet_bebauungsArt_BP_BebauungsArt_7000">
          <gml:identifier codeSpace="urn:citgml">urn:xplan:enum:xplan:BP_Baugebiet:bebauungsArt:BP_BebauungsArt:7000</gml:identifier>
          <gml:name>Reihenhaeuser</gml:name>
        </ListedValueDefinition>
      </gml:dictionaryEntry>
      <def:cardinality>0..1</def:cardinality>
      <def:valueTypeName>BP_BebauungsArt</def:valueTypeName>
      <def:type>attribute</def:type>
    </def:PropertyDefinition>
  </gml:dictionaryEntry>
  <gml:dictionaryEntry>
    <def:PropertyDefinition gml:id="xplan_BP_Baugebiet_bebauungVordereGrenze">
      <gml:description>Festsetzung der Bebauung der vorderen Grundstücksgrenze (§9, Abs. 1, Nr. 2 BauGB).</gml:description>
      <gml:identifier codeSpace="urn:citgml">urn:xplan:element:xplan:BP_Baugebiet:attribute:bebauungVordereGrenze</gml:identifier>
      <gml:name>xplan:bebauungVordereGrenze</gml:name>
      <gml:dictionaryEntry>
        <ListedValueDefinition gml:id="xplan_BP_Baugebiet_bebauungVordereGrenze_BP_GrenzBebauung_1000">
          <gml:description>Eine Bebauung der Grenze ist verboten.</gml:description>
          <gml:identifier codeSpace="urn:citgml">urn:xplan:enum:xplan:BP_Baugebiet:bebauungVordereGrenze:BP_GrenzBebauung:1000</gml:identifier>
          <gml:name>Verboten</gml:name>
        </ListedValueDefinition>
      </gml:dictionaryEntry>
      <gml:dictionaryEntry>
        <ListedValueDefinition gml:id="xplan_BP_Baugebiet_bebauungVordereGrenze_BP_GrenzBebauung_2000">
          <gml:description>Eine Bebauung der Grenze ist erlaubt.</gml:description>
          <gml:identifier codeSpace="urn:citgml">urn:xplan:enum:xplan:BP_Baugebiet:bebauungVordereGrenze:BP_GrenzBebauung:2000</gml:identifier>
          <gml:name>Erlaubt</gml:name>
        </ListedValueDefinition>
      </gml:dictionaryEntry>
      <gml:dictionaryEntry>
        <ListedValueDefinition gml:id="xplan_BP_Baugebiet_bebauungVordereGrenze_BP_GrenzBebauung_3000">
          <gml:description>Eine Bebauung der Grenze ist vorgeschrieben.</gml:description>
          <gml:identifier codeSpace="urn:citgml">urn:xplan:enum:xplan:BP_Baugebiet:bebauungVordereGrenze:BP_GrenzBebauung:3000</gml:identifier>
          <gml:name>Erzwungen</gml:name>
        </ListedValueDefinition>
      </gml:dictionaryEntry>
      <def:cardinality>0..1</def:cardinality>
      <def:valueTypeName>BP_GrenzBebauung</def:valueTypeName>
      <def:type>attribute</def:type>
    </def:PropertyDefinition>
  </gml:dictionaryEntry>
  <gml:dictionaryEntry>
    <def:PropertyDefinition gml:id="xplan_BP_Baugebiet_bebauungRueckwaertigeGrenze">
      <gml:description>Festsetzung der Bebauung der rückwärtigen Grundstücksgrenze (§9, Abs. 1, Nr. 2 BauGB).</gml:description>
      <gml:identifier codeSpace="urn:citgml">urn:xplan:element:xplan:BP_Baugebiet:attribute:bebauungRueckwaertigeGrenze</gml:identifier>
      <gml:name>xplan:bebauungRueckwaertigeGrenze</gml:name>
      <gml:dictionaryEntry>
        <ListedValueDefinition gml:id="xplan_BP_Baugebiet_bebauungRueckwaertigeGrenze_BP_GrenzBebauung_1000">
          <gml:description>Eine Bebauung der Grenze ist verboten.</gml:description>
          <gml:identifier codeSpace="urn:citgml">urn:xplan:enum:xplan:BP_Baugebiet:bebauungRueckwaertigeGrenze:BP_GrenzBebauung:1000</gml:identifier>
          <gml:name>Verboten</gml:name>
        </ListedValueDefinition>
      </gml:dictionaryEntry>
      <gml:dictionaryEntry>
        <ListedValueDefinition gml:id="xplan_BP_Baugebiet_bebauungRueckwaertigeGrenze_BP_GrenzBebauung_2000">
          <gml:description>Eine Bebauung der Grenze ist erlaubt.</gml:description>
          <gml:identifier codeSpace="urn:citgml">urn:xplan:enum:xplan:BP_Baugebiet:bebauungRueckwaertigeGrenze:BP_GrenzBebauung:2000</gml:identifier>
          <gml:name>Erlaubt</gml:name>
        </ListedValueDefinition>
      </gml:dictionaryEntry>
      <gml:dictionaryEntry>
        <ListedValueDefinition gml:id="xplan_BP_Baugebiet_bebauungRueckwaertigeGrenze_BP_GrenzBebauung_3000">
          <gml:description>Eine Bebauung der Grenze ist vorgeschrieben.</gml:description>
          <gml:identifier codeSpace="urn:citgml">urn:xplan:enum:xplan:BP_Baugebiet:bebauungRueckwaertigeGrenze:BP_GrenzBebauung:3000</gml:identifier>
          <gml:name>Erzwungen</gml:name>
        </ListedValueDefinition>
      </gml:dictionaryEntry>
      <def:cardinality>0..1</def:cardinality>
      <def:valueTypeName>BP_GrenzBebauung</def:valueTypeName>
      <def:type>attribute</def:type>
    </def:PropertyDefinition>
  </gml:dictionaryEntry>
  <gml:dictionaryEntry>
    <def:PropertyDefinition gml:id="xplan_BP_Baugebiet_bebauungSeitlicheGrenze">
      <gml:description>Festsetzung der Bebauung der seitlichen Grundstücksgrenze (§9, Abs. 1, Nr. 2 BauGB).</gml:description>
      <gml:identifier codeSpace="urn:citgml">urn:xplan:element:xplan:BP_Baugebiet:attribute:bebauungSeitlicheGrenze</gml:identifier>
      <gml:name>xplan:bebauungSeitlicheGrenze</gml:name>
      <gml:dictionaryEntry>
        <ListedValueDefinition gml:id="xplan_BP_Baugebiet_bebauungSeitlicheGrenze_BP_GrenzBebauung_1000">
          <gml:description>Eine Bebauung der Grenze ist verboten.</gml:description>
          <gml:identifier codeSpace="urn:citgml">urn:xplan:enum:xplan:BP_Baugebiet:bebauungSeitlicheGrenze:BP_GrenzBebauung:1000</gml:identifier>
          <gml:name>Verboten</gml:name>
        </ListedValueDefinition>
      </gml:dictionaryEntry>
      <gml:dictionaryEntry>
        <ListedValueDefinition gml:id="xplan_BP_Baugebiet_bebauungSeitlicheGrenze_BP_GrenzBebauung_2000">
          <gml:description>Eine Bebauung der Grenze ist erlaubt.</gml:description>
          <gml:identifier codeSpace="urn:citgml">urn:xplan:enum:xplan:BP_Baugebiet:bebauungSeitlicheGrenze:BP_GrenzBebauung:2000</gml:identifier>
          <gml:name>Erlaubt</gml:name>
        </ListedValueDefinition>
      </gml:dictionaryEntry>
      <gml:dictionaryEntry>
        <ListedValueDefinition gml:id="xplan_BP_Baugebiet_bebauungSeitlicheGrenze_BP_GrenzBebauung_3000">
          <gml:description>Eine Bebauung der Grenze ist vorgeschrieben.</gml:description>
          <gml:identifier codeSpace="urn:citgml">urn:xplan:enum:xplan:BP_Baugebiet:bebauungSeitlicheGrenze:BP_GrenzBebauung:3000</gml:identifier>
          <gml:name>Erzwungen</gml:name>
        </ListedValueDefinition>
      </gml:dictionaryEntry>
      <def:cardinality>0..1</def:cardinality>
      <def:valueTypeName>BP_GrenzBebauung</def:valueTypeName>
      <def:type>attribute</def:type>
    </def:PropertyDefinition>
  </gml:dictionaryEntry>
  <gml:dictionaryEntry>
    <def:PropertyDefinition gml:id="xplan_BP_Baugebiet_refGebaeudequerschnitt">
      <gml:description>Referenz auf ein Dokument mit vorgeschriebenen Gebäudequerschnitten.
</gml:description>
      <gml:identifier codeSpace="urn:citgml">urn:xplan:element:xplan:BP_Baugebiet:attribute:refGebaeudequerschnitt</gml:identifier>
      <gml:name>xplan:refGebaeudequerschnitt</gml:name>
      <def:cardinality>0..*</def:cardinality>
      <def:valueTypeRef xlink:href="urn:xplan:element:xplan:XP_ExterneReferenz" />
      <def:type>attribute</def:type>
    </def:PropertyDefinition>
  </gml:dictionaryEntry>
  <gml:dictionaryEntry>
    <def:PropertyDefinition gml:id="xplan_BP_Baugebiet_zugunstenVon">
      <gml:description>Angabe des Begünstigen einer Ausweisung.</gml:description>
      <gml:identifier codeSpace="urn:citgml">urn:xplan:element:xplan:BP_Baugebiet:attribute:zugunstenVon</gml:identifier>
      <gml:name>xplan:zugunstenVon</gml:name>
      <def:cardinality>0..1</def:cardinality>
      <def:valueTypeRef xlink:href="urn:xplan:element::CharacterString" />
      <def:type>attribute</def:type>
    </def:PropertyDefinition>
  </gml:dictionaryEntry>
  <gml:dictionaryEntry>
    <def:PropertyDefinition gml:id="xplan_BP_Baugebiet_flaechenteil">
      <gml:description />
      <gml:identifier codeSpace="urn:citgml">urn:xplan:element:xplan:BP_Baugebiet:association-role:flaechenteil</gml:identifier>
      <gml:name>xplan:flaechenteil</gml:name>
      <def:cardinality>1..*</def:cardinality>
      <def:valueTypeRef xlink:href="urn:xplan:element:xplan:BP_BaugebietsTeilFlaeche" />
      <def:type>associationRole</def:type>
    </def:PropertyDefinition>
  </gml:dictionaryEntry>
  <gml:dictionaryEntry>
    <def:PropertyDefinition gml:id="xplan_BP_Baugebiet_abweichungText">
      <gml:description />
      <gml:identifier codeSpace="urn:citgml">urn:xplan:element:xplan:BP_Baugebiet:association-role:abweichungText</gml:identifier>
      <gml:name>xplan:abweichungText</gml:name>
      <def:cardinality>0..*</def:cardinality>
      <def:valueTypeRef xlink:href="urn:xplan:element:xplan:XP_TextAbschnitt" />
      <def:type>associationRole</def:type>
    </def:PropertyDefinition>
  </gml:dictionaryEntry>
  <def:classification>featureType</def:classification>
  <def:supertypeRef xlink:href="urn:xplan:element:xplan:BP_Objekt" />
</TypeDefinition>