﻿<!--Erzeugt mit KIT (www.kit.edu) UmlToXmlTransformation-Software, Erstellungsdatum: 24.08.2012 09:29:23-->
<TypeDefinition xmlns="http://www.interactive-instruments.de/ShapeChange/Definitions/0.5" xmlns:def="http://www.interactive-instruments.de/ShapeChange/Definitions/0.5" xmlns:gml="http://www.opengis.net/gml/3.2" xmlns:xlink="http://www.w3.org/1999/xlink" xmlns:xsi="http://www.w3.org/2001/XMLSchema-instance" xsi:schemaLocation="http://www.interactive-instruments.de/ShapeChange/Definitions/0.5 ../xsd/ShapeChangeDefinitions.xsd" gml:id="xplanNSM_RP_Bodenschutz">
  <gml:description />
  <gml:identifier codeSpace="urn:citgml">urn:xplan:element:xplanNSM:RP_Bodenschutz</gml:identifier>
  <gml:name>xplanNSM:RP_Bodenschutz</gml:name>
  <gml:dictionaryEntry>
    <def:PropertyDefinition gml:id="xplanNSM_RP_Bodenschutz_zweckbestimmungBS">
      <gml:description />
      <gml:identifier codeSpace="urn:citgml">urn:xplan:element:xplanNSM:RP_Bodenschutz:attribute:zweckbestimmungBS</gml:identifier>
      <gml:name>xplanNSM:zweckbestimmungBS</gml:name>
      <gml:dictionaryEntry>
        <ListedValueDefinition gml:id="xplanNSM_RP_Bodenschutz_zweckbestimmungBS_RP_NSM_ZweckbestimmungBodenschutz_1000">
          <gml:identifier codeSpace="urn:citgml">urn:xplan:enum:xplanNSM:RP_Bodenschutz:zweckbestimmungBS:RP_NSM_ZweckbestimmungBodenschutz:1000</gml:identifier>
          <gml:name>BeseitigungErheblicherBodenbelastungen</gml:name>
        </ListedValueDefinition>
      </gml:dictionaryEntry>
      <gml:dictionaryEntry>
        <ListedValueDefinition gml:id="xplanNSM_RP_Bodenschutz_zweckbestimmungBS_RP_NSM_ZweckbestimmungBodenschutz_2000">
          <gml:identifier codeSpace="urn:citgml">urn:xplan:enum:xplanNSM:RP_Bodenschutz:zweckbestimmungBS:RP_NSM_ZweckbestimmungBodenschutz:2000</gml:identifier>
          <gml:name>SicherungSanierungVonAltlasten</gml:name>
        </ListedValueDefinition>
      </gml:dictionaryEntry>
      <def:cardinality>0..1</def:cardinality>
      <def:valueTypeName>RP_NSM_ZweckbestimmungBodenschutz</def:valueTypeName>
      <def:type>attribute</def:type>
    </def:PropertyDefinition>
  </gml:dictionaryEntry>
  <def:classification />
  <def:supertypeRef xlink:href="urn:xplan:element:xplan:RP_Bodenschutz" />
</TypeDefinition>