﻿<!--Erzeugt mit KIT (www.kit.edu) UmlToXmlTransformation-Software, Erstellungsdatum: 09.09.2013 11:09:00-->
<TypeDefinition xmlns="http://www.interactive-instruments.de/ShapeChange/Definitions/0.5" xmlns:def="http://www.interactive-instruments.de/ShapeChange/Definitions/0.5" xmlns:gml="http://www.opengis.net/gml/3.2" xmlns:xlink="http://www.w3.org/1999/xlink" xmlns:xsi="http://www.w3.org/2001/XMLSchema-instance" xsi:schemaLocation="http://www.interactive-instruments.de/ShapeChange/Definitions/0.5 ../xsd/ShapeChangeDefinitions.xsd" gml:id="xplan_FP_GenerischesObjekt">
  <gml:description>Klasse zur Modellierung aller Inhalte des FPlans, die keine nachrichtliche Übernahmen aus anderen Rechts-bereichen sind, aber durch keine andere Klasse des FPlan-Fachschemas dargestellt werden können.
</gml:description>
  <gml:identifier codeSpace="urn:citgml">urn:xplan:element:xplan:FP_GenerischesObjekt</gml:identifier>
  <gml:name>xplan:FP_GenerischesObjekt</gml:name>
  <gml:dictionaryEntry>
    <def:PropertyDefinition gml:id="xplan_FP_GenerischesObjekt_zweckbestimmung">
      <gml:description>Über eine ExternalCodeList. definierte Zweckbestimmungen des Objekts.
</gml:description>
      <gml:identifier codeSpace="urn:citgml">urn:xplan:element:xplan:FP_GenerischesObjekt:attribute:zweckbestimmung</gml:identifier>
      <gml:name>xplan:zweckbestimmung</gml:name>
      <def:cardinality>0..*</def:cardinality>
      <def:valueTypeName>FP_ZweckbestimmungGenerischeObjekte</def:valueTypeName>
      <def:type>attribute</def:type>
    </def:PropertyDefinition>
  </gml:dictionaryEntry>
  <gml:dictionaryEntry>
    <def:PropertyDefinition gml:id="xplan_FP_GenerischesObjekt_weitereZweckbestimmung1">
      <gml:description>Über eine ExternalCodeList definierte weitere Zweckbestimmung des Objekts. Besondere Zweckbestimmung des Vorhabens, die die spezifizierte allgemeine Zweckbestimmung detaillieren. &lt;b&gt;Dies Attribut ist ab Version 4.1 als "veraltet" gekennzeichnet, es sollte stattdessen &lt;/b&gt;&lt;b&gt;&lt;i&gt;zweckbestimmung &lt;/i&gt;&lt;/b&gt;&lt;b&gt;mehrfach belegt werden.&lt;/b&gt;
</gml:description>
      <gml:identifier codeSpace="urn:citgml">urn:xplan:element:xplan:FP_GenerischesObjekt:attribute:weitereZweckbestimmung1</gml:identifier>
      <gml:name>xplan:weitereZweckbestimmung1</gml:name>
      <def:cardinality>0..1</def:cardinality>
      <def:valueTypeName>FP_ZweckbestimmungGenerischeObjekte</def:valueTypeName>
      <def:type>attribute</def:type>
    </def:PropertyDefinition>
  </gml:dictionaryEntry>
  <gml:dictionaryEntry>
    <def:PropertyDefinition gml:id="xplan_FP_GenerischesObjekt_weitereZweckbestimmung2">
      <gml:description>Über eine ExternalCodeList definierte weitere Zweckbestimmung des Objekts. &lt;b&gt;Dies Attribut ist ab Version 4.1 als "veraltet" gekennzeichnet, es sollte stattdessen &lt;/b&gt;&lt;b&gt;&lt;i&gt;zweckbestimmung &lt;/i&gt;&lt;/b&gt;&lt;b&gt;mehrfach belegt werden.&lt;/b&gt;
</gml:description>
      <gml:identifier codeSpace="urn:citgml">urn:xplan:element:xplan:FP_GenerischesObjekt:attribute:weitereZweckbestimmung2</gml:identifier>
      <gml:name>xplan:weitereZweckbestimmung2</gml:name>
      <def:cardinality>0..1</def:cardinality>
      <def:valueTypeName>FP_ZweckbestimmungGenerischeObjekte</def:valueTypeName>
      <def:type>attribute</def:type>
    </def:PropertyDefinition>
  </gml:dictionaryEntry>
  <gml:dictionaryEntry>
    <def:PropertyDefinition gml:id="xplan_FP_GenerischesObjekt_weitereZweckbestimmung3">
      <gml:description>Über eine ExternalCodeList definierte weitere Zweckbestimmung des Objekts. &lt;b&gt;Dies Attribut ist ab Version 4.1 als "veraltet" gekennzeichnet, es sollte stattdessen &lt;/b&gt;&lt;b&gt;&lt;i&gt;zweckbestimmung &lt;/i&gt;&lt;/b&gt;&lt;b&gt;mehrfach belegt werden.&lt;/b&gt;
</gml:description>
      <gml:identifier codeSpace="urn:citgml">urn:xplan:element:xplan:FP_GenerischesObjekt:attribute:weitereZweckbestimmung3</gml:identifier>
      <gml:name>xplan:weitereZweckbestimmung3</gml:name>
      <def:cardinality>0..1</def:cardinality>
      <def:valueTypeName>FP_ZweckbestimmungGenerischeObjekte</def:valueTypeName>
      <def:type>attribute</def:type>
    </def:PropertyDefinition>
  </gml:dictionaryEntry>
  <def:classification>featureType</def:classification>
  <def:supertypeRef xlink:href="urn:xplan:element:xplan:FP_Geometrieobjekt" />
</TypeDefinition>