﻿<!--Erzeugt mit KIT (www.kit.edu) UmlToXmlTransformation-Software, Erstellungsdatum: 09.09.2013 11:09:03-->
<TypeDefinition xmlns="http://www.interactive-instruments.de/ShapeChange/Definitions/0.5" xmlns:def="http://www.interactive-instruments.de/ShapeChange/Definitions/0.5" xmlns:gml="http://www.opengis.net/gml/3.2" xmlns:xlink="http://www.w3.org/1999/xlink" xmlns:xsi="http://www.w3.org/2001/XMLSchema-instance" xsi:schemaLocation="http://www.interactive-instruments.de/ShapeChange/Definitions/0.5 ../xsd/ShapeChangeDefinitions.xsd" gml:id="xplan_FP_Strassenverkehr">
  <gml:description>Darstellung von Flächen für den überörtlichen Verkehr und für die örtlichen Hauptverkehrszüge ( §5, Abs. 2, Nr. 3 BauGB).
</gml:description>
  <gml:identifier codeSpace="urn:citgml">urn:xplan:element:xplan:FP_Strassenverkehr</gml:identifier>
  <gml:name>xplan:FP_Strassenverkehr</gml:name>
  <gml:dictionaryEntry>
    <def:PropertyDefinition gml:id="xplan_FP_Strassenverkehr_zweckbestimmung">
      <gml:description>Allgemeine Zweckbestimmung des Objektes.</gml:description>
      <gml:identifier codeSpace="urn:citgml">urn:xplan:element:xplan:FP_Strassenverkehr:attribute:zweckbestimmung</gml:identifier>
      <gml:name>xplan:zweckbestimmung</gml:name>
      <gml:dictionaryEntry>
        <ListedValueDefinition gml:id="xplan_FP_Strassenverkehr_zweckbestimmung_FP_ZweckbestimmungStrassenverkehr_1000">
          <gml:description>Autobahn und autobahnähnliche Straße.</gml:description>
          <gml:identifier codeSpace="urn:citgml">urn:xplan:enum:xplan:FP_Strassenverkehr:zweckbestimmung:FP_ZweckbestimmungStrassenverkehr:1000</gml:identifier>
          <gml:name>Autobahn</gml:name>
        </ListedValueDefinition>
      </gml:dictionaryEntry>
      <gml:dictionaryEntry>
        <ListedValueDefinition gml:id="xplan_FP_Strassenverkehr_zweckbestimmung_FP_ZweckbestimmungStrassenverkehr_1200">
          <gml:description>Sonstige örtliche oder überörtliche Hauptverkehrsstraße bzw. Weg.</gml:description>
          <gml:identifier codeSpace="urn:citgml">urn:xplan:enum:xplan:FP_Strassenverkehr:zweckbestimmung:FP_ZweckbestimmungStrassenverkehr:1200</gml:identifier>
          <gml:name>Hauptverkehrsstrasse</gml:name>
        </ListedValueDefinition>
      </gml:dictionaryEntry>
      <gml:dictionaryEntry>
        <ListedValueDefinition gml:id="xplan_FP_Strassenverkehr_zweckbestimmung_FP_ZweckbestimmungStrassenverkehr_1400">
          <gml:description>Sonstiger Verkehrsweg oder Anlage.</gml:description>
          <gml:identifier codeSpace="urn:citgml">urn:xplan:enum:xplan:FP_Strassenverkehr:zweckbestimmung:FP_ZweckbestimmungStrassenverkehr:1400</gml:identifier>
          <gml:name>SonstigerVerkehrswegAnlage</gml:name>
        </ListedValueDefinition>
      </gml:dictionaryEntry>
      <gml:dictionaryEntry>
        <ListedValueDefinition gml:id="xplan_FP_Strassenverkehr_zweckbestimmung_FP_ZweckbestimmungStrassenverkehr_1600">
          <gml:description>Fläche oder Anlage für den ruhenden Verkehr.</gml:description>
          <gml:identifier codeSpace="urn:citgml">urn:xplan:enum:xplan:FP_Strassenverkehr:zweckbestimmung:FP_ZweckbestimmungStrassenverkehr:1600</gml:identifier>
          <gml:name>RuhenderVerkehr</gml:name>
        </ListedValueDefinition>
      </gml:dictionaryEntry>
      <gml:dictionaryEntry>
        <ListedValueDefinition gml:id="xplan_FP_Strassenverkehr_zweckbestimmung_FP_ZweckbestimmungStrassenverkehr_9999">
          <gml:description>Sonstige Zweckbestimmung</gml:description>
          <gml:identifier codeSpace="urn:citgml">urn:xplan:enum:xplan:FP_Strassenverkehr:zweckbestimmung:FP_ZweckbestimmungStrassenverkehr:9999</gml:identifier>
          <gml:name>Sonstiges</gml:name>
        </ListedValueDefinition>
      </gml:dictionaryEntry>
      <def:cardinality>0..1</def:cardinality>
      <def:valueTypeName>FP_ZweckbestimmungStrassenverkehr</def:valueTypeName>
      <def:type>attribute</def:type>
    </def:PropertyDefinition>
  </gml:dictionaryEntry>
  <gml:dictionaryEntry>
    <def:PropertyDefinition gml:id="xplan_FP_Strassenverkehr_besondereZweckbestimmung">
      <gml:description>Besondere Zweckbestimmung des Objektes, der die allgemiene Zweckbestimmung detaillliert oder ersetzt.</gml:description>
      <gml:identifier codeSpace="urn:citgml">urn:xplan:element:xplan:FP_Strassenverkehr:attribute:besondereZweckbestimmung</gml:identifier>
      <gml:name>xplan:besondereZweckbestimmung</gml:name>
      <gml:dictionaryEntry>
        <ListedValueDefinition gml:id="xplan_FP_Strassenverkehr_besondereZweckbestimmung_FP_BesondereZweckbestimmungStrassenverkehr_14000">
          <gml:identifier codeSpace="urn:citgml">urn:xplan:enum:xplan:FP_Strassenverkehr:besondereZweckbestimmung:FP_BesondereZweckbestimmungStrassenverkehr:14000</gml:identifier>
          <gml:name>VerkehrsberuhigterBereich</gml:name>
        </ListedValueDefinition>
      </gml:dictionaryEntry>
      <gml:dictionaryEntry>
        <ListedValueDefinition gml:id="xplan_FP_Strassenverkehr_besondereZweckbestimmung_FP_BesondereZweckbestimmungStrassenverkehr_14001">
          <gml:identifier codeSpace="urn:citgml">urn:xplan:enum:xplan:FP_Strassenverkehr:besondereZweckbestimmung:FP_BesondereZweckbestimmungStrassenverkehr:14001</gml:identifier>
          <gml:name>Platz</gml:name>
        </ListedValueDefinition>
      </gml:dictionaryEntry>
      <gml:dictionaryEntry>
        <ListedValueDefinition gml:id="xplan_FP_Strassenverkehr_besondereZweckbestimmung_FP_BesondereZweckbestimmungStrassenverkehr_14002">
          <gml:identifier codeSpace="urn:citgml">urn:xplan:enum:xplan:FP_Strassenverkehr:besondereZweckbestimmung:FP_BesondereZweckbestimmungStrassenverkehr:14002</gml:identifier>
          <gml:name>Fussgaengerbereich</gml:name>
        </ListedValueDefinition>
      </gml:dictionaryEntry>
      <gml:dictionaryEntry>
        <ListedValueDefinition gml:id="xplan_FP_Strassenverkehr_besondereZweckbestimmung_FP_BesondereZweckbestimmungStrassenverkehr_14003">
          <gml:identifier codeSpace="urn:citgml">urn:xplan:enum:xplan:FP_Strassenverkehr:besondereZweckbestimmung:FP_BesondereZweckbestimmungStrassenverkehr:14003</gml:identifier>
          <gml:name>RadFussweg</gml:name>
        </ListedValueDefinition>
      </gml:dictionaryEntry>
      <gml:dictionaryEntry>
        <ListedValueDefinition gml:id="xplan_FP_Strassenverkehr_besondereZweckbestimmung_FP_BesondereZweckbestimmungStrassenverkehr_14004">
          <gml:identifier codeSpace="urn:citgml">urn:xplan:enum:xplan:FP_Strassenverkehr:besondereZweckbestimmung:FP_BesondereZweckbestimmungStrassenverkehr:14004</gml:identifier>
          <gml:name>Radweg</gml:name>
        </ListedValueDefinition>
      </gml:dictionaryEntry>
      <gml:dictionaryEntry>
        <ListedValueDefinition gml:id="xplan_FP_Strassenverkehr_besondereZweckbestimmung_FP_BesondereZweckbestimmungStrassenverkehr_14005">
          <gml:identifier codeSpace="urn:citgml">urn:xplan:enum:xplan:FP_Strassenverkehr:besondereZweckbestimmung:FP_BesondereZweckbestimmungStrassenverkehr:14005</gml:identifier>
          <gml:name>Fussweg</gml:name>
        </ListedValueDefinition>
      </gml:dictionaryEntry>
      <gml:dictionaryEntry>
        <ListedValueDefinition gml:id="xplan_FP_Strassenverkehr_besondereZweckbestimmung_FP_BesondereZweckbestimmungStrassenverkehr_14006">
          <gml:identifier codeSpace="urn:citgml">urn:xplan:enum:xplan:FP_Strassenverkehr:besondereZweckbestimmung:FP_BesondereZweckbestimmungStrassenverkehr:14006</gml:identifier>
          <gml:name>Wanderweg</gml:name>
        </ListedValueDefinition>
      </gml:dictionaryEntry>
      <gml:dictionaryEntry>
        <ListedValueDefinition gml:id="xplan_FP_Strassenverkehr_besondereZweckbestimmung_FP_BesondereZweckbestimmungStrassenverkehr_14007">
          <gml:identifier codeSpace="urn:citgml">urn:xplan:enum:xplan:FP_Strassenverkehr:besondereZweckbestimmung:FP_BesondereZweckbestimmungStrassenverkehr:14007</gml:identifier>
          <gml:name>ReitKutschweg</gml:name>
        </ListedValueDefinition>
      </gml:dictionaryEntry>
      <gml:dictionaryEntry>
        <ListedValueDefinition gml:id="xplan_FP_Strassenverkehr_besondereZweckbestimmung_FP_BesondereZweckbestimmungStrassenverkehr_14008">
          <gml:identifier codeSpace="urn:citgml">urn:xplan:enum:xplan:FP_Strassenverkehr:besondereZweckbestimmung:FP_BesondereZweckbestimmungStrassenverkehr:14008</gml:identifier>
          <gml:name>Rastanlage</gml:name>
        </ListedValueDefinition>
      </gml:dictionaryEntry>
      <gml:dictionaryEntry>
        <ListedValueDefinition gml:id="xplan_FP_Strassenverkehr_besondereZweckbestimmung_FP_BesondereZweckbestimmungStrassenverkehr_14009">
          <gml:identifier codeSpace="urn:citgml">urn:xplan:enum:xplan:FP_Strassenverkehr:besondereZweckbestimmung:FP_BesondereZweckbestimmungStrassenverkehr:14009</gml:identifier>
          <gml:name>Busbahnhof</gml:name>
        </ListedValueDefinition>
      </gml:dictionaryEntry>
      <gml:dictionaryEntry>
        <ListedValueDefinition gml:id="xplan_FP_Strassenverkehr_besondereZweckbestimmung_FP_BesondereZweckbestimmungStrassenverkehr_14010">
          <gml:identifier codeSpace="urn:citgml">urn:xplan:enum:xplan:FP_Strassenverkehr:besondereZweckbestimmung:FP_BesondereZweckbestimmungStrassenverkehr:14010</gml:identifier>
          <gml:name>UeberfuehrenderVerkehrsweg</gml:name>
        </ListedValueDefinition>
      </gml:dictionaryEntry>
      <gml:dictionaryEntry>
        <ListedValueDefinition gml:id="xplan_FP_Strassenverkehr_besondereZweckbestimmung_FP_BesondereZweckbestimmungStrassenverkehr_14011">
          <gml:identifier codeSpace="urn:citgml">urn:xplan:enum:xplan:FP_Strassenverkehr:besondereZweckbestimmung:FP_BesondereZweckbestimmungStrassenverkehr:14011</gml:identifier>
          <gml:name>UnterfuehrenderVerkehrsweg</gml:name>
        </ListedValueDefinition>
      </gml:dictionaryEntry>
      <def:cardinality>0..1</def:cardinality>
      <def:valueTypeName>FP_BesondereZweckbestimmungStrassenverkehr</def:valueTypeName>
      <def:type>attribute</def:type>
    </def:PropertyDefinition>
  </gml:dictionaryEntry>
  <gml:dictionaryEntry>
    <def:PropertyDefinition gml:id="xplan_FP_Strassenverkehr_detaillierteZweckbestimmung">
      <gml:description>Über eine CodeList definierte zusätzliche Zweckbestimmung</gml:description>
      <gml:identifier codeSpace="urn:citgml">urn:xplan:element:xplan:FP_Strassenverkehr:attribute:detaillierteZweckbestimmung</gml:identifier>
      <gml:name>xplan:detaillierteZweckbestimmung</gml:name>
      <def:cardinality>0..1</def:cardinality>
      <def:valueTypeName>FP_DetailZweckbestStrassenverkehr</def:valueTypeName>
      <def:type>attribute</def:type>
    </def:PropertyDefinition>
  </gml:dictionaryEntry>
  <gml:dictionaryEntry>
    <def:PropertyDefinition gml:id="xplan_FP_Strassenverkehr_nutzungsform">
      <gml:description>Nutzungsform</gml:description>
      <gml:identifier codeSpace="urn:citgml">urn:xplan:element:xplan:FP_Strassenverkehr:attribute:nutzungsform</gml:identifier>
      <gml:name>xplan:nutzungsform</gml:name>
      <gml:dictionaryEntry>
        <ListedValueDefinition gml:id="xplan_FP_Strassenverkehr_nutzungsform_XP_Nutzungsform_1000">
          <gml:description>Private Nutzung</gml:description>
          <gml:identifier codeSpace="urn:citgml">urn:xplan:enum:xplan:FP_Strassenverkehr:nutzungsform:XP_Nutzungsform:1000</gml:identifier>
          <gml:name>Privat</gml:name>
        </ListedValueDefinition>
      </gml:dictionaryEntry>
      <gml:dictionaryEntry>
        <ListedValueDefinition gml:id="xplan_FP_Strassenverkehr_nutzungsform_XP_Nutzungsform_2000">
          <gml:description>Öffentliche Nutzung</gml:description>
          <gml:identifier codeSpace="urn:citgml">urn:xplan:enum:xplan:FP_Strassenverkehr:nutzungsform:XP_Nutzungsform:2000</gml:identifier>
          <gml:name>Oeffentlich</gml:name>
        </ListedValueDefinition>
      </gml:dictionaryEntry>
      <def:cardinality>0..1</def:cardinality>
      <def:valueTypeName>XP_Nutzungsform</def:valueTypeName>
      <def:type>attribute</def:type>
    </def:PropertyDefinition>
  </gml:dictionaryEntry>
  <def:classification>featureType</def:classification>
  <def:supertypeRef xlink:href="urn:xplan:element:xplan:FP_Geometrieobjekt" />
</TypeDefinition>