﻿<!--Erzeugt mit KIT (www.kit.edu) UmlToXmlTransformation-Software, Erstellungsdatum: 09.09.2013 11:08:53-->
<TypeDefinition xmlns="http://www.interactive-instruments.de/ShapeChange/Definitions/0.5" xmlns:def="http://www.interactive-instruments.de/ShapeChange/Definitions/0.5" xmlns:gml="http://www.opengis.net/gml/3.2" xmlns:xlink="http://www.w3.org/1999/xlink" xmlns:xsi="http://www.w3.org/2001/XMLSchema-instance" xsi:schemaLocation="http://www.interactive-instruments.de/ShapeChange/Definitions/0.5 ../xsd/ShapeChangeDefinitions.xsd" gml:id="xplan_FP_Objekt">
  <gml:description>Basisklasse für alle Fachobjekte des Flächennutzungsplans.</gml:description>
  <gml:identifier codeSpace="urn:citgml">urn:xplan:element:xplan:FP_Objekt</gml:identifier>
  <gml:name>xplan:FP_Objekt</gml:name>
  <gml:dictionaryEntry>
    <def:PropertyDefinition gml:id="xplan_FP_Objekt_rechtscharakter">
      <gml:description>Rechtliche Charakterisierung des Planinhalts</gml:description>
      <gml:identifier codeSpace="urn:citgml">urn:xplan:element:xplan:FP_Objekt:attribute:rechtscharakter</gml:identifier>
      <gml:name>xplan:rechtscharakter</gml:name>
      <gml:dictionaryEntry>
        <ListedValueDefinition gml:id="xplan_FP_Objekt_rechtscharakter_FP_Rechtscharakter_1000">
          <gml:identifier codeSpace="urn:citgml">urn:xplan:enum:xplan:FP_Objekt:rechtscharakter:FP_Rechtscharakter:1000</gml:identifier>
          <gml:name>Darstellung</gml:name>
        </ListedValueDefinition>
      </gml:dictionaryEntry>
      <gml:dictionaryEntry>
        <ListedValueDefinition gml:id="xplan_FP_Objekt_rechtscharakter_FP_Rechtscharakter_3000">
          <gml:identifier codeSpace="urn:citgml">urn:xplan:enum:xplan:FP_Objekt:rechtscharakter:FP_Rechtscharakter:3000</gml:identifier>
          <gml:name>Hinweis</gml:name>
        </ListedValueDefinition>
      </gml:dictionaryEntry>
      <gml:dictionaryEntry>
        <ListedValueDefinition gml:id="xplan_FP_Objekt_rechtscharakter_FP_Rechtscharakter_4000">
          <gml:identifier codeSpace="urn:citgml">urn:xplan:enum:xplan:FP_Objekt:rechtscharakter:FP_Rechtscharakter:4000</gml:identifier>
          <gml:name>Vermerk</gml:name>
        </ListedValueDefinition>
      </gml:dictionaryEntry>
      <gml:dictionaryEntry>
        <ListedValueDefinition gml:id="xplan_FP_Objekt_rechtscharakter_FP_Rechtscharakter_5000">
          <gml:identifier codeSpace="urn:citgml">urn:xplan:enum:xplan:FP_Objekt:rechtscharakter:FP_Rechtscharakter:5000</gml:identifier>
          <gml:name>Kennzeichnung</gml:name>
        </ListedValueDefinition>
      </gml:dictionaryEntry>
      <def:cardinality>0..1</def:cardinality>
      <def:valueTypeName>FP_Rechtscharakter</def:valueTypeName>
      <def:type>attribute</def:type>
    </def:PropertyDefinition>
  </gml:dictionaryEntry>
  <gml:dictionaryEntry>
    <def:PropertyDefinition gml:id="xplan_FP_Objekt_spezifischePraegung">
      <gml:description>Spezifische bauliche Prägung einer Darstellung.</gml:description>
      <gml:identifier codeSpace="urn:citgml">urn:xplan:element:xplan:FP_Objekt:attribute:spezifischePraegung</gml:identifier>
      <gml:name>xplan:spezifischePraegung</gml:name>
      <def:cardinality>0..1</def:cardinality>
      <def:valueTypeName>FP_SpezifischePraegungTypen</def:valueTypeName>
      <def:type>attribute</def:type>
    </def:PropertyDefinition>
  </gml:dictionaryEntry>
  <gml:dictionaryEntry>
    <def:PropertyDefinition gml:id="xplan_FP_Objekt_gehoertZuFP_Bereich">
      <gml:description />
      <gml:identifier codeSpace="urn:citgml">urn:xplan:element:xplan:FP_Objekt:association-role:gehoertZuFP_Bereich</gml:identifier>
      <gml:name>xplan:gehoertZuFP_Bereich</gml:name>
      <def:cardinality>0..*</def:cardinality>
      <def:valueTypeRef xlink:href="urn:xplan:element:xplan:FP_Bereich" />
      <def:type>associationRole</def:type>
    </def:PropertyDefinition>
  </gml:dictionaryEntry>
  <gml:dictionaryEntry>
    <def:PropertyDefinition gml:id="xplan_FP_Objekt_wirdAusgeglichenDurchFlaeche">
      <gml:description />
      <gml:identifier codeSpace="urn:citgml">urn:xplan:element:xplan:FP_Objekt:association-role:wirdAusgeglichenDurchFlaeche</gml:identifier>
      <gml:name>xplan:wirdAusgeglichenDurchFlaeche</gml:name>
      <def:cardinality>0..*</def:cardinality>
      <def:valueTypeRef xlink:href="urn:xplan:element:xplan:FP_AusgleichsFlaeche" />
      <def:type>associationRole</def:type>
    </def:PropertyDefinition>
  </gml:dictionaryEntry>
  <gml:dictionaryEntry>
    <def:PropertyDefinition gml:id="xplan_FP_Objekt_wirdAusgeglichenDurchSPE">
      <gml:description />
      <gml:identifier codeSpace="urn:citgml">urn:xplan:element:xplan:FP_Objekt:association-role:wirdAusgeglichenDurchSPE</gml:identifier>
      <gml:name>xplan:wirdAusgeglichenDurchSPE</gml:name>
      <def:cardinality>0..*</def:cardinality>
      <def:valueTypeRef xlink:href="urn:xplan:element:xplan:FP_SchutzPflegeEntwicklung" />
      <def:type>associationRole</def:type>
    </def:PropertyDefinition>
  </gml:dictionaryEntry>
  <def:classification>featureType</def:classification>
  <def:supertypeRef xlink:href="urn:xplan:element:xplan:XP_Objekt" />
</TypeDefinition>