﻿<!--Erzeugt mit KIT (www.kit.edu) UmlToXmlTransformation-Software, Erstellungsdatum: 09.09.2013 11:09:04-->
<TypeDefinition xmlns="http://www.interactive-instruments.de/ShapeChange/Definitions/0.5" xmlns:def="http://www.interactive-instruments.de/ShapeChange/Definitions/0.5" xmlns:gml="http://www.opengis.net/gml/3.2" xmlns:xlink="http://www.w3.org/1999/xlink" xmlns:xsi="http://www.w3.org/2001/XMLSchema-instance" xsi:schemaLocation="http://www.interactive-instruments.de/ShapeChange/Definitions/0.5 ../xsd/ShapeChangeDefinitions.xsd" gml:id="xplan_RP_Objekt">
  <gml:description>Basisklasse für alle spezifischen Festlegungen eines Regionalplans.</gml:description>
  <gml:identifier codeSpace="urn:citgml">urn:xplan:element:xplan:RP_Objekt</gml:identifier>
  <gml:name>xplan:RP_Objekt</gml:name>
  <gml:dictionaryEntry>
    <def:PropertyDefinition gml:id="xplan_RP_Objekt_rechtscharakter">
      <gml:description>Rechtscharakter des Planinhalts.</gml:description>
      <gml:identifier codeSpace="urn:citgml">urn:xplan:element:xplan:RP_Objekt:attribute:rechtscharakter</gml:identifier>
      <gml:name>xplan:rechtscharakter</gml:name>
      <gml:dictionaryEntry>
        <ListedValueDefinition gml:id="xplan_RP_Objekt_rechtscharakter_RP_Rechtscharakter_1000">
          <gml:identifier codeSpace="urn:citgml">urn:xplan:enum:xplan:RP_Objekt:rechtscharakter:RP_Rechtscharakter:1000</gml:identifier>
          <gml:name>ZielDerRaumordnung</gml:name>
        </ListedValueDefinition>
      </gml:dictionaryEntry>
      <gml:dictionaryEntry>
        <ListedValueDefinition gml:id="xplan_RP_Objekt_rechtscharakter_RP_Rechtscharakter_2000">
          <gml:identifier codeSpace="urn:citgml">urn:xplan:enum:xplan:RP_Objekt:rechtscharakter:RP_Rechtscharakter:2000</gml:identifier>
          <gml:name>GrundsatzDerRaumordnung</gml:name>
        </ListedValueDefinition>
      </gml:dictionaryEntry>
      <gml:dictionaryEntry>
        <ListedValueDefinition gml:id="xplan_RP_Objekt_rechtscharakter_RP_Rechtscharakter_3000">
          <gml:identifier codeSpace="urn:citgml">urn:xplan:enum:xplan:RP_Objekt:rechtscharakter:RP_Rechtscharakter:3000</gml:identifier>
          <gml:name>NachrichtlicheUbernahme</gml:name>
        </ListedValueDefinition>
      </gml:dictionaryEntry>
      <gml:dictionaryEntry>
        <ListedValueDefinition gml:id="xplan_RP_Objekt_rechtscharakter_RP_Rechtscharakter_4000">
          <gml:identifier codeSpace="urn:citgml">urn:xplan:enum:xplan:RP_Objekt:rechtscharakter:RP_Rechtscharakter:4000</gml:identifier>
          <gml:name>NachrichtlicheUebernahmeZiel</gml:name>
        </ListedValueDefinition>
      </gml:dictionaryEntry>
      <gml:dictionaryEntry>
        <ListedValueDefinition gml:id="xplan_RP_Objekt_rechtscharakter_RP_Rechtscharakter_5000">
          <gml:identifier codeSpace="urn:citgml">urn:xplan:enum:xplan:RP_Objekt:rechtscharakter:RP_Rechtscharakter:5000</gml:identifier>
          <gml:name>NachrichtlicheUebernahmeGrundsatz</gml:name>
        </ListedValueDefinition>
      </gml:dictionaryEntry>
      <def:cardinality>0..1</def:cardinality>
      <def:valueTypeName>RP_Rechtscharakter</def:valueTypeName>
      <def:type>attribute</def:type>
    </def:PropertyDefinition>
  </gml:dictionaryEntry>
  <gml:dictionaryEntry>
    <def:PropertyDefinition gml:id="xplan_RP_Objekt_konkretisierung">
      <gml:description>Konkretisierung des Rechtscharakters.</gml:description>
      <gml:identifier codeSpace="urn:citgml">urn:xplan:element:xplan:RP_Objekt:attribute:konkretisierung</gml:identifier>
      <gml:name>xplan:konkretisierung</gml:name>
      <def:cardinality>0..1</def:cardinality>
      <def:valueTypeRef xlink:href="urn:xplan:element::CharacterString" />
      <def:type>attribute</def:type>
    </def:PropertyDefinition>
  </gml:dictionaryEntry>
  <gml:dictionaryEntry>
    <def:PropertyDefinition gml:id="xplan_RP_Objekt_gehoertZuRP_Bereich">
      <gml:description />
      <gml:identifier codeSpace="urn:citgml">urn:xplan:element:xplan:RP_Objekt:association-role:gehoertZuRP_Bereich</gml:identifier>
      <gml:name>xplan:gehoertZuRP_Bereich</gml:name>
      <def:cardinality>0..*</def:cardinality>
      <def:valueTypeRef xlink:href="urn:xplan:element:xplan:RP_Bereich" />
      <def:type>associationRole</def:type>
    </def:PropertyDefinition>
  </gml:dictionaryEntry>
  <def:classification>featureType</def:classification>
  <def:supertypeRef xlink:href="urn:xplan:element:xplan:XP_Objekt" />
</TypeDefinition>