﻿<!--Erzeugt mit KIT (www.kit.edu) UmlToXmlTransformation-Software, Erstellungsdatum: 24.08.2012 09:29:25-->
<TypeDefinition xmlns="http://www.interactive-instruments.de/ShapeChange/Definitions/0.5" xmlns:def="http://www.interactive-instruments.de/ShapeChange/Definitions/0.5" xmlns:gml="http://www.opengis.net/gml/3.2" xmlns:xlink="http://www.w3.org/1999/xlink" xmlns:xsi="http://www.w3.org/2001/XMLSchema-instance" xsi:schemaLocation="http://www.interactive-instruments.de/ShapeChange/Definitions/0.5 ../xsd/ShapeChangeDefinitions.xsd" gml:id="xplanNSM_RP_NSM_Abwasser">
  <gml:description />
  <gml:identifier codeSpace="urn:citgml">urn:xplan:element:xplanNSM:RP_NSM_Abwasser</gml:identifier>
  <gml:name>xplanNSM:RP_NSM_Abwasser</gml:name>
  <gml:dictionaryEntry>
    <def:PropertyDefinition gml:id="xplanNSM_RP_NSM_Abwasser_typAW">
      <gml:description />
      <gml:identifier codeSpace="urn:citgml">urn:xplan:element:xplanNSM:RP_NSM_Abwasser:attribute:typAW</gml:identifier>
      <gml:name>xplanNSM:typAW</gml:name>
      <gml:dictionaryEntry>
        <ListedValueDefinition gml:id="xplanNSM_RP_NSM_Abwasser_typAW_RP_NSM_AbwasserTypen_1000">
          <gml:identifier codeSpace="urn:citgml">urn:xplan:enum:xplanNSM:RP_NSM_Abwasser:typAW:RP_NSM_AbwasserTypen:1000</gml:identifier>
          <gml:name>ZentraleKlaeranlage</gml:name>
        </ListedValueDefinition>
      </gml:dictionaryEntry>
      <gml:dictionaryEntry>
        <ListedValueDefinition gml:id="xplanNSM_RP_NSM_Abwasser_typAW_RP_NSM_AbwasserTypen_1001">
          <gml:identifier codeSpace="urn:citgml">urn:xplan:enum:xplanNSM:RP_NSM_Abwasser:typAW:RP_NSM_AbwasserTypen:1001</gml:identifier>
          <gml:name>Grossklaerwerk</gml:name>
        </ListedValueDefinition>
      </gml:dictionaryEntry>
      <gml:dictionaryEntry>
        <ListedValueDefinition gml:id="xplanNSM_RP_NSM_Abwasser_typAW_RP_NSM_AbwasserTypen_2000">
          <gml:identifier codeSpace="urn:citgml">urn:xplan:enum:xplanNSM:RP_NSM_Abwasser:typAW:RP_NSM_AbwasserTypen:2000</gml:identifier>
          <gml:name>Hauptabwasserleitung</gml:name>
        </ListedValueDefinition>
      </gml:dictionaryEntry>
      <gml:dictionaryEntry>
        <ListedValueDefinition gml:id="xplanNSM_RP_NSM_Abwasser_typAW_RP_NSM_AbwasserTypen_3000">
          <gml:identifier codeSpace="urn:citgml">urn:xplan:enum:xplanNSM:RP_NSM_Abwasser:typAW:RP_NSM_AbwasserTypen:3000</gml:identifier>
          <gml:name>Abwasserverwertungsflaeche</gml:name>
        </ListedValueDefinition>
      </gml:dictionaryEntry>
      <def:cardinality>0..1</def:cardinality>
      <def:valueTypeName>RP_NSM_AbwasserTypen</def:valueTypeName>
      <def:type>attribute</def:type>
    </def:PropertyDefinition>
  </gml:dictionaryEntry>
  <def:classification>featureType</def:classification>
  <def:supertypeRef xlink:href="urn:xplan:element:xplan:RP_Entsorgung" />
</TypeDefinition>