﻿<!--Erzeugt mit KIT (www.kit.edu) UmlToXmlTransformation-Software, Erstellungsdatum: 09.09.2013 11:08:39-->
<TypeDefinition xmlns="http://www.interactive-instruments.de/ShapeChange/Definitions/0.5" xmlns:def="http://www.interactive-instruments.de/ShapeChange/Definitions/0.5" xmlns:gml="http://www.opengis.net/gml/3.2" xmlns:xlink="http://www.w3.org/1999/xlink" xmlns:xsi="http://www.w3.org/2001/XMLSchema-instance" xsi:schemaLocation="http://www.interactive-instruments.de/ShapeChange/Definitions/0.5 ../xsd/ShapeChangeDefinitions.xsd" gml:id="xplan_BP_DenkmalschutzEnsembleFlaeche">
  <gml:description>Umgrenzung eines Denkmalgeschützten Ensembles, sofern es sich um eine Festsetzung des Bebauungsplans handelt (§9 Abs. 4 BauGB - landesrechtliche Regelung). Weltkulturerbe kann eigentlich nicht vorkommen.
</gml:description>
  <gml:identifier codeSpace="urn:citgml">urn:xplan:element:xplan:BP_DenkmalschutzEnsembleFlaeche</gml:identifier>
  <gml:name>xplan:BP_DenkmalschutzEnsembleFlaeche</gml:name>
  <gml:dictionaryEntry>
    <def:PropertyDefinition gml:id="xplan_BP_DenkmalschutzEnsembleFlaeche_denkmal">
      <gml:description>Nähere Bezeichnung des Denkmals.</gml:description>
      <gml:identifier codeSpace="urn:citgml">urn:xplan:element:xplan:BP_DenkmalschutzEnsembleFlaeche:attribute:denkmal</gml:identifier>
      <gml:name>xplan:denkmal</gml:name>
      <def:cardinality>0..1</def:cardinality>
      <def:valueTypeRef xlink:href="urn:xplan:element::CharacterString" />
      <def:type>attribute</def:type>
    </def:PropertyDefinition>
  </gml:dictionaryEntry>
  <gml:dictionaryEntry>
    <def:PropertyDefinition gml:id="xplan_BP_DenkmalschutzEnsembleFlaeche_weltkulturerbe">
      <gml:description>Angabe, ob das Denkmal zum UNESCO Welkulturerbe gehört. &lt;b&gt;Dies Attribut wird nicht benötigt, da Welterbestätten prinzipiell nur nachrichtlich übernommen werden und nicht festgesetzt werden können. In einer zukünftigen Version des Standards wird das Attribut deshalb wegfallen.&lt;/b&gt;</gml:description>
      <gml:identifier codeSpace="urn:citgml">urn:xplan:element:xplan:BP_DenkmalschutzEnsembleFlaeche:attribute:weltkulturerbe</gml:identifier>
      <gml:name>xplan:weltkulturerbe</gml:name>
      <gml:dictionaryEntry>
        <ListedValueDefinition gml:id="_BP_DenkmalschutzEnsembleFlaeche_weltkulturerbe_Boolean_1">
          <gml:identifier codeSpace="urn:citgml">urn:xplan:enum::BP_DenkmalschutzEnsembleFlaeche:weltkulturerbe:Boolean:1</gml:identifier>
          <gml:name>TRUE</gml:name>
        </ListedValueDefinition>
      </gml:dictionaryEntry>
      <gml:dictionaryEntry>
        <ListedValueDefinition gml:id="_BP_DenkmalschutzEnsembleFlaeche_weltkulturerbe_Boolean_0">
          <gml:identifier codeSpace="urn:citgml">urn:xplan:enum::BP_DenkmalschutzEnsembleFlaeche:weltkulturerbe:Boolean:0</gml:identifier>
          <gml:name>FALSE</gml:name>
        </ListedValueDefinition>
      </gml:dictionaryEntry>
      <def:cardinality>0..1</def:cardinality>
      <def:valueTypeName>Boolean</def:valueTypeName>
      <def:type>attribute</def:type>
    </def:PropertyDefinition>
  </gml:dictionaryEntry>
  <def:classification>featureType</def:classification>
  <def:supertypeRef xlink:href="urn:xplan:element:xplan:BP_Ueberlagerungsobjekt" />
</TypeDefinition>