﻿<!--Erzeugt mit KIT (www.kit.edu) UmlToXmlTransformation-Software, Erstellungsdatum: 09.09.2013 11:08:47-->
<TypeDefinition xmlns="http://www.interactive-instruments.de/ShapeChange/Definitions/0.5" xmlns:def="http://www.interactive-instruments.de/ShapeChange/Definitions/0.5" xmlns:gml="http://www.opengis.net/gml/3.2" xmlns:xlink="http://www.w3.org/1999/xlink" xmlns:xsi="http://www.w3.org/2001/XMLSchema-instance" xsi:schemaLocation="http://www.interactive-instruments.de/ShapeChange/Definitions/0.5 ../xsd/ShapeChangeDefinitions.xsd" gml:id="xplan_BP_KennzeichnungsFlaeche">
  <gml:description>Flächen für Kennzeichnungen gemäß §9 Abs. 5 BauGB.
</gml:description>
  <gml:identifier codeSpace="urn:citgml">urn:xplan:element:xplan:BP_KennzeichnungsFlaeche</gml:identifier>
  <gml:name>xplan:BP_KennzeichnungsFlaeche</gml:name>
  <gml:dictionaryEntry>
    <def:PropertyDefinition gml:id="xplan_BP_KennzeichnungsFlaeche_zweckbestimmung">
      <gml:description>Zweckbestimmungen der Fläche.
</gml:description>
      <gml:identifier codeSpace="urn:citgml">urn:xplan:element:xplan:BP_KennzeichnungsFlaeche:attribute:zweckbestimmung</gml:identifier>
      <gml:name>xplan:zweckbestimmung</gml:name>
      <gml:dictionaryEntry>
        <ListedValueDefinition gml:id="xplan_BP_KennzeichnungsFlaeche_zweckbestimmung_XP_ZweckbestimmungKennzeichnung_1000">
          <gml:description>Flächen, bei deren Bebauung besondere bauliche Sicherungsmaßnahmen gegen Naturgewalten erforderlich sind (§5, Abs. 3, Nr. 1 BauGB).</gml:description>
          <gml:identifier codeSpace="urn:citgml">urn:xplan:enum:xplan:BP_KennzeichnungsFlaeche:zweckbestimmung:XP_ZweckbestimmungKennzeichnung:1000</gml:identifier>
          <gml:name>Naturgewalten</gml:name>
        </ListedValueDefinition>
      </gml:dictionaryEntry>
      <gml:dictionaryEntry>
        <ListedValueDefinition gml:id="xplan_BP_KennzeichnungsFlaeche_zweckbestimmung_XP_ZweckbestimmungKennzeichnung_2000">
          <gml:description>Flächen, unter denen der Bergbau umgeht oder die für den Abbau von Mineralien bestimmt sind (§5, Abs. 3, Nr. 2 BauGB).</gml:description>
          <gml:identifier codeSpace="urn:citgml">urn:xplan:enum:xplan:BP_KennzeichnungsFlaeche:zweckbestimmung:XP_ZweckbestimmungKennzeichnung:2000</gml:identifier>
          <gml:name>Abbauflaeche</gml:name>
        </ListedValueDefinition>
      </gml:dictionaryEntry>
      <gml:dictionaryEntry>
        <ListedValueDefinition gml:id="xplan_BP_KennzeichnungsFlaeche_zweckbestimmung_XP_ZweckbestimmungKennzeichnung_3000">
          <gml:description>Flächen, bei deren Bebauung besondere bauliche Sicherungsmaßnahmen gegen äußere Einwirkungen erforderlich sind (§5, Abs. 3, Nr. 1 BauGB).</gml:description>
          <gml:identifier codeSpace="urn:citgml">urn:xplan:enum:xplan:BP_KennzeichnungsFlaeche:zweckbestimmung:XP_ZweckbestimmungKennzeichnung:3000</gml:identifier>
          <gml:name>AeussereEinwirkungen</gml:name>
        </ListedValueDefinition>
      </gml:dictionaryEntry>
      <gml:dictionaryEntry>
        <ListedValueDefinition gml:id="xplan_BP_KennzeichnungsFlaeche_zweckbestimmung_XP_ZweckbestimmungKennzeichnung_4000">
          <gml:description>Für bauliche Nutzung vorgesehene Flächen, deren Böden erheblich mit umweltgefährdenden Stoffen belastet sind (§5, Abs. 3, Nr. 3 BauGB).</gml:description>
          <gml:identifier codeSpace="urn:citgml">urn:xplan:enum:xplan:BP_KennzeichnungsFlaeche:zweckbestimmung:XP_ZweckbestimmungKennzeichnung:4000</gml:identifier>
          <gml:name>SchadstoffBelastBoden</gml:name>
        </ListedValueDefinition>
      </gml:dictionaryEntry>
      <gml:dictionaryEntry>
        <ListedValueDefinition gml:id="xplan_BP_KennzeichnungsFlaeche_zweckbestimmung_XP_ZweckbestimmungKennzeichnung_5000">
          <gml:description>ür bauliche Nutzung vorgesehene Flächen, die erheblichen Lärmbelastung ausgesetzt sind.</gml:description>
          <gml:identifier codeSpace="urn:citgml">urn:xplan:enum:xplan:BP_KennzeichnungsFlaeche:zweckbestimmung:XP_ZweckbestimmungKennzeichnung:5000</gml:identifier>
          <gml:name>LaermBelastung</gml:name>
        </ListedValueDefinition>
      </gml:dictionaryEntry>
      <gml:dictionaryEntry>
        <ListedValueDefinition gml:id="xplan_BP_KennzeichnungsFlaeche_zweckbestimmung_XP_ZweckbestimmungKennzeichnung_6000">
          <gml:identifier codeSpace="urn:citgml">urn:xplan:enum:xplan:BP_KennzeichnungsFlaeche:zweckbestimmung:XP_ZweckbestimmungKennzeichnung:6000</gml:identifier>
          <gml:name>Bergbau</gml:name>
        </ListedValueDefinition>
      </gml:dictionaryEntry>
      <gml:dictionaryEntry>
        <ListedValueDefinition gml:id="xplan_BP_KennzeichnungsFlaeche_zweckbestimmung_XP_ZweckbestimmungKennzeichnung_7000">
          <gml:identifier codeSpace="urn:citgml">urn:xplan:enum:xplan:BP_KennzeichnungsFlaeche:zweckbestimmung:XP_ZweckbestimmungKennzeichnung:7000</gml:identifier>
          <gml:name>Bodenordnung</gml:name>
        </ListedValueDefinition>
      </gml:dictionaryEntry>
      <gml:dictionaryEntry>
        <ListedValueDefinition gml:id="xplan_BP_KennzeichnungsFlaeche_zweckbestimmung_XP_ZweckbestimmungKennzeichnung_9999">
          <gml:description>Kennzeichnung nach anderen gesetzlichen Vorschriften.</gml:description>
          <gml:identifier codeSpace="urn:citgml">urn:xplan:enum:xplan:BP_KennzeichnungsFlaeche:zweckbestimmung:XP_ZweckbestimmungKennzeichnung:9999</gml:identifier>
          <gml:name>AndereGesetzlVorschriften</gml:name>
        </ListedValueDefinition>
      </gml:dictionaryEntry>
      <def:cardinality>0..*</def:cardinality>
      <def:valueTypeName>XP_ZweckbestimmungKennzeichnung</def:valueTypeName>
      <def:type>attribute</def:type>
    </def:PropertyDefinition>
  </gml:dictionaryEntry>
  <gml:dictionaryEntry>
    <def:PropertyDefinition gml:id="xplan_BP_KennzeichnungsFlaeche_weitereZweckbestimmung">
      <gml:description>Weitere Zweckbestimmung der Fläche. &lt;b&gt;Dies Attribut ist ab Version 4.1 als "veraltet" gekennzeichnet, es sollte stattdessen &lt;/b&gt;&lt;b&gt;&lt;i&gt;zweckbestimmung &lt;/i&gt;&lt;/b&gt;&lt;b&gt;mehrfach belegt werden.&lt;/b&gt;
</gml:description>
      <gml:identifier codeSpace="urn:citgml">urn:xplan:element:xplan:BP_KennzeichnungsFlaeche:attribute:weitereZweckbestimmung</gml:identifier>
      <gml:name>xplan:weitereZweckbestimmung</gml:name>
      <gml:dictionaryEntry>
        <ListedValueDefinition gml:id="xplan_BP_KennzeichnungsFlaeche_weitereZweckbestimmung_XP_ZweckbestimmungKennzeichnung_1000">
          <gml:description>Flächen, bei deren Bebauung besondere bauliche Sicherungsmaßnahmen gegen Naturgewalten erforderlich sind (§5, Abs. 3, Nr. 1 BauGB).</gml:description>
          <gml:identifier codeSpace="urn:citgml">urn:xplan:enum:xplan:BP_KennzeichnungsFlaeche:weitereZweckbestimmung:XP_ZweckbestimmungKennzeichnung:1000</gml:identifier>
          <gml:name>Naturgewalten</gml:name>
        </ListedValueDefinition>
      </gml:dictionaryEntry>
      <gml:dictionaryEntry>
        <ListedValueDefinition gml:id="xplan_BP_KennzeichnungsFlaeche_weitereZweckbestimmung_XP_ZweckbestimmungKennzeichnung_2000">
          <gml:description>Flächen, unter denen der Bergbau umgeht oder die für den Abbau von Mineralien bestimmt sind (§5, Abs. 3, Nr. 2 BauGB).</gml:description>
          <gml:identifier codeSpace="urn:citgml">urn:xplan:enum:xplan:BP_KennzeichnungsFlaeche:weitereZweckbestimmung:XP_ZweckbestimmungKennzeichnung:2000</gml:identifier>
          <gml:name>Abbauflaeche</gml:name>
        </ListedValueDefinition>
      </gml:dictionaryEntry>
      <gml:dictionaryEntry>
        <ListedValueDefinition gml:id="xplan_BP_KennzeichnungsFlaeche_weitereZweckbestimmung_XP_ZweckbestimmungKennzeichnung_3000">
          <gml:description>Flächen, bei deren Bebauung besondere bauliche Sicherungsmaßnahmen gegen äußere Einwirkungen erforderlich sind (§5, Abs. 3, Nr. 1 BauGB).</gml:description>
          <gml:identifier codeSpace="urn:citgml">urn:xplan:enum:xplan:BP_KennzeichnungsFlaeche:weitereZweckbestimmung:XP_ZweckbestimmungKennzeichnung:3000</gml:identifier>
          <gml:name>AeussereEinwirkungen</gml:name>
        </ListedValueDefinition>
      </gml:dictionaryEntry>
      <gml:dictionaryEntry>
        <ListedValueDefinition gml:id="xplan_BP_KennzeichnungsFlaeche_weitereZweckbestimmung_XP_ZweckbestimmungKennzeichnung_4000">
          <gml:description>Für bauliche Nutzung vorgesehene Flächen, deren Böden erheblich mit umweltgefährdenden Stoffen belastet sind (§5, Abs. 3, Nr. 3 BauGB).</gml:description>
          <gml:identifier codeSpace="urn:citgml">urn:xplan:enum:xplan:BP_KennzeichnungsFlaeche:weitereZweckbestimmung:XP_ZweckbestimmungKennzeichnung:4000</gml:identifier>
          <gml:name>SchadstoffBelastBoden</gml:name>
        </ListedValueDefinition>
      </gml:dictionaryEntry>
      <gml:dictionaryEntry>
        <ListedValueDefinition gml:id="xplan_BP_KennzeichnungsFlaeche_weitereZweckbestimmung_XP_ZweckbestimmungKennzeichnung_5000">
          <gml:description>ür bauliche Nutzung vorgesehene Flächen, die erheblichen Lärmbelastung ausgesetzt sind.</gml:description>
          <gml:identifier codeSpace="urn:citgml">urn:xplan:enum:xplan:BP_KennzeichnungsFlaeche:weitereZweckbestimmung:XP_ZweckbestimmungKennzeichnung:5000</gml:identifier>
          <gml:name>LaermBelastung</gml:name>
        </ListedValueDefinition>
      </gml:dictionaryEntry>
      <gml:dictionaryEntry>
        <ListedValueDefinition gml:id="xplan_BP_KennzeichnungsFlaeche_weitereZweckbestimmung_XP_ZweckbestimmungKennzeichnung_6000">
          <gml:identifier codeSpace="urn:citgml">urn:xplan:enum:xplan:BP_KennzeichnungsFlaeche:weitereZweckbestimmung:XP_ZweckbestimmungKennzeichnung:6000</gml:identifier>
          <gml:name>Bergbau</gml:name>
        </ListedValueDefinition>
      </gml:dictionaryEntry>
      <gml:dictionaryEntry>
        <ListedValueDefinition gml:id="xplan_BP_KennzeichnungsFlaeche_weitereZweckbestimmung_XP_ZweckbestimmungKennzeichnung_7000">
          <gml:identifier codeSpace="urn:citgml">urn:xplan:enum:xplan:BP_KennzeichnungsFlaeche:weitereZweckbestimmung:XP_ZweckbestimmungKennzeichnung:7000</gml:identifier>
          <gml:name>Bodenordnung</gml:name>
        </ListedValueDefinition>
      </gml:dictionaryEntry>
      <gml:dictionaryEntry>
        <ListedValueDefinition gml:id="xplan_BP_KennzeichnungsFlaeche_weitereZweckbestimmung_XP_ZweckbestimmungKennzeichnung_9999">
          <gml:description>Kennzeichnung nach anderen gesetzlichen Vorschriften.</gml:description>
          <gml:identifier codeSpace="urn:citgml">urn:xplan:enum:xplan:BP_KennzeichnungsFlaeche:weitereZweckbestimmung:XP_ZweckbestimmungKennzeichnung:9999</gml:identifier>
          <gml:name>AndereGesetzlVorschriften</gml:name>
        </ListedValueDefinition>
      </gml:dictionaryEntry>
      <def:cardinality>0..1</def:cardinality>
      <def:valueTypeName>XP_ZweckbestimmungKennzeichnung</def:valueTypeName>
      <def:type>attribute</def:type>
    </def:PropertyDefinition>
  </gml:dictionaryEntry>
  <def:classification>featureType</def:classification>
  <def:supertypeRef xlink:href="urn:xplan:element:xplan:BP_Flaechenobjekt" />
</TypeDefinition>