﻿<!--Erzeugt mit KIT (www.kit.edu) UmlToXmlTransformation-Software, Erstellungsdatum: 24.08.2012 09:29:26-->
<TypeDefinition xmlns="http://www.interactive-instruments.de/ShapeChange/Definitions/0.5" xmlns:def="http://www.interactive-instruments.de/ShapeChange/Definitions/0.5" xmlns:gml="http://www.opengis.net/gml/3.2" xmlns:xlink="http://www.w3.org/1999/xlink" xmlns:xsi="http://www.w3.org/2001/XMLSchema-instance" xsi:schemaLocation="http://www.interactive-instruments.de/ShapeChange/Definitions/0.5 ../xsd/ShapeChangeDefinitions.xsd" gml:id="xplanNSM_RP_NSM_GIB">
  <gml:description />
  <gml:identifier codeSpace="urn:citgml">urn:xplan:element:xplanNSM:RP_NSM_GIB</gml:identifier>
  <gml:name>xplanNSM:RP_NSM_GIB</gml:name>
  <gml:dictionaryEntry>
    <def:PropertyDefinition gml:id="xplanNSM_RP_NSM_GIB_zweckbindungGIB">
      <gml:description />
      <gml:identifier codeSpace="urn:citgml">urn:xplan:element:xplanNSM:RP_NSM_GIB:attribute:zweckbindungGIB</gml:identifier>
      <gml:name>xplanNSM:zweckbindungGIB</gml:name>
      <gml:dictionaryEntry>
        <ListedValueDefinition gml:id="xplanNSM_RP_NSM_GIB_zweckbindungGIB_RP_NSM_GIB_Zweckbindungen_1000">
          <gml:identifier codeSpace="urn:citgml">urn:xplan:enum:xplanNSM:RP_NSM_GIB:zweckbindungGIB:RP_NSM_GIB_Zweckbindungen:1000</gml:identifier>
          <gml:name>HafenorientierteWirtschaftlicheAnlagen</gml:name>
        </ListedValueDefinition>
      </gml:dictionaryEntry>
      <gml:dictionaryEntry>
        <ListedValueDefinition gml:id="xplanNSM_RP_NSM_GIB_zweckbindungGIB_RP_NSM_GIB_Zweckbindungen_IndustrielleAnlagen">
          <gml:identifier codeSpace="urn:citgml">urn:xplan:enum:xplanNSM:RP_NSM_GIB:zweckbindungGIB:RP_NSM_GIB_Zweckbindungen:IndustrielleAnlagen</gml:identifier>
          <gml:name>IndustrielleAnlagen</gml:name>
        </ListedValueDefinition>
      </gml:dictionaryEntry>
      <gml:dictionaryEntry>
        <ListedValueDefinition gml:id="xplanNSM_RP_NSM_GIB_zweckbindungGIB_RP_NSM_GIB_Zweckbindungen_3000">
          <gml:identifier codeSpace="urn:citgml">urn:xplan:enum:xplanNSM:RP_NSM_GIB:zweckbindungGIB:RP_NSM_GIB_Zweckbindungen:3000</gml:identifier>
          <gml:name>GewerblicherBereich</gml:name>
        </ListedValueDefinition>
      </gml:dictionaryEntry>
      <gml:dictionaryEntry>
        <ListedValueDefinition gml:id="xplanNSM_RP_NSM_GIB_zweckbindungGIB_RP_NSM_GIB_Zweckbindungen_4000">
          <gml:identifier codeSpace="urn:citgml">urn:xplan:enum:xplanNSM:RP_NSM_GIB:zweckbindungGIB:RP_NSM_GIB_Zweckbindungen:4000</gml:identifier>
          <gml:name>GewerbeIndustrie</gml:name>
        </ListedValueDefinition>
      </gml:dictionaryEntry>
      <gml:dictionaryEntry>
        <ListedValueDefinition gml:id="xplanNSM_RP_NSM_GIB_zweckbindungGIB_RP_NSM_GIB_Zweckbindungen_4001">
          <gml:identifier codeSpace="urn:citgml">urn:xplan:enum:xplanNSM:RP_NSM_GIB:zweckbindungGIB:RP_NSM_GIB_Zweckbindungen:4001</gml:identifier>
          <gml:name>BedeutsamerEntwicklungsstandortGewerbeIndustrie</gml:name>
        </ListedValueDefinition>
      </gml:dictionaryEntry>
      <def:cardinality>0..1</def:cardinality>
      <def:valueTypeName>RP_NSM_GIB_Zweckbindungen</def:valueTypeName>
      <def:type>attribute</def:type>
    </def:PropertyDefinition>
  </gml:dictionaryEntry>
  <def:classification>featureType</def:classification>
  <def:supertypeRef xlink:href="urn:xplan:element:xplan:RP_GemeindeFunktionSiedlungsentwicklung" />
</TypeDefinition>