﻿<!--Erzeugt mit KIT (www.kit.edu) UmlToXmlTransformation-Software, Erstellungsdatum: 24.08.2012 09:29:20-->
<TypeDefinition xmlns="http://www.interactive-instruments.de/ShapeChange/Definitions/0.5" xmlns:def="http://www.interactive-instruments.de/ShapeChange/Definitions/0.5" xmlns:gml="http://www.opengis.net/gml/3.2" xmlns:xlink="http://www.w3.org/1999/xlink" xmlns:xsi="http://www.w3.org/2001/XMLSchema-instance" xsi:schemaLocation="http://www.interactive-instruments.de/ShapeChange/Definitions/0.5 ../xsd/ShapeChangeDefinitions.xsd" gml:id="xplan_RP_NRW_SonstVerkehr">
  <gml:description>Sonstiger Verkehr
</gml:description>
  <gml:identifier codeSpace="urn:citgml">urn:xplan:element:xplan:RP_NRW_SonstVerkehr</gml:identifier>
  <gml:name>xplan:RP_NRW_SonstVerkehr</gml:name>
  <gml:dictionaryEntry>
    <def:PropertyDefinition gml:id="xplan_RP_NRW_SonstVerkehr_sonstVerkehrrTyp">
      <gml:description />
      <gml:identifier codeSpace="urn:citgml">urn:xplan:element:xplan:RP_NRW_SonstVerkehr:attribute:sonstVerkehrrTyp</gml:identifier>
      <gml:name>xplan:sonstVerkehrrTyp</gml:name>
      <def:cardinality>1</def:cardinality>
      <def:valueTypeName>RP_NRW_SonstVerkehrTypen</def:valueTypeName>
      <def:type>attribute</def:type>
    </def:PropertyDefinition>
  </gml:dictionaryEntry>
  <gml:dictionaryEntry>
    <def:PropertyDefinition gml:id="xplan_RP_NRW_SonstVerkehr_bezeichnung">
      <gml:description />
      <gml:identifier codeSpace="urn:citgml">urn:xplan:element:xplan:RP_NRW_SonstVerkehr:attribute:bezeichnung</gml:identifier>
      <gml:name>xplan:bezeichnung</gml:name>
      <def:cardinality>0..1</def:cardinality>
      <def:valueTypeName>CharacterString</def:valueTypeName>
      <def:type>attribute</def:type>
    </def:PropertyDefinition>
  </gml:dictionaryEntry>
  <def:classification>featureType</def:classification>
  <def:supertypeRef xlink:href="urn:xplan:element:xplan:RP_Verkehr" />
</TypeDefinition>