﻿<!--Erzeugt mit KIT (www.kit.edu) UmlToXmlTransformation-Software, Erstellungsdatum: 24.08.2012 09:29:25-->
<TypeDefinition xmlns="http://www.interactive-instruments.de/ShapeChange/Definitions/0.5" xmlns:def="http://www.interactive-instruments.de/ShapeChange/Definitions/0.5" xmlns:gml="http://www.opengis.net/gml/3.2" xmlns:xlink="http://www.w3.org/1999/xlink" xmlns:xsi="http://www.w3.org/2001/XMLSchema-instance" xsi:schemaLocation="http://www.interactive-instruments.de/ShapeChange/Definitions/0.5 ../xsd/ShapeChangeDefinitions.xsd" gml:id="xplanNSM_RP_NSM_Luftverkehr">
  <gml:description />
  <gml:identifier codeSpace="urn:citgml">urn:xplan:element:xplanNSM:RP_NSM_Luftverkehr</gml:identifier>
  <gml:name>xplanNSM:RP_NSM_Luftverkehr</gml:name>
  <gml:dictionaryEntry>
    <def:PropertyDefinition gml:id="xplanNSM_RP_NSM_Luftverkehr_luftverkehrTyp">
      <gml:description />
      <gml:identifier codeSpace="urn:citgml">urn:xplan:element:xplanNSM:RP_NSM_Luftverkehr:attribute:luftverkehrTyp</gml:identifier>
      <gml:name>xplanNSM:luftverkehrTyp</gml:name>
      <gml:dictionaryEntry>
        <ListedValueDefinition gml:id="xplanNSM_RP_NSM_Luftverkehr_luftverkehrTyp_RP_NSM_LuftverkehrTypen_1000">
          <gml:identifier codeSpace="urn:citgml">urn:xplan:enum:xplanNSM:RP_NSM_Luftverkehr:luftverkehrTyp:RP_NSM_LuftverkehrTypen:1000</gml:identifier>
          <gml:name>Flughafen</gml:name>
        </ListedValueDefinition>
      </gml:dictionaryEntry>
      <gml:dictionaryEntry>
        <ListedValueDefinition gml:id="xplanNSM_RP_NSM_Luftverkehr_luftverkehrTyp_RP_NSM_LuftverkehrTypen_1001">
          <gml:identifier codeSpace="urn:citgml">urn:xplan:enum:xplanNSM:RP_NSM_Luftverkehr:luftverkehrTyp:RP_NSM_LuftverkehrTypen:1001</gml:identifier>
          <gml:name>Verkehrsflughafen</gml:name>
        </ListedValueDefinition>
      </gml:dictionaryEntry>
      <gml:dictionaryEntry>
        <ListedValueDefinition gml:id="xplanNSM_RP_NSM_Luftverkehr_luftverkehrTyp_RP_NSM_LuftverkehrTypen_1002">
          <gml:identifier codeSpace="urn:citgml">urn:xplan:enum:xplanNSM:RP_NSM_Luftverkehr:luftverkehrTyp:RP_NSM_LuftverkehrTypen:1002</gml:identifier>
          <gml:name>Regionalflughafen</gml:name>
        </ListedValueDefinition>
      </gml:dictionaryEntry>
      <gml:dictionaryEntry>
        <ListedValueDefinition gml:id="xplanNSM_RP_NSM_Luftverkehr_luftverkehrTyp_RP_NSM_LuftverkehrTypen_2000">
          <gml:identifier codeSpace="urn:citgml">urn:xplan:enum:xplanNSM:RP_NSM_Luftverkehr:luftverkehrTyp:RP_NSM_LuftverkehrTypen:2000</gml:identifier>
          <gml:name>Verkehrslandeplatz</gml:name>
        </ListedValueDefinition>
      </gml:dictionaryEntry>
      <gml:dictionaryEntry>
        <ListedValueDefinition gml:id="xplanNSM_RP_NSM_Luftverkehr_luftverkehrTyp_RP_NSM_LuftverkehrTypen_2001">
          <gml:identifier codeSpace="urn:citgml">urn:xplan:enum:xplanNSM:RP_NSM_Luftverkehr:luftverkehrTyp:RP_NSM_LuftverkehrTypen:2001</gml:identifier>
          <gml:name>Regionalflugplatz</gml:name>
        </ListedValueDefinition>
      </gml:dictionaryEntry>
      <gml:dictionaryEntry>
        <ListedValueDefinition gml:id="xplanNSM_RP_NSM_Luftverkehr_luftverkehrTyp_RP_NSM_LuftverkehrTypen_2002">
          <gml:identifier codeSpace="urn:citgml">urn:xplan:enum:xplanNSM:RP_NSM_Luftverkehr:luftverkehrTyp:RP_NSM_LuftverkehrTypen:2002</gml:identifier>
          <gml:name>SonstigerFlugplatz</gml:name>
        </ListedValueDefinition>
      </gml:dictionaryEntry>
      <gml:dictionaryEntry>
        <ListedValueDefinition gml:id="xplanNSM_RP_NSM_Luftverkehr_luftverkehrTyp_RP_NSM_LuftverkehrTypen_3000">
          <gml:identifier codeSpace="urn:citgml">urn:xplan:enum:xplanNSM:RP_NSM_Luftverkehr:luftverkehrTyp:RP_NSM_LuftverkehrTypen:3000</gml:identifier>
          <gml:name>Bauschutzbereich</gml:name>
        </ListedValueDefinition>
      </gml:dictionaryEntry>
      <def:cardinality>0..1</def:cardinality>
      <def:valueTypeName>RP_NSM_LuftverkehrTypen</def:valueTypeName>
      <def:type>attribute</def:type>
    </def:PropertyDefinition>
  </gml:dictionaryEntry>
  <gml:dictionaryEntry>
    <def:PropertyDefinition gml:id="xplanNSM_RP_NSM_Luftverkehr_sonstTyp">
      <gml:description />
      <gml:identifier codeSpace="urn:citgml">urn:xplan:element:xplanNSM:RP_NSM_Luftverkehr:attribute:sonstTyp</gml:identifier>
      <gml:name>xplanNSM:sonstTyp</gml:name>
      <def:cardinality>0..1</def:cardinality>
      <def:valueTypeName>RP_NSM_SonstLuftvrkehrTypen</def:valueTypeName>
      <def:type>attribute</def:type>
    </def:PropertyDefinition>
  </gml:dictionaryEntry>
  <gml:dictionaryEntry>
    <def:PropertyDefinition gml:id="xplanNSM_RP_NSM_Luftverkehr_status">
      <gml:description />
      <gml:identifier codeSpace="urn:citgml">urn:xplan:element:xplanNSM:RP_NSM_Luftverkehr:attribute:status</gml:identifier>
      <gml:name>xplanNSM:status</gml:name>
      <gml:dictionaryEntry>
        <ListedValueDefinition gml:id="xplanNSM_RP_NSM_Luftverkehr_status_RP_NSM_LuftverkehrStatus_1000">
          <gml:identifier codeSpace="urn:citgml">urn:xplan:enum:xplanNSM:RP_NSM_Luftverkehr:status:RP_NSM_LuftverkehrStatus:1000</gml:identifier>
          <gml:name>Bestand</gml:name>
        </ListedValueDefinition>
      </gml:dictionaryEntry>
      <gml:dictionaryEntry>
        <ListedValueDefinition gml:id="xplanNSM_RP_NSM_Luftverkehr_status_RP_NSM_LuftverkehrStatus_2000">
          <gml:identifier codeSpace="urn:citgml">urn:xplan:enum:xplanNSM:RP_NSM_Luftverkehr:status:RP_NSM_LuftverkehrStatus:2000</gml:identifier>
          <gml:name>Geplant</gml:name>
        </ListedValueDefinition>
      </gml:dictionaryEntry>
      <def:cardinality>0..1</def:cardinality>
      <def:valueTypeName>RP_NSM_LuftverkehrStatus</def:valueTypeName>
      <def:type>attribute</def:type>
    </def:PropertyDefinition>
  </gml:dictionaryEntry>
  <gml:dictionaryEntry>
    <def:PropertyDefinition gml:id="xplanNSM_RP_NSM_Luftverkehr_bezeichnung">
      <gml:description />
      <gml:identifier codeSpace="urn:citgml">urn:xplan:element:xplanNSM:RP_NSM_Luftverkehr:attribute:bezeichnung</gml:identifier>
      <gml:name>xplanNSM:bezeichnung</gml:name>
      <def:cardinality>0..1</def:cardinality>
      <def:valueTypeName>CharacterString</def:valueTypeName>
      <def:type>attribute</def:type>
    </def:PropertyDefinition>
  </gml:dictionaryEntry>
  <def:classification>featureType</def:classification>
  <def:supertypeRef xlink:href="urn:xplan:element:xplan:RP_Verkehr" />
</TypeDefinition>