﻿<!--Erzeugt mit KIT (www.kit.edu) UmlToXmlTransformation-Software, Erstellungsdatum: 24.08.2012 09:29:18-->
<TypeDefinition xmlns="http://www.interactive-instruments.de/ShapeChange/Definitions/0.5" xmlns:def="http://www.interactive-instruments.de/ShapeChange/Definitions/0.5" xmlns:gml="http://www.opengis.net/gml/3.2" xmlns:xlink="http://www.w3.org/1999/xlink" xmlns:xsi="http://www.w3.org/2001/XMLSchema-instance" xsi:schemaLocation="http://www.interactive-instruments.de/ShapeChange/Definitions/0.5 ../xsd/ShapeChangeDefinitions.xsd" gml:id="xplan_RP_NRW_FreiraumAgrarbereich">
  <gml:description>Allgemeine Freiraum- und Argarbereiche (2a)
</gml:description>
  <gml:identifier codeSpace="urn:citgml">urn:xplan:element:xplan:RP_NRW_FreiraumAgrarbereich</gml:identifier>
  <gml:name>xplan:RP_NRW_FreiraumAgrarbereich</gml:name>
  <gml:dictionaryEntry>
    <def:PropertyDefinition gml:id="xplan_RP_NRW_FreiraumAgrarbereich_typ">
      <gml:description />
      <gml:identifier codeSpace="urn:citgml">urn:xplan:element:xplan:RP_NRW_FreiraumAgrarbereich:attribute:typ</gml:identifier>
      <gml:name>xplan:typ</gml:name>
      <gml:dictionaryEntry>
        <ListedValueDefinition gml:id="xplan_RP_NRW_FreiraumAgrarbereich_typ_RP_NRW_AgrarbereichTypen_1000">
          <gml:identifier codeSpace="urn:citgml">urn:xplan:enum:xplan:RP_NRW_FreiraumAgrarbereich:typ:RP_NRW_AgrarbereichTypen:1000</gml:identifier>
          <gml:name>AllgLandwirtschaftlNutzung</gml:name>
        </ListedValueDefinition>
      </gml:dictionaryEntry>
      <gml:dictionaryEntry>
        <ListedValueDefinition gml:id="xplan_RP_NRW_FreiraumAgrarbereich_typ_RP_NRW_AgrarbereichTypen_2000">
          <gml:identifier codeSpace="urn:citgml">urn:xplan:enum:xplan:RP_NRW_FreiraumAgrarbereich:typ:RP_NRW_AgrarbereichTypen:2000</gml:identifier>
          <gml:name>IntensivLandwirtschaft</gml:name>
        </ListedValueDefinition>
      </gml:dictionaryEntry>
      <gml:dictionaryEntry>
        <ListedValueDefinition gml:id="xplan_RP_NRW_FreiraumAgrarbereich_typ_RP_NRW_AgrarbereichTypen_3000">
          <gml:identifier codeSpace="urn:citgml">urn:xplan:enum:xplan:RP_NRW_FreiraumAgrarbereich:typ:RP_NRW_AgrarbereichTypen:3000</gml:identifier>
          <gml:name>Agrarbrache</gml:name>
        </ListedValueDefinition>
      </gml:dictionaryEntry>
      <gml:dictionaryEntry>
        <ListedValueDefinition gml:id="xplan_RP_NRW_FreiraumAgrarbereich_typ_RP_NRW_AgrarbereichTypen_4000">
          <gml:identifier codeSpace="urn:citgml">urn:xplan:enum:xplan:RP_NRW_FreiraumAgrarbereich:typ:RP_NRW_AgrarbereichTypen:4000</gml:identifier>
          <gml:name>BisherigerSiedlungsbereich</gml:name>
        </ListedValueDefinition>
      </gml:dictionaryEntry>
      <gml:dictionaryEntry>
        <ListedValueDefinition gml:id="xplan_RP_NRW_FreiraumAgrarbereich_typ_RP_NRW_AgrarbereichTypen_9999">
          <gml:identifier codeSpace="urn:citgml">urn:xplan:enum:xplan:RP_NRW_FreiraumAgrarbereich:typ:RP_NRW_AgrarbereichTypen:9999</gml:identifier>
          <gml:name>Sonstiges</gml:name>
        </ListedValueDefinition>
      </gml:dictionaryEntry>
      <def:cardinality>0..1</def:cardinality>
      <def:valueTypeName>RP_NRW_AgrarbereichTypen</def:valueTypeName>
      <def:type>attribute</def:type>
    </def:PropertyDefinition>
  </gml:dictionaryEntry>
  <def:classification>featureType</def:classification>
  <def:supertypeRef xlink:href="urn:xplan:element:xplan:RP_Landwirtschaft" />
</TypeDefinition>