﻿<!--Erzeugt mit KIT (www.kit.edu) UmlToXmlTransformation-Software, Erstellungsdatum: 09.09.2013 11:08:47-->
<TypeDefinition xmlns="http://www.interactive-instruments.de/ShapeChange/Definitions/0.5" xmlns:def="http://www.interactive-instruments.de/ShapeChange/Definitions/0.5" xmlns:gml="http://www.opengis.net/gml/3.2" xmlns:xlink="http://www.w3.org/1999/xlink" xmlns:xsi="http://www.w3.org/2001/XMLSchema-instance" xsi:schemaLocation="http://www.interactive-instruments.de/ShapeChange/Definitions/0.5 ../xsd/ShapeChangeDefinitions.xsd" gml:id="xplan_BP_ErneuerbareEnergieFlaeche">
  <gml:description>Festsetzung nach §9 Abs. 1 Nr. 23b: Gebiete in denen bei der Errichtung von Gebäuden bestimmte bauliche Maßnahmen für den Einsatz erneuerbarer Energien wie insbesondere Solarenergie getroffen werden müssen.
</gml:description>
  <gml:identifier codeSpace="urn:citgml">urn:xplan:element:xplan:BP_ErneuerbareEnergieFlaeche</gml:identifier>
  <gml:name>xplan:BP_ErneuerbareEnergieFlaeche</gml:name>
  <gml:dictionaryEntry>
    <def:PropertyDefinition gml:id="xplan_BP_ErneuerbareEnergieFlaeche_technischeMaßnahme">
      <gml:description>Beschreibung der baulichen oder sonstigen technischen Maßnahme.</gml:description>
      <gml:identifier codeSpace="urn:citgml">urn:xplan:element:xplan:BP_ErneuerbareEnergieFlaeche:attribute:technischeMaßnahme</gml:identifier>
      <gml:name>xplan:technischeMaßnahme</gml:name>
      <def:cardinality>0..1</def:cardinality>
      <def:valueTypeRef xlink:href="urn:xplan:element::CharacterString" />
      <def:type>attribute</def:type>
    </def:PropertyDefinition>
  </gml:dictionaryEntry>
  <def:classification>featureType</def:classification>
  <def:supertypeRef xlink:href="urn:xplan:element:xplan:BP_Ueberlagerungsobjekt" />
</TypeDefinition>