﻿<!--Erzeugt mit KIT (www.kit.edu) UmlToXmlTransformation-Software, Erstellungsdatum: 09.09.2013 11:09:16-->
<TypeDefinition xmlns="http://www.interactive-instruments.de/ShapeChange/Definitions/0.5" xmlns:def="http://www.interactive-instruments.de/ShapeChange/Definitions/0.5" xmlns:gml="http://www.opengis.net/gml/3.2" xmlns:xlink="http://www.w3.org/1999/xlink" xmlns:xsi="http://www.w3.org/2001/XMLSchema-instance" xsi:schemaLocation="http://www.interactive-instruments.de/ShapeChange/Definitions/0.5 ../xsd/ShapeChangeDefinitions.xsd" gml:id="xplan_SO_Forstrecht">
  <gml:description>Festlegung nach Forstrecht
</gml:description>
  <gml:identifier codeSpace="urn:citgml">urn:xplan:element:xplan:SO_Forstrecht</gml:identifier>
  <gml:name>xplan:SO_Forstrecht</gml:name>
  <gml:dictionaryEntry>
    <def:PropertyDefinition gml:id="xplan_SO_Forstrecht_artDerFestlegung">
      <gml:description>Grundlegende Klassifizierung der Festlegung</gml:description>
      <gml:identifier codeSpace="urn:citgml">urn:xplan:element:xplan:SO_Forstrecht:attribute:artDerFestlegung</gml:identifier>
      <gml:name>xplan:artDerFestlegung</gml:name>
      <gml:dictionaryEntry>
        <ListedValueDefinition gml:id="xplan_SO_Forstrecht_artDerFestlegung_SO_KlassifizNachForstrecht_1000">
          <gml:identifier codeSpace="urn:citgml">urn:xplan:enum:xplan:SO_Forstrecht:artDerFestlegung:SO_KlassifizNachForstrecht:1000</gml:identifier>
          <gml:name>OeffentlicherWald</gml:name>
        </ListedValueDefinition>
      </gml:dictionaryEntry>
      <gml:dictionaryEntry>
        <ListedValueDefinition gml:id="xplan_SO_Forstrecht_artDerFestlegung_SO_KlassifizNachForstrecht_2000">
          <gml:identifier codeSpace="urn:citgml">urn:xplan:enum:xplan:SO_Forstrecht:artDerFestlegung:SO_KlassifizNachForstrecht:2000</gml:identifier>
          <gml:name>Privatwald</gml:name>
        </ListedValueDefinition>
      </gml:dictionaryEntry>
      <gml:dictionaryEntry>
        <ListedValueDefinition gml:id="xplan_SO_Forstrecht_artDerFestlegung_SO_KlassifizNachForstrecht_9999">
          <gml:identifier codeSpace="urn:citgml">urn:xplan:enum:xplan:SO_Forstrecht:artDerFestlegung:SO_KlassifizNachForstrecht:9999</gml:identifier>
          <gml:name>Sonstiges</gml:name>
        </ListedValueDefinition>
      </gml:dictionaryEntry>
      <def:cardinality>0..1</def:cardinality>
      <def:valueTypeName>SO_KlassifizNachForstrecht</def:valueTypeName>
      <def:type>attribute</def:type>
    </def:PropertyDefinition>
  </gml:dictionaryEntry>
  <gml:dictionaryEntry>
    <def:PropertyDefinition gml:id="xplan_SO_Forstrecht_detailArtDerFestlegung">
      <gml:description>Detaillierte Klassifizierung der Festlegung</gml:description>
      <gml:identifier codeSpace="urn:citgml">urn:xplan:element:xplan:SO_Forstrecht:attribute:detailArtDerFestlegung</gml:identifier>
      <gml:name>xplan:detailArtDerFestlegung</gml:name>
      <def:cardinality>0..1</def:cardinality>
      <def:valueTypeName>SO_DetailKlassifizNachForstrecht</def:valueTypeName>
      <def:type>attribute</def:type>
    </def:PropertyDefinition>
  </gml:dictionaryEntry>
  <gml:dictionaryEntry>
    <def:PropertyDefinition gml:id="xplan_SO_Forstrecht_name">
      <gml:description>Informelle Bezeichnung der Festlegung</gml:description>
      <gml:identifier codeSpace="urn:citgml">urn:xplan:element:xplan:SO_Forstrecht:attribute:name</gml:identifier>
      <gml:name>xplan:name</gml:name>
      <def:cardinality>0..1</def:cardinality>
      <def:valueTypeRef xlink:href="urn:xplan:element::CharacterString" />
      <def:type>attribute</def:type>
    </def:PropertyDefinition>
  </gml:dictionaryEntry>
  <gml:dictionaryEntry>
    <def:PropertyDefinition gml:id="xplan_SO_Forstrecht_nummer">
      <gml:description>Amtliche Bezeichnung / Kennziffer der Festlegung</gml:description>
      <gml:identifier codeSpace="urn:citgml">urn:xplan:element:xplan:SO_Forstrecht:attribute:nummer</gml:identifier>
      <gml:name>xplan:nummer</gml:name>
      <def:cardinality>0..1</def:cardinality>
      <def:valueTypeRef xlink:href="urn:xplan:element::CharacterString" />
      <def:type>attribute</def:type>
    </def:PropertyDefinition>
  </gml:dictionaryEntry>
  <def:classification>featureType</def:classification>
  <def:supertypeRef xlink:href="urn:xplan:element:xplan:SO_Geometrieobjekt" />
</TypeDefinition>