﻿<!--Erzeugt mit KIT (www.kit.edu) UmlToXmlTransformation-Software, Erstellungsdatum: 24.08.2012 09:29:22-->
<TypeDefinition xmlns="http://www.interactive-instruments.de/ShapeChange/Definitions/0.5" xmlns:def="http://www.interactive-instruments.de/ShapeChange/Definitions/0.5" xmlns:gml="http://www.opengis.net/gml/3.2" xmlns:xlink="http://www.w3.org/1999/xlink" xmlns:xsi="http://www.w3.org/2001/XMLSchema-instance" xsi:schemaLocation="http://www.interactive-instruments.de/ShapeChange/Definitions/0.5 ../xsd/ShapeChangeDefinitions.xsd" gml:id="xplan_RP_RLP_Ressourcenschutz">
  <gml:description>Vorrang- und Vorbehaltsgebiete für Ressourcenschutz. Das Attribut "typ" ist nur für Pläne nach LEP III relevant.
</gml:description>
  <gml:identifier codeSpace="urn:citgml">urn:xplan:element:xplan:RP_RLP_Ressourcenschutz</gml:identifier>
  <gml:name>xplan:RP_RLP_Ressourcenschutz</gml:name>
  <gml:dictionaryEntry>
    <def:PropertyDefinition gml:id="xplan_RP_RLP_Ressourcenschutz_typ">
      <gml:description />
      <gml:identifier codeSpace="urn:citgml">urn:xplan:element:xplan:RP_RLP_Ressourcenschutz:attribute:typ</gml:identifier>
      <gml:name>xplan:typ</gml:name>
      <gml:dictionaryEntry>
        <ListedValueDefinition gml:id="xplan_RP_RLP_Ressourcenschutz_typ_RP_RLP_RessourcenschutzTypen_1000">
          <gml:identifier codeSpace="urn:citgml">urn:xplan:enum:xplan:RP_RLP_Ressourcenschutz:typ:RP_RLP_RessourcenschutzTypen:1000</gml:identifier>
          <gml:name>Grundwasser</gml:name>
        </ListedValueDefinition>
      </gml:dictionaryEntry>
      <gml:dictionaryEntry>
        <ListedValueDefinition gml:id="xplan_RP_RLP_Ressourcenschutz_typ_RP_RLP_RessourcenschutzTypen_2000">
          <gml:identifier codeSpace="urn:citgml">urn:xplan:enum:xplan:RP_RLP_Ressourcenschutz:typ:RP_RLP_RessourcenschutzTypen:2000</gml:identifier>
          <gml:name>Boden</gml:name>
        </ListedValueDefinition>
      </gml:dictionaryEntry>
      <gml:dictionaryEntry>
        <ListedValueDefinition gml:id="xplan_RP_RLP_Ressourcenschutz_typ_RP_RLP_RessourcenschutzTypen_3000">
          <gml:identifier codeSpace="urn:citgml">urn:xplan:enum:xplan:RP_RLP_Ressourcenschutz:typ:RP_RLP_RessourcenschutzTypen:3000</gml:identifier>
          <gml:name>KlimaLuft</gml:name>
        </ListedValueDefinition>
      </gml:dictionaryEntry>
      <gml:dictionaryEntry>
        <ListedValueDefinition gml:id="xplan_RP_RLP_Ressourcenschutz_typ_RP_RLP_RessourcenschutzTypen_4000">
          <gml:identifier codeSpace="urn:citgml">urn:xplan:enum:xplan:RP_RLP_Ressourcenschutz:typ:RP_RLP_RessourcenschutzTypen:4000</gml:identifier>
          <gml:name>PflanzenTiere</gml:name>
        </ListedValueDefinition>
      </gml:dictionaryEntry>
      <gml:dictionaryEntry>
        <ListedValueDefinition gml:id="xplan_RP_RLP_Ressourcenschutz_typ_RP_RLP_RessourcenschutzTypen_5000">
          <gml:identifier codeSpace="urn:citgml">urn:xplan:enum:xplan:RP_RLP_Ressourcenschutz:typ:RP_RLP_RessourcenschutzTypen:5000</gml:identifier>
          <gml:name>LandschaftsbildErholung</gml:name>
        </ListedValueDefinition>
      </gml:dictionaryEntry>
      <def:cardinality>0..1</def:cardinality>
      <def:valueTypeName>RP_RLP_RessourcenschutzTypen</def:valueTypeName>
      <def:type>attribute</def:type>
    </def:PropertyDefinition>
  </gml:dictionaryEntry>
  <def:classification>featureType</def:classification>
  <def:supertypeRef xlink:href="urn:xplan:element:xplan:RP_SonstigerFreiraumstruktur" />
</TypeDefinition>