﻿<!--Erzeugt mit KIT (www.kit.edu) UmlToXmlTransformation-Software, Erstellungsdatum: 24.08.2012 09:29:24-->
<TypeDefinition xmlns="http://www.interactive-instruments.de/ShapeChange/Definitions/0.5" xmlns:def="http://www.interactive-instruments.de/ShapeChange/Definitions/0.5" xmlns:gml="http://www.opengis.net/gml/3.2" xmlns:xlink="http://www.w3.org/1999/xlink" xmlns:xsi="http://www.w3.org/2001/XMLSchema-instance" xsi:schemaLocation="http://www.interactive-instruments.de/ShapeChange/Definitions/0.5 ../xsd/ShapeChangeDefinitions.xsd" gml:id="xplanNSM_RP_NSM_OberflaechennaheBodenschaetze">
  <gml:description />
  <gml:identifier codeSpace="urn:citgml">urn:xplan:element:xplanNSM:RP_NSM_OberflaechennaheBodenschaetze</gml:identifier>
  <gml:name>xplanNSM:RP_NSM_OberflaechennaheBodenschaetze</gml:name>
  <gml:dictionaryEntry>
    <def:PropertyDefinition gml:id="xplanNSM_RP_NSM_OberflaechennaheBodenschaetze_folgenutzung">
      <gml:description />
      <gml:identifier codeSpace="urn:citgml">urn:xplan:element:xplanNSM:RP_NSM_OberflaechennaheBodenschaetze:attribute:folgenutzung</gml:identifier>
      <gml:name>xplanNSM:folgenutzung</gml:name>
      <gml:dictionaryEntry>
        <ListedValueDefinition gml:id="xplanNSM_RP_NSM_OberflaechennaheBodenschaetze_folgenutzung_RP_NSM_TagebauFolgenutzung_1000">
          <gml:identifier codeSpace="urn:citgml">urn:xplan:enum:xplanNSM:RP_NSM_OberflaechennaheBodenschaetze:folgenutzung:RP_NSM_TagebauFolgenutzung:1000</gml:identifier>
          <gml:name>Landwirtschaft</gml:name>
        </ListedValueDefinition>
      </gml:dictionaryEntry>
      <gml:dictionaryEntry>
        <ListedValueDefinition gml:id="xplanNSM_RP_NSM_OberflaechennaheBodenschaetze_folgenutzung_RP_NSM_TagebauFolgenutzung_2000">
          <gml:identifier codeSpace="urn:citgml">urn:xplan:enum:xplanNSM:RP_NSM_OberflaechennaheBodenschaetze:folgenutzung:RP_NSM_TagebauFolgenutzung:2000</gml:identifier>
          <gml:name>Forstwirtschaft</gml:name>
        </ListedValueDefinition>
      </gml:dictionaryEntry>
      <gml:dictionaryEntry>
        <ListedValueDefinition gml:id="xplanNSM_RP_NSM_OberflaechennaheBodenschaetze_folgenutzung_RP_NSM_TagebauFolgenutzung_3000">
          <gml:identifier codeSpace="urn:citgml">urn:xplan:enum:xplanNSM:RP_NSM_OberflaechennaheBodenschaetze:folgenutzung:RP_NSM_TagebauFolgenutzung:3000</gml:identifier>
          <gml:name>Gruenlandbewirtschaftung</gml:name>
        </ListedValueDefinition>
      </gml:dictionaryEntry>
      <gml:dictionaryEntry>
        <ListedValueDefinition gml:id="xplanNSM_RP_NSM_OberflaechennaheBodenschaetze_folgenutzung_RP_NSM_TagebauFolgenutzung_4000">
          <gml:identifier codeSpace="urn:citgml">urn:xplan:enum:xplanNSM:RP_NSM_OberflaechennaheBodenschaetze:folgenutzung:RP_NSM_TagebauFolgenutzung:4000</gml:identifier>
          <gml:name>NaturUndLandschaft</gml:name>
        </ListedValueDefinition>
      </gml:dictionaryEntry>
      <gml:dictionaryEntry>
        <ListedValueDefinition gml:id="xplanNSM_RP_NSM_OberflaechennaheBodenschaetze_folgenutzung_RP_NSM_TagebauFolgenutzung_5000">
          <gml:identifier codeSpace="urn:citgml">urn:xplan:enum:xplanNSM:RP_NSM_OberflaechennaheBodenschaetze:folgenutzung:RP_NSM_TagebauFolgenutzung:5000</gml:identifier>
          <gml:name>Naturschutz</gml:name>
        </ListedValueDefinition>
      </gml:dictionaryEntry>
      <gml:dictionaryEntry>
        <ListedValueDefinition gml:id="xplanNSM_RP_NSM_OberflaechennaheBodenschaetze_folgenutzung_RP_NSM_TagebauFolgenutzung_6000">
          <gml:identifier codeSpace="urn:citgml">urn:xplan:enum:xplanNSM:RP_NSM_OberflaechennaheBodenschaetze:folgenutzung:RP_NSM_TagebauFolgenutzung:6000</gml:identifier>
          <gml:name>Erholung</gml:name>
        </ListedValueDefinition>
      </gml:dictionaryEntry>
      <gml:dictionaryEntry>
        <ListedValueDefinition gml:id="xplanNSM_RP_NSM_OberflaechennaheBodenschaetze_folgenutzung_RP_NSM_TagebauFolgenutzung_9999">
          <gml:identifier codeSpace="urn:citgml">urn:xplan:enum:xplanNSM:RP_NSM_OberflaechennaheBodenschaetze:folgenutzung:RP_NSM_TagebauFolgenutzung:9999</gml:identifier>
          <gml:name>Sonstiges</gml:name>
        </ListedValueDefinition>
      </gml:dictionaryEntry>
      <def:cardinality>0..1</def:cardinality>
      <def:valueTypeName>RP_NSM_TagebauFolgenutzung</def:valueTypeName>
      <def:type>attribute</def:type>
    </def:PropertyDefinition>
  </gml:dictionaryEntry>
  <gml:dictionaryEntry>
    <def:PropertyDefinition gml:id="xplanNSM_RP_NSM_OberflaechennaheBodenschaetze_folgenutzungText">
      <gml:description />
      <gml:identifier codeSpace="urn:citgml">urn:xplan:element:xplanNSM:RP_NSM_OberflaechennaheBodenschaetze:attribute:folgenutzungText</gml:identifier>
      <gml:name>xplanNSM:folgenutzungText</gml:name>
      <def:cardinality>0..1</def:cardinality>
      <def:valueTypeName>CharacterString</def:valueTypeName>
      <def:type>attribute</def:type>
    </def:PropertyDefinition>
  </gml:dictionaryEntry>
  <gml:dictionaryEntry>
    <def:PropertyDefinition gml:id="xplanNSM_RP_NSM_OberflaechennaheBodenschaetze_zeitstufe">
      <gml:description />
      <gml:identifier codeSpace="urn:citgml">urn:xplan:element:xplanNSM:RP_NSM_OberflaechennaheBodenschaetze:attribute:zeitstufe</gml:identifier>
      <gml:name>xplanNSM:zeitstufe</gml:name>
      <gml:dictionaryEntry>
        <ListedValueDefinition gml:id="xplanNSM_RP_NSM_OberflaechennaheBodenschaetze_zeitstufe_RP_NSM_Zeitstufe_1000">
          <gml:identifier codeSpace="urn:citgml">urn:xplan:enum:xplanNSM:RP_NSM_OberflaechennaheBodenschaetze:zeitstufe:RP_NSM_Zeitstufe:1000</gml:identifier>
          <gml:name>Zeitstufe_1</gml:name>
        </ListedValueDefinition>
      </gml:dictionaryEntry>
      <gml:dictionaryEntry>
        <ListedValueDefinition gml:id="xplanNSM_RP_NSM_OberflaechennaheBodenschaetze_zeitstufe_RP_NSM_Zeitstufe_2000">
          <gml:identifier codeSpace="urn:citgml">urn:xplan:enum:xplanNSM:RP_NSM_OberflaechennaheBodenschaetze:zeitstufe:RP_NSM_Zeitstufe:2000</gml:identifier>
          <gml:name>Zeitstufe_2</gml:name>
        </ListedValueDefinition>
      </gml:dictionaryEntry>
      <def:cardinality>0..1</def:cardinality>
      <def:valueTypeName>RP_NSM_Zeitstufe</def:valueTypeName>
      <def:type>attribute</def:type>
    </def:PropertyDefinition>
  </gml:dictionaryEntry>
  <gml:dictionaryEntry>
    <def:PropertyDefinition gml:id="xplanNSM_RP_NSM_OberflaechennaheBodenschaetze_zeitstufeText">
      <gml:description />
      <gml:identifier codeSpace="urn:citgml">urn:xplan:element:xplanNSM:RP_NSM_OberflaechennaheBodenschaetze:attribute:zeitstufeText</gml:identifier>
      <gml:name>xplanNSM:zeitstufeText</gml:name>
      <def:cardinality>0..1</def:cardinality>
      <def:valueTypeName>CharacterString</def:valueTypeName>
      <def:type>attribute</def:type>
    </def:PropertyDefinition>
  </gml:dictionaryEntry>
  <def:classification>featureType</def:classification>
  <def:supertypeRef xlink:href="urn:xplan:element:xplan:RP_Rohstoffsicherung" />
</TypeDefinition>