﻿<!--Erzeugt mit KIT (www.kit.edu) UmlToXmlTransformation-Software, Erstellungsdatum: 09.09.2013 11:08:28-->
<TypeDefinition xmlns="http://www.interactive-instruments.de/ShapeChange/Definitions/0.5" xmlns:def="http://www.interactive-instruments.de/ShapeChange/Definitions/0.5" xmlns:gml="http://www.opengis.net/gml/3.2" xmlns:xlink="http://www.w3.org/1999/xlink" xmlns:xsi="http://www.w3.org/2001/XMLSchema-instance" xsi:schemaLocation="http://www.interactive-instruments.de/ShapeChange/Definitions/0.5 ../xsd/ShapeChangeDefinitions.xsd" gml:id="xplan_XP_VerbundenerPlan">
  <gml:description>Spezifikation eines anderen Plans, der mit dem Ausgangsplan verbunden ist und diesen ändert bzw. von ihm geändert wird.
</gml:description>
  <gml:identifier codeSpace="urn:citgml">urn:xplan:element:xplan:XP_VerbundenerPlan</gml:identifier>
  <gml:name>xplan:XP_VerbundenerPlan</gml:name>
  <gml:dictionaryEntry>
    <def:PropertyDefinition gml:id="xplan_XP_VerbundenerPlan_planName">
      <gml:description>Name (Attribut name von XP_Plan) des verbundenen Plans.</gml:description>
      <gml:identifier codeSpace="urn:citgml">urn:xplan:element:xplan:XP_VerbundenerPlan:attribute:planName</gml:identifier>
      <gml:name>xplan:planName</gml:name>
      <def:cardinality>1</def:cardinality>
      <def:valueTypeRef xlink:href="urn:xplan:element::CharacterString" />
      <def:type>attribute</def:type>
    </def:PropertyDefinition>
  </gml:dictionaryEntry>
  <gml:dictionaryEntry>
    <def:PropertyDefinition gml:id="xplan_XP_VerbundenerPlan_rechtscharakter">
      <gml:description>Rechtscharakter der Planänderung.</gml:description>
      <gml:identifier codeSpace="urn:citgml">urn:xplan:element:xplan:XP_VerbundenerPlan:attribute:rechtscharakter</gml:identifier>
      <gml:name>xplan:rechtscharakter</gml:name>
      <gml:dictionaryEntry>
        <ListedValueDefinition gml:id="xplan_XP_VerbundenerPlan_rechtscharakter_XP_RechtscharakterPlanaenderung_1000">
          <gml:description>Änderung des Plans</gml:description>
          <gml:identifier codeSpace="urn:citgml">urn:xplan:enum:xplan:XP_VerbundenerPlan:rechtscharakter:XP_RechtscharakterPlanaenderung:1000</gml:identifier>
          <gml:name>Aenderung</gml:name>
        </ListedValueDefinition>
      </gml:dictionaryEntry>
      <gml:dictionaryEntry>
        <ListedValueDefinition gml:id="xplan_XP_VerbundenerPlan_rechtscharakter_XP_RechtscharakterPlanaenderung_1100">
          <gml:description>Ergänzung eines Plans
</gml:description>
          <gml:identifier codeSpace="urn:citgml">urn:xplan:enum:xplan:XP_VerbundenerPlan:rechtscharakter:XP_RechtscharakterPlanaenderung:1100</gml:identifier>
          <gml:name>Ergaenzung</gml:name>
        </ListedValueDefinition>
      </gml:dictionaryEntry>
      <gml:dictionaryEntry>
        <ListedValueDefinition gml:id="xplan_XP_VerbundenerPlan_rechtscharakter_XP_RechtscharakterPlanaenderung_2000">
          <gml:description>Aufhebung des Plans</gml:description>
          <gml:identifier codeSpace="urn:citgml">urn:xplan:enum:xplan:XP_VerbundenerPlan:rechtscharakter:XP_RechtscharakterPlanaenderung:2000</gml:identifier>
          <gml:name>Aufhebung</gml:name>
        </ListedValueDefinition>
      </gml:dictionaryEntry>
      <def:cardinality>1</def:cardinality>
      <def:valueTypeName>XP_RechtscharakterPlanaenderung</def:valueTypeName>
      <def:type>attribute</def:type>
    </def:PropertyDefinition>
  </gml:dictionaryEntry>
  <gml:dictionaryEntry>
    <def:PropertyDefinition gml:id="xplan_XP_VerbundenerPlan_nummer">
      <gml:description>Nummer des verbundenen Plans</gml:description>
      <gml:identifier codeSpace="urn:citgml">urn:xplan:element:xplan:XP_VerbundenerPlan:attribute:nummer</gml:identifier>
      <gml:name>xplan:nummer</gml:name>
      <def:cardinality>0..1</def:cardinality>
      <def:valueTypeRef xlink:href="urn:xplan:element::CharacterString" />
      <def:type>attribute</def:type>
    </def:PropertyDefinition>
  </gml:dictionaryEntry>
  <def:classification>featureType</def:classification>
</TypeDefinition>