﻿<!--Erzeugt mit KIT (www.kit.edu) UmlToXmlTransformation-Software, Erstellungsdatum: 09.09.2013 11:08:51-->
<TypeDefinition xmlns="http://www.interactive-instruments.de/ShapeChange/Definitions/0.5" xmlns:def="http://www.interactive-instruments.de/ShapeChange/Definitions/0.5" xmlns:gml="http://www.opengis.net/gml/3.2" xmlns:xlink="http://www.w3.org/1999/xlink" xmlns:xsi="http://www.w3.org/2001/XMLSchema-instance" xsi:schemaLocation="http://www.interactive-instruments.de/ShapeChange/Definitions/0.5 ../xsd/ShapeChangeDefinitions.xsd" gml:id="xplan_BP_WasserwirtschaftsFlaeche">
  <gml:description>Flächen für die Wasserwirtschaft, den Hochwasserschutz  und die Regelungen des Wasserabflusses (§9 Abs. 1 Nr. 16 und Abs. 6a BauGB).
</gml:description>
  <gml:identifier codeSpace="urn:citgml">urn:xplan:element:xplan:BP_WasserwirtschaftsFlaeche</gml:identifier>
  <gml:name>xplan:BP_WasserwirtschaftsFlaeche</gml:name>
  <gml:dictionaryEntry>
    <def:PropertyDefinition gml:id="xplan_BP_WasserwirtschaftsFlaeche_zweckbestimmung">
      <gml:description>Zweckbestimmung der Fläche.</gml:description>
      <gml:identifier codeSpace="urn:citgml">urn:xplan:element:xplan:BP_WasserwirtschaftsFlaeche:attribute:zweckbestimmung</gml:identifier>
      <gml:name>xplan:zweckbestimmung</gml:name>
      <gml:dictionaryEntry>
        <ListedValueDefinition gml:id="xplan_BP_WasserwirtschaftsFlaeche_zweckbestimmung_XP_ZweckbestimmungWasserwirtschaft_1000">
          <gml:description>Hochwasser-Rückhaltebecken</gml:description>
          <gml:identifier codeSpace="urn:citgml">urn:xplan:enum:xplan:BP_WasserwirtschaftsFlaeche:zweckbestimmung:XP_ZweckbestimmungWasserwirtschaft:1000</gml:identifier>
          <gml:name>HochwasserRueckhaltebecken</gml:name>
        </ListedValueDefinition>
      </gml:dictionaryEntry>
      <gml:dictionaryEntry>
        <ListedValueDefinition gml:id="xplan_BP_WasserwirtschaftsFlaeche_zweckbestimmung_XP_ZweckbestimmungWasserwirtschaft_1100">
          <gml:description>Überschwemmungs-gefährdetes Gebiet</gml:description>
          <gml:identifier codeSpace="urn:citgml">urn:xplan:enum:xplan:BP_WasserwirtschaftsFlaeche:zweckbestimmung:XP_ZweckbestimmungWasserwirtschaft:1100</gml:identifier>
          <gml:name>Ueberschwemmgebiet</gml:name>
        </ListedValueDefinition>
      </gml:dictionaryEntry>
      <gml:dictionaryEntry>
        <ListedValueDefinition gml:id="xplan_BP_WasserwirtschaftsFlaeche_zweckbestimmung_XP_ZweckbestimmungWasserwirtschaft_1200">
          <gml:identifier codeSpace="urn:citgml">urn:xplan:enum:xplan:BP_WasserwirtschaftsFlaeche:zweckbestimmung:XP_ZweckbestimmungWasserwirtschaft:1200</gml:identifier>
          <gml:name>Versickerungsflaeche</gml:name>
        </ListedValueDefinition>
      </gml:dictionaryEntry>
      <gml:dictionaryEntry>
        <ListedValueDefinition gml:id="xplan_BP_WasserwirtschaftsFlaeche_zweckbestimmung_XP_ZweckbestimmungWasserwirtschaft_1300">
          <gml:identifier codeSpace="urn:citgml">urn:xplan:enum:xplan:BP_WasserwirtschaftsFlaeche:zweckbestimmung:XP_ZweckbestimmungWasserwirtschaft:1300</gml:identifier>
          <gml:name>Entwaesserungsgraben</gml:name>
        </ListedValueDefinition>
      </gml:dictionaryEntry>
      <gml:dictionaryEntry>
        <ListedValueDefinition gml:id="xplan_BP_WasserwirtschaftsFlaeche_zweckbestimmung_XP_ZweckbestimmungWasserwirtschaft_9999">
          <gml:description>Sonstige Zweckbestimmung</gml:description>
          <gml:identifier codeSpace="urn:citgml">urn:xplan:enum:xplan:BP_WasserwirtschaftsFlaeche:zweckbestimmung:XP_ZweckbestimmungWasserwirtschaft:9999</gml:identifier>
          <gml:name>Sonstiges</gml:name>
        </ListedValueDefinition>
      </gml:dictionaryEntry>
      <def:cardinality>0..1</def:cardinality>
      <def:valueTypeName>XP_ZweckbestimmungWasserwirtschaft</def:valueTypeName>
      <def:type>attribute</def:type>
    </def:PropertyDefinition>
  </gml:dictionaryEntry>
  <gml:dictionaryEntry>
    <def:PropertyDefinition gml:id="xplan_BP_WasserwirtschaftsFlaeche_detaillierteZweckbestimmung">
      <gml:description>Über eine CodeList definierte  Zweckbestimmung der Fläche.
</gml:description>
      <gml:identifier codeSpace="urn:citgml">urn:xplan:element:xplan:BP_WasserwirtschaftsFlaeche:attribute:detaillierteZweckbestimmung</gml:identifier>
      <gml:name>xplan:detaillierteZweckbestimmung</gml:name>
      <def:cardinality>0..1</def:cardinality>
      <def:valueTypeName>BP_DetailZweckbestWasserwirtschaft</def:valueTypeName>
      <def:type>attribute</def:type>
    </def:PropertyDefinition>
  </gml:dictionaryEntry>
  <def:classification>featureType</def:classification>
  <def:supertypeRef xlink:href="urn:xplan:element:xplan:BP_Flaechenobjekt" />
</TypeDefinition>