﻿<!--Erzeugt mit KIT (www.kit.edu) UmlToXmlTransformation-Software, Erstellungsdatum: 24.08.2012 09:29:19-->
<TypeDefinition xmlns="http://www.interactive-instruments.de/ShapeChange/Definitions/0.5" xmlns:def="http://www.interactive-instruments.de/ShapeChange/Definitions/0.5" xmlns:gml="http://www.opengis.net/gml/3.2" xmlns:xlink="http://www.w3.org/1999/xlink" xmlns:xsi="http://www.w3.org/2001/XMLSchema-instance" xsi:schemaLocation="http://www.interactive-instruments.de/ShapeChange/Definitions/0.5 ../xsd/ShapeChangeDefinitions.xsd" gml:id="xplan_RP_NRW_ASB">
  <gml:description>Allgemeine Siedlungsbereiche (ASB)
</gml:description>
  <gml:identifier codeSpace="urn:citgml">urn:xplan:element:xplan:RP_NRW_ASB</gml:identifier>
  <gml:name>xplan:RP_NRW_ASB</gml:name>
  <gml:dictionaryEntry>
    <def:PropertyDefinition gml:id="xplan_RP_NRW_ASB_zweckbindung">
      <gml:description />
      <gml:identifier codeSpace="urn:citgml">urn:xplan:element:xplan:RP_NRW_ASB:attribute:zweckbindung</gml:identifier>
      <gml:name>xplan:zweckbindung</gml:name>
      <gml:dictionaryEntry>
        <ListedValueDefinition gml:id="xplan_RP_NRW_ASB_zweckbindung_RP_NRW_ASB_Zweckbindungen_1000">
          <gml:identifier codeSpace="urn:citgml">urn:xplan:enum:xplan:RP_NRW_ASB:zweckbindung:RP_NRW_ASB_Zweckbindungen:1000</gml:identifier>
          <gml:name>Bildung</gml:name>
        </ListedValueDefinition>
      </gml:dictionaryEntry>
      <gml:dictionaryEntry>
        <ListedValueDefinition gml:id="xplan_RP_NRW_ASB_zweckbindung_RP_NRW_ASB_Zweckbindungen_1500">
          <gml:identifier codeSpace="urn:citgml">urn:xplan:enum:xplan:RP_NRW_ASB:zweckbindung:RP_NRW_ASB_Zweckbindungen:1500</gml:identifier>
          <gml:name>FerienFreizeit</gml:name>
        </ListedValueDefinition>
      </gml:dictionaryEntry>
      <gml:dictionaryEntry>
        <ListedValueDefinition gml:id="xplan_RP_NRW_ASB_zweckbindung_RP_NRW_ASB_Zweckbindungen_2000">
          <gml:identifier codeSpace="urn:citgml">urn:xplan:enum:xplan:RP_NRW_ASB:zweckbindung:RP_NRW_ASB_Zweckbindungen:2000</gml:identifier>
          <gml:name>Gesundheit</gml:name>
        </ListedValueDefinition>
      </gml:dictionaryEntry>
      <gml:dictionaryEntry>
        <ListedValueDefinition gml:id="xplan_RP_NRW_ASB_zweckbindung_RP_NRW_ASB_Zweckbindungen_2500">
          <gml:identifier codeSpace="urn:citgml">urn:xplan:enum:xplan:RP_NRW_ASB:zweckbindung:RP_NRW_ASB_Zweckbindungen:2500</gml:identifier>
          <gml:name>Hochschule</gml:name>
        </ListedValueDefinition>
      </gml:dictionaryEntry>
      <gml:dictionaryEntry>
        <ListedValueDefinition gml:id="xplan_RP_NRW_ASB_zweckbindung_RP_NRW_ASB_Zweckbindungen_3000">
          <gml:identifier codeSpace="urn:citgml">urn:xplan:enum:xplan:RP_NRW_ASB:zweckbindung:RP_NRW_ASB_Zweckbindungen:3000</gml:identifier>
          <gml:name>Krankenhaus</gml:name>
        </ListedValueDefinition>
      </gml:dictionaryEntry>
      <gml:dictionaryEntry>
        <ListedValueDefinition gml:id="xplan_RP_NRW_ASB_zweckbindung_RP_NRW_ASB_Zweckbindungen_3500">
          <gml:identifier codeSpace="urn:citgml">urn:xplan:enum:xplan:RP_NRW_ASB:zweckbindung:RP_NRW_ASB_Zweckbindungen:3500</gml:identifier>
          <gml:name>Militaer</gml:name>
        </ListedValueDefinition>
      </gml:dictionaryEntry>
      <gml:dictionaryEntry>
        <ListedValueDefinition gml:id="xplan_RP_NRW_ASB_zweckbindung_RP_NRW_ASB_Zweckbindungen_4000">
          <gml:identifier codeSpace="urn:citgml">urn:xplan:enum:xplan:RP_NRW_ASB:zweckbindung:RP_NRW_ASB_Zweckbindungen:4000</gml:identifier>
          <gml:name>Polizei</gml:name>
        </ListedValueDefinition>
      </gml:dictionaryEntry>
      <gml:dictionaryEntry>
        <ListedValueDefinition gml:id="xplan_RP_NRW_ASB_zweckbindung_RP_NRW_ASB_Zweckbindungen_9999">
          <gml:identifier codeSpace="urn:citgml">urn:xplan:enum:xplan:RP_NRW_ASB:zweckbindung:RP_NRW_ASB_Zweckbindungen:9999</gml:identifier>
          <gml:name>Sonstiges</gml:name>
        </ListedValueDefinition>
      </gml:dictionaryEntry>
      <def:cardinality>0..*</def:cardinality>
      <def:valueTypeName>RP_NRW_ASB_Zweckbindungen</def:valueTypeName>
      <def:type>attribute</def:type>
    </def:PropertyDefinition>
  </gml:dictionaryEntry>
  <gml:dictionaryEntry>
    <def:PropertyDefinition gml:id="xplan_RP_NRW_ASB_sonstZweckbindung">
      <gml:description />
      <gml:identifier codeSpace="urn:citgml">urn:xplan:element:xplan:RP_NRW_ASB:attribute:sonstZweckbindung</gml:identifier>
      <gml:name>xplan:sonstZweckbindung</gml:name>
      <def:cardinality>0..1</def:cardinality>
      <def:valueTypeName>RP_NRW_ASB_SonstZweckbindungen</def:valueTypeName>
      <def:type>attribute</def:type>
    </def:PropertyDefinition>
  </gml:dictionaryEntry>
  <def:classification>featureType</def:classification>
  <def:supertypeRef xlink:href="urn:xplan:element:xplan:RP_GemeindeFunktionSiedlungsentwicklung" />
</TypeDefinition>