﻿<!--Erzeugt mit KIT (www.kit.edu) UmlToXmlTransformation-Software, Erstellungsdatum: 09.09.2013 11:09:04-->
<TypeDefinition xmlns="http://www.interactive-instruments.de/ShapeChange/Definitions/0.5" xmlns:def="http://www.interactive-instruments.de/ShapeChange/Definitions/0.5" xmlns:gml="http://www.opengis.net/gml/3.2" xmlns:xlink="http://www.w3.org/1999/xlink" xmlns:xsi="http://www.w3.org/2001/XMLSchema-instance" xsi:schemaLocation="http://www.interactive-instruments.de/ShapeChange/Definitions/0.5 ../xsd/ShapeChangeDefinitions.xsd" gml:id="xplan_RP_Plan">
  <gml:description>Die Klasse modelliert einen Regionalplan.
</gml:description>
  <gml:identifier codeSpace="urn:citgml">urn:xplan:element:xplan:RP_Plan</gml:identifier>
  <gml:name>xplan:RP_Plan</gml:name>
  <gml:dictionaryEntry>
    <def:PropertyDefinition gml:id="xplan_RP_Plan_bundesland">
      <gml:description>Zuständige Bundesländer</gml:description>
      <gml:identifier codeSpace="urn:citgml">urn:xplan:element:xplan:RP_Plan:attribute:bundesland</gml:identifier>
      <gml:name>xplan:bundesland</gml:name>
      <gml:dictionaryEntry>
        <ListedValueDefinition gml:id="xplan_RP_Plan_bundesland_XP_Bundeslaender_1000">
          <gml:description>Brandenburg</gml:description>
          <gml:identifier codeSpace="urn:citgml">urn:xplan:enum:xplan:RP_Plan:bundesland:XP_Bundeslaender:1000</gml:identifier>
          <gml:name>BB</gml:name>
        </ListedValueDefinition>
      </gml:dictionaryEntry>
      <gml:dictionaryEntry>
        <ListedValueDefinition gml:id="xplan_RP_Plan_bundesland_XP_Bundeslaender_1100">
          <gml:description>Berlin</gml:description>
          <gml:identifier codeSpace="urn:citgml">urn:xplan:enum:xplan:RP_Plan:bundesland:XP_Bundeslaender:1100</gml:identifier>
          <gml:name>BE</gml:name>
        </ListedValueDefinition>
      </gml:dictionaryEntry>
      <gml:dictionaryEntry>
        <ListedValueDefinition gml:id="xplan_RP_Plan_bundesland_XP_Bundeslaender_1200">
          <gml:description>Baden-Württemberg</gml:description>
          <gml:identifier codeSpace="urn:citgml">urn:xplan:enum:xplan:RP_Plan:bundesland:XP_Bundeslaender:1200</gml:identifier>
          <gml:name>BW</gml:name>
        </ListedValueDefinition>
      </gml:dictionaryEntry>
      <gml:dictionaryEntry>
        <ListedValueDefinition gml:id="xplan_RP_Plan_bundesland_XP_Bundeslaender_1300">
          <gml:description>Bayern</gml:description>
          <gml:identifier codeSpace="urn:citgml">urn:xplan:enum:xplan:RP_Plan:bundesland:XP_Bundeslaender:1300</gml:identifier>
          <gml:name>BY</gml:name>
        </ListedValueDefinition>
      </gml:dictionaryEntry>
      <gml:dictionaryEntry>
        <ListedValueDefinition gml:id="xplan_RP_Plan_bundesland_XP_Bundeslaender_1400">
          <gml:identifier codeSpace="urn:citgml">urn:xplan:enum:xplan:RP_Plan:bundesland:XP_Bundeslaender:1400</gml:identifier>
          <gml:name>HB</gml:name>
        </ListedValueDefinition>
      </gml:dictionaryEntry>
      <gml:dictionaryEntry>
        <ListedValueDefinition gml:id="xplan_RP_Plan_bundesland_XP_Bundeslaender_1500">
          <gml:description>Hessen</gml:description>
          <gml:identifier codeSpace="urn:citgml">urn:xplan:enum:xplan:RP_Plan:bundesland:XP_Bundeslaender:1500</gml:identifier>
          <gml:name>HE</gml:name>
        </ListedValueDefinition>
      </gml:dictionaryEntry>
      <gml:dictionaryEntry>
        <ListedValueDefinition gml:id="xplan_RP_Plan_bundesland_XP_Bundeslaender_1600">
          <gml:identifier codeSpace="urn:citgml">urn:xplan:enum:xplan:RP_Plan:bundesland:XP_Bundeslaender:1600</gml:identifier>
          <gml:name>HH</gml:name>
        </ListedValueDefinition>
      </gml:dictionaryEntry>
      <gml:dictionaryEntry>
        <ListedValueDefinition gml:id="xplan_RP_Plan_bundesland_XP_Bundeslaender_1700">
          <gml:description>Mecklenburg-Vorpommern</gml:description>
          <gml:identifier codeSpace="urn:citgml">urn:xplan:enum:xplan:RP_Plan:bundesland:XP_Bundeslaender:1700</gml:identifier>
          <gml:name>MV</gml:name>
        </ListedValueDefinition>
      </gml:dictionaryEntry>
      <gml:dictionaryEntry>
        <ListedValueDefinition gml:id="xplan_RP_Plan_bundesland_XP_Bundeslaender_1800">
          <gml:description>Niedersachsen</gml:description>
          <gml:identifier codeSpace="urn:citgml">urn:xplan:enum:xplan:RP_Plan:bundesland:XP_Bundeslaender:1800</gml:identifier>
          <gml:name>NI</gml:name>
        </ListedValueDefinition>
      </gml:dictionaryEntry>
      <gml:dictionaryEntry>
        <ListedValueDefinition gml:id="xplan_RP_Plan_bundesland_XP_Bundeslaender_1900">
          <gml:description>Nordrhein-Westfalen</gml:description>
          <gml:identifier codeSpace="urn:citgml">urn:xplan:enum:xplan:RP_Plan:bundesland:XP_Bundeslaender:1900</gml:identifier>
          <gml:name>NW</gml:name>
        </ListedValueDefinition>
      </gml:dictionaryEntry>
      <gml:dictionaryEntry>
        <ListedValueDefinition gml:id="xplan_RP_Plan_bundesland_XP_Bundeslaender_2000">
          <gml:description>Rheinland-Pfalz</gml:description>
          <gml:identifier codeSpace="urn:citgml">urn:xplan:enum:xplan:RP_Plan:bundesland:XP_Bundeslaender:2000</gml:identifier>
          <gml:name>RP</gml:name>
        </ListedValueDefinition>
      </gml:dictionaryEntry>
      <gml:dictionaryEntry>
        <ListedValueDefinition gml:id="xplan_RP_Plan_bundesland_XP_Bundeslaender_2100">
          <gml:description>Schleswig-Holstein</gml:description>
          <gml:identifier codeSpace="urn:citgml">urn:xplan:enum:xplan:RP_Plan:bundesland:XP_Bundeslaender:2100</gml:identifier>
          <gml:name>SH</gml:name>
        </ListedValueDefinition>
      </gml:dictionaryEntry>
      <gml:dictionaryEntry>
        <ListedValueDefinition gml:id="xplan_RP_Plan_bundesland_XP_Bundeslaender_2200">
          <gml:description>Saarland</gml:description>
          <gml:identifier codeSpace="urn:citgml">urn:xplan:enum:xplan:RP_Plan:bundesland:XP_Bundeslaender:2200</gml:identifier>
          <gml:name>SL</gml:name>
        </ListedValueDefinition>
      </gml:dictionaryEntry>
      <gml:dictionaryEntry>
        <ListedValueDefinition gml:id="xplan_RP_Plan_bundesland_XP_Bundeslaender_2300">
          <gml:description>Sachsen</gml:description>
          <gml:identifier codeSpace="urn:citgml">urn:xplan:enum:xplan:RP_Plan:bundesland:XP_Bundeslaender:2300</gml:identifier>
          <gml:name>SN</gml:name>
        </ListedValueDefinition>
      </gml:dictionaryEntry>
      <gml:dictionaryEntry>
        <ListedValueDefinition gml:id="xplan_RP_Plan_bundesland_XP_Bundeslaender_2400">
          <gml:description>Sachsen-Anhalt</gml:description>
          <gml:identifier codeSpace="urn:citgml">urn:xplan:enum:xplan:RP_Plan:bundesland:XP_Bundeslaender:2400</gml:identifier>
          <gml:name>ST</gml:name>
        </ListedValueDefinition>
      </gml:dictionaryEntry>
      <gml:dictionaryEntry>
        <ListedValueDefinition gml:id="xplan_RP_Plan_bundesland_XP_Bundeslaender_2500">
          <gml:description>Thüringen</gml:description>
          <gml:identifier codeSpace="urn:citgml">urn:xplan:enum:xplan:RP_Plan:bundesland:XP_Bundeslaender:2500</gml:identifier>
          <gml:name>TH</gml:name>
        </ListedValueDefinition>
      </gml:dictionaryEntry>
      <gml:dictionaryEntry>
        <ListedValueDefinition gml:id="xplan_RP_Plan_bundesland_XP_Bundeslaender_3000">
          <gml:description>Der Bund.</gml:description>
          <gml:identifier codeSpace="urn:citgml">urn:xplan:enum:xplan:RP_Plan:bundesland:XP_Bundeslaender:3000</gml:identifier>
          <gml:name>Bund</gml:name>
        </ListedValueDefinition>
      </gml:dictionaryEntry>
      <def:cardinality>1..*</def:cardinality>
      <def:valueTypeName>XP_Bundeslaender</def:valueTypeName>
      <def:type>attribute</def:type>
    </def:PropertyDefinition>
  </gml:dictionaryEntry>
  <gml:dictionaryEntry>
    <def:PropertyDefinition gml:id="xplan_RP_Plan_planArt">
      <gml:description>Art des Regionalplans.</gml:description>
      <gml:identifier codeSpace="urn:citgml">urn:xplan:element:xplan:RP_Plan:attribute:planArt</gml:identifier>
      <gml:name>xplan:planArt</gml:name>
      <gml:dictionaryEntry>
        <ListedValueDefinition gml:id="xplan_RP_Plan_planArt_RP_Art_1000">
          <gml:identifier codeSpace="urn:citgml">urn:xplan:enum:xplan:RP_Plan:planArt:RP_Art:1000</gml:identifier>
          <gml:name>Regionalplan</gml:name>
        </ListedValueDefinition>
      </gml:dictionaryEntry>
      <gml:dictionaryEntry>
        <ListedValueDefinition gml:id="xplan_RP_Plan_planArt_RP_Art_2000">
          <gml:identifier codeSpace="urn:citgml">urn:xplan:enum:xplan:RP_Plan:planArt:RP_Art:2000</gml:identifier>
          <gml:name>SachlicherTeilplan</gml:name>
        </ListedValueDefinition>
      </gml:dictionaryEntry>
      <gml:dictionaryEntry>
        <ListedValueDefinition gml:id="xplan_RP_Plan_planArt_RP_Art_3000">
          <gml:identifier codeSpace="urn:citgml">urn:xplan:enum:xplan:RP_Plan:planArt:RP_Art:3000</gml:identifier>
          <gml:name>Braunkohlenplan</gml:name>
        </ListedValueDefinition>
      </gml:dictionaryEntry>
      <gml:dictionaryEntry>
        <ListedValueDefinition gml:id="xplan_RP_Plan_planArt_RP_Art_4000">
          <gml:description>Landesweiter Raumordnungsplan</gml:description>
          <gml:identifier codeSpace="urn:citgml">urn:xplan:enum:xplan:RP_Plan:planArt:RP_Art:4000</gml:identifier>
          <gml:name>LandesweiterRaumordnungsplan</gml:name>
        </ListedValueDefinition>
      </gml:dictionaryEntry>
      <gml:dictionaryEntry>
        <ListedValueDefinition gml:id="xplan_RP_Plan_planArt_RP_Art_5000">
          <gml:description>Plan des Bundes für den Gesamtraum und die ausschließliche Wirtschaftszone (AWZ).</gml:description>
          <gml:identifier codeSpace="urn:citgml">urn:xplan:enum:xplan:RP_Plan:planArt:RP_Art:5000</gml:identifier>
          <gml:name>AWZPlan</gml:name>
        </ListedValueDefinition>
      </gml:dictionaryEntry>
      <gml:dictionaryEntry>
        <ListedValueDefinition gml:id="xplan_RP_Plan_planArt_RP_Art_5100">
          <gml:description>Raumordnungsplan für das Bundesgebiet mit übergreifenden Standortkonzepten für Seehäfen, Binnenhäfen sowie Flughäfen gem. §17 Abs. 2 ROG</gml:description>
          <gml:identifier codeSpace="urn:citgml">urn:xplan:enum:xplan:RP_Plan:planArt:RP_Art:5100</gml:identifier>
          <gml:name>StandortkonzeptBund</gml:name>
        </ListedValueDefinition>
      </gml:dictionaryEntry>
      <gml:dictionaryEntry>
        <ListedValueDefinition gml:id="xplan_RP_Plan_planArt_RP_Art_9999">
          <gml:identifier codeSpace="urn:citgml">urn:xplan:enum:xplan:RP_Plan:planArt:RP_Art:9999</gml:identifier>
          <gml:name>Sonstiges</gml:name>
        </ListedValueDefinition>
      </gml:dictionaryEntry>
      <def:cardinality>0..1</def:cardinality>
      <def:valueTypeName>RP_Art</def:valueTypeName>
      <def:type>attribute</def:type>
    </def:PropertyDefinition>
  </gml:dictionaryEntry>
  <gml:dictionaryEntry>
    <def:PropertyDefinition gml:id="xplan_RP_Plan_sonstPlanArt">
      <gml:description>Spezifikation einer weiteren Planart (CodeList) bei planArt == 9999.</gml:description>
      <gml:identifier codeSpace="urn:citgml">urn:xplan:element:xplan:RP_Plan:attribute:sonstPlanArt</gml:identifier>
      <gml:name>xplan:sonstPlanArt</gml:name>
      <def:cardinality>0..1</def:cardinality>
      <def:valueTypeName>RP_SonstPlanArt</def:valueTypeName>
      <def:type>attribute</def:type>
    </def:PropertyDefinition>
  </gml:dictionaryEntry>
  <gml:dictionaryEntry>
    <def:PropertyDefinition gml:id="xplan_RP_Plan_planungsregion">
      <gml:description>Kennziffer der Planungsregion.</gml:description>
      <gml:identifier codeSpace="urn:citgml">urn:xplan:element:xplan:RP_Plan:attribute:planungsregion</gml:identifier>
      <gml:name>xplan:planungsregion</gml:name>
      <def:cardinality>0..1</def:cardinality>
      <def:valueTypeRef xlink:href="urn:xplan:element::Integer" />
      <def:type>attribute</def:type>
    </def:PropertyDefinition>
  </gml:dictionaryEntry>
  <gml:dictionaryEntry>
    <def:PropertyDefinition gml:id="xplan_RP_Plan_teilabschnitt">
      <gml:description>Kennziffer des Teilabschnittes.</gml:description>
      <gml:identifier codeSpace="urn:citgml">urn:xplan:element:xplan:RP_Plan:attribute:teilabschnitt</gml:identifier>
      <gml:name>xplan:teilabschnitt</gml:name>
      <def:cardinality>0..1</def:cardinality>
      <def:valueTypeRef xlink:href="urn:xplan:element::Integer" />
      <def:type>attribute</def:type>
    </def:PropertyDefinition>
  </gml:dictionaryEntry>
  <gml:dictionaryEntry>
    <def:PropertyDefinition gml:id="xplan_RP_Plan_rechtsstand">
      <gml:description>Rechtsstand des Plans.</gml:description>
      <gml:identifier codeSpace="urn:citgml">urn:xplan:element:xplan:RP_Plan:attribute:rechtsstand</gml:identifier>
      <gml:name>xplan:rechtsstand</gml:name>
      <gml:dictionaryEntry>
        <ListedValueDefinition gml:id="xplan_RP_Plan_rechtsstand_RP_Rechtsstand_1000">
          <gml:identifier codeSpace="urn:citgml">urn:xplan:enum:xplan:RP_Plan:rechtsstand:RP_Rechtsstand:1000</gml:identifier>
          <gml:name>Aufstellungsbeschluss</gml:name>
        </ListedValueDefinition>
      </gml:dictionaryEntry>
      <gml:dictionaryEntry>
        <ListedValueDefinition gml:id="xplan_RP_Plan_rechtsstand_RP_Rechtsstand_2000">
          <gml:identifier codeSpace="urn:citgml">urn:xplan:enum:xplan:RP_Plan:rechtsstand:RP_Rechtsstand:2000</gml:identifier>
          <gml:name>Entwurf</gml:name>
        </ListedValueDefinition>
      </gml:dictionaryEntry>
      <gml:dictionaryEntry>
        <ListedValueDefinition gml:id="xplan_RP_Plan_rechtsstand_RP_Rechtsstand_3000">
          <gml:identifier codeSpace="urn:citgml">urn:xplan:enum:xplan:RP_Plan:rechtsstand:RP_Rechtsstand:3000</gml:identifier>
          <gml:name>Plan</gml:name>
        </ListedValueDefinition>
      </gml:dictionaryEntry>
      <gml:dictionaryEntry>
        <ListedValueDefinition gml:id="xplan_RP_Plan_rechtsstand_RP_Rechtsstand_4000">
          <gml:identifier codeSpace="urn:citgml">urn:xplan:enum:xplan:RP_Plan:rechtsstand:RP_Rechtsstand:4000</gml:identifier>
          <gml:name>Inkraftgetreten</gml:name>
        </ListedValueDefinition>
      </gml:dictionaryEntry>
      <gml:dictionaryEntry>
        <ListedValueDefinition gml:id="xplan_RP_Plan_rechtsstand_RP_Rechtsstand_5000">
          <gml:identifier codeSpace="urn:citgml">urn:xplan:enum:xplan:RP_Plan:rechtsstand:RP_Rechtsstand:5000</gml:identifier>
          <gml:name>Untergegangen</gml:name>
        </ListedValueDefinition>
      </gml:dictionaryEntry>
      <def:cardinality>0..1</def:cardinality>
      <def:valueTypeName>RP_Rechtsstand</def:valueTypeName>
      <def:type>attribute</def:type>
    </def:PropertyDefinition>
  </gml:dictionaryEntry>
  <gml:dictionaryEntry>
    <def:PropertyDefinition gml:id="xplan_RP_Plan_status">
      <gml:description>Status des Plans, definiert über eine CodeList.</gml:description>
      <gml:identifier codeSpace="urn:citgml">urn:xplan:element:xplan:RP_Plan:attribute:status</gml:identifier>
      <gml:name>xplan:status</gml:name>
      <def:cardinality>0..1</def:cardinality>
      <def:valueTypeName>RP_Status</def:valueTypeName>
      <def:type>attribute</def:type>
    </def:PropertyDefinition>
  </gml:dictionaryEntry>
  <gml:dictionaryEntry>
    <def:PropertyDefinition gml:id="xplan_RP_Plan_aufstellungsbeschlussDatum">
      <gml:description>Datum des Aufstellungsbeschlusses.</gml:description>
      <gml:identifier codeSpace="urn:citgml">urn:xplan:element:xplan:RP_Plan:attribute:aufstellungsbeschlussDatum</gml:identifier>
      <gml:name>xplan:aufstellungsbeschlussDatum</gml:name>
      <def:cardinality>0..1</def:cardinality>
      <def:valueTypeRef xlink:href="urn:xplan:element::Date" />
      <def:type>attribute</def:type>
    </def:PropertyDefinition>
  </gml:dictionaryEntry>
  <gml:dictionaryEntry>
    <def:PropertyDefinition gml:id="xplan_RP_Plan_auslegungStartDatum">
      <gml:description>Start-Datum der öffentlichen Auslegung.</gml:description>
      <gml:identifier codeSpace="urn:citgml">urn:xplan:element:xplan:RP_Plan:attribute:auslegungStartDatum</gml:identifier>
      <gml:name>xplan:auslegungStartDatum</gml:name>
      <def:cardinality>0..1</def:cardinality>
      <def:valueTypeRef xlink:href="urn:xplan:element::Date" />
      <def:type>attribute</def:type>
    </def:PropertyDefinition>
  </gml:dictionaryEntry>
  <gml:dictionaryEntry>
    <def:PropertyDefinition gml:id="xplan_RP_Plan_auslegungsEndDatum">
      <gml:description>End-Datum der öffentlichen Auslegung.</gml:description>
      <gml:identifier codeSpace="urn:citgml">urn:xplan:element:xplan:RP_Plan:attribute:auslegungsEndDatum</gml:identifier>
      <gml:name>xplan:auslegungsEndDatum</gml:name>
      <def:cardinality>0..1</def:cardinality>
      <def:valueTypeRef xlink:href="urn:xplan:element::Date" />
      <def:type>attribute</def:type>
    </def:PropertyDefinition>
  </gml:dictionaryEntry>
  <gml:dictionaryEntry>
    <def:PropertyDefinition gml:id="xplan_RP_Plan_traegerbeteiligungsStartDatum">
      <gml:description>Start-Datum der Trägerbeteiligung</gml:description>
      <gml:identifier codeSpace="urn:citgml">urn:xplan:element:xplan:RP_Plan:attribute:traegerbeteiligungsStartDatum</gml:identifier>
      <gml:name>xplan:traegerbeteiligungsStartDatum</gml:name>
      <def:cardinality>0..1</def:cardinality>
      <def:valueTypeRef xlink:href="urn:xplan:element::Date" />
      <def:type>attribute</def:type>
    </def:PropertyDefinition>
  </gml:dictionaryEntry>
  <gml:dictionaryEntry>
    <def:PropertyDefinition gml:id="xplan_RP_Plan_traegerbeteiligungsEndDatum">
      <gml:description>End-Datum der Trägerbeteiligung.</gml:description>
      <gml:identifier codeSpace="urn:citgml">urn:xplan:element:xplan:RP_Plan:attribute:traegerbeteiligungsEndDatum</gml:identifier>
      <gml:name>xplan:traegerbeteiligungsEndDatum</gml:name>
      <def:cardinality>0..1</def:cardinality>
      <def:valueTypeRef xlink:href="urn:xplan:element::Date" />
      <def:type>attribute</def:type>
    </def:PropertyDefinition>
  </gml:dictionaryEntry>
  <gml:dictionaryEntry>
    <def:PropertyDefinition gml:id="xplan_RP_Plan_aenderungenBisDatum">
      <gml:description>Datum, bis zu dem Planänderungen berücksichtigt wurden.</gml:description>
      <gml:identifier codeSpace="urn:citgml">urn:xplan:element:xplan:RP_Plan:attribute:aenderungenBisDatum</gml:identifier>
      <gml:name>xplan:aenderungenBisDatum</gml:name>
      <def:cardinality>0..1</def:cardinality>
      <def:valueTypeRef xlink:href="urn:xplan:element::Date" />
      <def:type>attribute</def:type>
    </def:PropertyDefinition>
  </gml:dictionaryEntry>
  <gml:dictionaryEntry>
    <def:PropertyDefinition gml:id="xplan_RP_Plan_entwurfsbeschlussDatum">
      <gml:description>Datum des Entwurfsbeschlusses</gml:description>
      <gml:identifier codeSpace="urn:citgml">urn:xplan:element:xplan:RP_Plan:attribute:entwurfsbeschlussDatum</gml:identifier>
      <gml:name>xplan:entwurfsbeschlussDatum</gml:name>
      <def:cardinality>0..1</def:cardinality>
      <def:valueTypeRef xlink:href="urn:xplan:element::Date" />
      <def:type>attribute</def:type>
    </def:PropertyDefinition>
  </gml:dictionaryEntry>
  <gml:dictionaryEntry>
    <def:PropertyDefinition gml:id="xplan_RP_Plan_planbeschlussDatum">
      <gml:description>Datum des Planbeschlusses</gml:description>
      <gml:identifier codeSpace="urn:citgml">urn:xplan:element:xplan:RP_Plan:attribute:planbeschlussDatum</gml:identifier>
      <gml:name>xplan:planbeschlussDatum</gml:name>
      <def:cardinality>0..1</def:cardinality>
      <def:valueTypeRef xlink:href="urn:xplan:element::Date" />
      <def:type>attribute</def:type>
    </def:PropertyDefinition>
  </gml:dictionaryEntry>
  <gml:dictionaryEntry>
    <def:PropertyDefinition gml:id="xplan_RP_Plan_datumDesInkrafttretens">
      <gml:description>Datum des Inkrafttretens des Plans.</gml:description>
      <gml:identifier codeSpace="urn:citgml">urn:xplan:element:xplan:RP_Plan:attribute:datumDesInkrafttretens</gml:identifier>
      <gml:name>xplan:datumDesInkrafttretens</gml:name>
      <def:cardinality>0..1</def:cardinality>
      <def:valueTypeRef xlink:href="urn:xplan:element::Date" />
      <def:type>attribute</def:type>
    </def:PropertyDefinition>
  </gml:dictionaryEntry>
  <gml:dictionaryEntry>
    <def:PropertyDefinition gml:id="xplan_RP_Plan_refUmweltbericht">
      <gml:description>Referenz auf den Umweltbericht
</gml:description>
      <gml:identifier codeSpace="urn:citgml">urn:xplan:element:xplan:RP_Plan:attribute:refUmweltbericht</gml:identifier>
      <gml:name>xplan:refUmweltbericht</gml:name>
      <def:cardinality>0..1</def:cardinality>
      <def:valueTypeRef xlink:href="urn:xplan:element:xplan:XP_ExterneReferenz" />
      <def:type>attribute</def:type>
    </def:PropertyDefinition>
  </gml:dictionaryEntry>
  <gml:dictionaryEntry>
    <def:PropertyDefinition gml:id="xplan_RP_Plan_refSatzung">
      <gml:description>Referenz auf die Satzung
</gml:description>
      <gml:identifier codeSpace="urn:citgml">urn:xplan:element:xplan:RP_Plan:attribute:refSatzung</gml:identifier>
      <gml:name>xplan:refSatzung</gml:name>
      <def:cardinality>0..1</def:cardinality>
      <def:valueTypeRef xlink:href="urn:xplan:element:xplan:XP_ExterneReferenz" />
      <def:type>attribute</def:type>
    </def:PropertyDefinition>
  </gml:dictionaryEntry>
  <gml:dictionaryEntry>
    <def:PropertyDefinition gml:id="xplan_RP_Plan_bereich">
      <gml:description />
      <gml:identifier codeSpace="urn:citgml">urn:xplan:element:xplan:RP_Plan:association-role:bereich</gml:identifier>
      <gml:name>xplan:bereich</gml:name>
      <def:cardinality>0..*</def:cardinality>
      <def:valueTypeRef xlink:href="urn:xplan:element:xplan:RP_Bereich" />
      <def:type>associationRole</def:type>
    </def:PropertyDefinition>
  </gml:dictionaryEntry>
  <def:classification>featureType</def:classification>
  <def:supertypeRef xlink:href="urn:xplan:element:xplan:XP_Plan" />
</TypeDefinition>