﻿<!--Erzeugt mit KIT (www.kit.edu) UmlToXmlTransformation-Software, Erstellungsdatum: 09.09.2013 11:09:09-->
<TypeDefinition xmlns="http://www.interactive-instruments.de/ShapeChange/Definitions/0.5" xmlns:def="http://www.interactive-instruments.de/ShapeChange/Definitions/0.5" xmlns:gml="http://www.opengis.net/gml/3.2" xmlns:xlink="http://www.w3.org/1999/xlink" xmlns:xsi="http://www.w3.org/2001/XMLSchema-instance" xsi:schemaLocation="http://www.interactive-instruments.de/ShapeChange/Definitions/0.5 ../xsd/ShapeChangeDefinitions.xsd" gml:id="xplan_RP_ZentralerOrt">
  <gml:description>Zentrale Orte</gml:description>
  <gml:identifier codeSpace="urn:citgml">urn:xplan:element:xplan:RP_ZentralerOrt</gml:identifier>
  <gml:name>xplan:RP_ZentralerOrt</gml:name>
  <gml:dictionaryEntry>
    <def:PropertyDefinition gml:id="xplan_RP_ZentralerOrt_funktion">
      <gml:description>Klassifikation von zentralen Orten.</gml:description>
      <gml:identifier codeSpace="urn:citgml">urn:xplan:element:xplan:RP_ZentralerOrt:attribute:funktion</gml:identifier>
      <gml:name>xplan:funktion</gml:name>
      <gml:dictionaryEntry>
        <ListedValueDefinition gml:id="xplan_RP_ZentralerOrt_funktion_RP_ZentralerOrtFunktionen_1000">
          <gml:identifier codeSpace="urn:citgml">urn:xplan:enum:xplan:RP_ZentralerOrt:funktion:RP_ZentralerOrtFunktionen:1000</gml:identifier>
          <gml:name>Oberzentrum</gml:name>
        </ListedValueDefinition>
      </gml:dictionaryEntry>
      <gml:dictionaryEntry>
        <ListedValueDefinition gml:id="xplan_RP_ZentralerOrt_funktion_RP_ZentralerOrtFunktionen_2000">
          <gml:identifier codeSpace="urn:citgml">urn:xplan:enum:xplan:RP_ZentralerOrt:funktion:RP_ZentralerOrtFunktionen:2000</gml:identifier>
          <gml:name>Mittelzentrum</gml:name>
        </ListedValueDefinition>
      </gml:dictionaryEntry>
      <gml:dictionaryEntry>
        <ListedValueDefinition gml:id="xplan_RP_ZentralerOrt_funktion_RP_ZentralerOrtFunktionen_3000">
          <gml:identifier codeSpace="urn:citgml">urn:xplan:enum:xplan:RP_ZentralerOrt:funktion:RP_ZentralerOrtFunktionen:3000</gml:identifier>
          <gml:name>Grundzentrum</gml:name>
        </ListedValueDefinition>
      </gml:dictionaryEntry>
      <gml:dictionaryEntry>
        <ListedValueDefinition gml:id="xplan_RP_ZentralerOrt_funktion_RP_ZentralerOrtFunktionen_4000">
          <gml:identifier codeSpace="urn:citgml">urn:xplan:enum:xplan:RP_ZentralerOrt:funktion:RP_ZentralerOrtFunktionen:4000</gml:identifier>
          <gml:name>Kleinzentrum</gml:name>
        </ListedValueDefinition>
      </gml:dictionaryEntry>
      <gml:dictionaryEntry>
        <ListedValueDefinition gml:id="xplan_RP_ZentralerOrt_funktion_RP_ZentralerOrtFunktionen_9999">
          <gml:identifier codeSpace="urn:citgml">urn:xplan:enum:xplan:RP_ZentralerOrt:funktion:RP_ZentralerOrtFunktionen:9999</gml:identifier>
          <gml:name>SonstigeFunktion</gml:name>
        </ListedValueDefinition>
      </gml:dictionaryEntry>
      <def:cardinality>0..1</def:cardinality>
      <def:valueTypeName>RP_ZentralerOrtFunktionen</def:valueTypeName>
      <def:type>attribute</def:type>
    </def:PropertyDefinition>
  </gml:dictionaryEntry>
  <def:classification>featureType</def:classification>
  <def:supertypeRef xlink:href="urn:xplan:element:xplan:RP_Geometrieobjekt" />
</TypeDefinition>