﻿<!--Erzeugt mit KIT (www.kit.edu) UmlToXmlTransformation-Software, Erstellungsdatum: 09.09.2013 11:09:05-->
<TypeDefinition xmlns="http://www.interactive-instruments.de/ShapeChange/Definitions/0.5" xmlns:def="http://www.interactive-instruments.de/ShapeChange/Definitions/0.5" xmlns:gml="http://www.opengis.net/gml/3.2" xmlns:xlink="http://www.w3.org/1999/xlink" xmlns:xsi="http://www.w3.org/2001/XMLSchema-instance" xsi:schemaLocation="http://www.interactive-instruments.de/ShapeChange/Definitions/0.5 ../xsd/ShapeChangeDefinitions.xsd" gml:id="xplan_RP_Gewaesser">
  <gml:description>Gewässer</gml:description>
  <gml:identifier codeSpace="urn:citgml">urn:xplan:element:xplan:RP_Gewaesser</gml:identifier>
  <gml:name>xplan:RP_Gewaesser</gml:name>
  <gml:dictionaryEntry>
    <def:PropertyDefinition gml:id="xplan_RP_Gewaesser_istAusgleichsgebiet">
      <gml:description>Gibt an, ob es sich um ein Ausgleichsgebiet handelt.</gml:description>
      <gml:identifier codeSpace="urn:citgml">urn:xplan:element:xplan:RP_Gewaesser:attribute:istAusgleichsgebiet</gml:identifier>
      <gml:name>xplan:istAusgleichsgebiet</gml:name>
      <gml:dictionaryEntry>
        <ListedValueDefinition gml:id="_RP_Gewaesser_istAusgleichsgebiet_Boolean_1">
          <gml:identifier codeSpace="urn:citgml">urn:xplan:enum::RP_Gewaesser:istAusgleichsgebiet:Boolean:1</gml:identifier>
          <gml:name>TRUE</gml:name>
        </ListedValueDefinition>
      </gml:dictionaryEntry>
      <gml:dictionaryEntry>
        <ListedValueDefinition gml:id="_RP_Gewaesser_istAusgleichsgebiet_Boolean_0">
          <gml:identifier codeSpace="urn:citgml">urn:xplan:enum::RP_Gewaesser:istAusgleichsgebiet:Boolean:0</gml:identifier>
          <gml:name>FALSE</gml:name>
        </ListedValueDefinition>
      </gml:dictionaryEntry>
      <def:cardinality>0..1</def:cardinality>
      <def:valueTypeName>Boolean</def:valueTypeName>
      <def:type>attribute</def:type>
    </def:PropertyDefinition>
  </gml:dictionaryEntry>
  <def:classification>featureType</def:classification>
  <def:supertypeRef xlink:href="urn:xplan:element:xplan:RP_Geometrieobjekt" />
</TypeDefinition>