﻿<!--Erzeugt mit KIT (www.kit.edu) UmlToXmlTransformation-Software, Erstellungsdatum: 09.09.2013 11:09:18-->
<TypeDefinition xmlns="http://www.interactive-instruments.de/ShapeChange/Definitions/0.5" xmlns:def="http://www.interactive-instruments.de/ShapeChange/Definitions/0.5" xmlns:gml="http://www.opengis.net/gml/3.2" xmlns:xlink="http://www.w3.org/1999/xlink" xmlns:xsi="http://www.w3.org/2001/XMLSchema-instance" xsi:schemaLocation="http://www.interactive-instruments.de/ShapeChange/Definitions/0.5 ../xsd/ShapeChangeDefinitions.xsd" gml:id="xplan_SO_SchutzgebietWasserrecht">
  <gml:description>Schutzgebiet nach WasserSchutzGesetz (WSG) bzw. HeilQuellenSchutzGesetz (HQSG).
</gml:description>
  <gml:identifier codeSpace="urn:citgml">urn:xplan:element:xplan:SO_SchutzgebietWasserrecht</gml:identifier>
  <gml:name>xplan:SO_SchutzgebietWasserrecht</gml:name>
  <gml:dictionaryEntry>
    <def:PropertyDefinition gml:id="xplan_SO_SchutzgebietWasserrecht_artDerFestlegung">
      <gml:description>Klassifizierung des Schutzgebietes</gml:description>
      <gml:identifier codeSpace="urn:citgml">urn:xplan:element:xplan:SO_SchutzgebietWasserrecht:attribute:artDerFestlegung</gml:identifier>
      <gml:name>xplan:artDerFestlegung</gml:name>
      <gml:dictionaryEntry>
        <ListedValueDefinition gml:id="xplan_SO_SchutzgebietWasserrecht_artDerFestlegung_SO_KlassifizSchutzgebietWasserrecht_1000">
          <gml:identifier codeSpace="urn:citgml">urn:xplan:enum:xplan:SO_SchutzgebietWasserrecht:artDerFestlegung:SO_KlassifizSchutzgebietWasserrecht:1000</gml:identifier>
          <gml:name>Wasserschutzgebiet</gml:name>
        </ListedValueDefinition>
      </gml:dictionaryEntry>
      <gml:dictionaryEntry>
        <ListedValueDefinition gml:id="xplan_SO_SchutzgebietWasserrecht_artDerFestlegung_SO_KlassifizSchutzgebietWasserrecht_10000">
          <gml:description>Ausgewiesenes Schutzgebiet für Quell- und Grundwasser</gml:description>
          <gml:identifier codeSpace="urn:citgml">urn:xplan:enum:xplan:SO_SchutzgebietWasserrecht:artDerFestlegung:SO_KlassifizSchutzgebietWasserrecht:10000</gml:identifier>
          <gml:name>QuellGrundwasserSchutzgebiet</gml:name>
        </ListedValueDefinition>
      </gml:dictionaryEntry>
      <gml:dictionaryEntry>
        <ListedValueDefinition gml:id="xplan_SO_SchutzgebietWasserrecht_artDerFestlegung_SO_KlassifizSchutzgebietWasserrecht_10001">
          <gml:description>Ausgewiesenes Schutzgebiet für Oberflächengewässer</gml:description>
          <gml:identifier codeSpace="urn:citgml">urn:xplan:enum:xplan:SO_SchutzgebietWasserrecht:artDerFestlegung:SO_KlassifizSchutzgebietWasserrecht:10001</gml:identifier>
          <gml:name>OberflaechengewaesserSchutzgebiet</gml:name>
        </ListedValueDefinition>
      </gml:dictionaryEntry>
      <gml:dictionaryEntry>
        <ListedValueDefinition gml:id="xplan_SO_SchutzgebietWasserrecht_artDerFestlegung_SO_KlassifizSchutzgebietWasserrecht_2000">
          <gml:identifier codeSpace="urn:citgml">urn:xplan:enum:xplan:SO_SchutzgebietWasserrecht:artDerFestlegung:SO_KlassifizSchutzgebietWasserrecht:2000</gml:identifier>
          <gml:name>Heilquellenschutzgebiet</gml:name>
        </ListedValueDefinition>
      </gml:dictionaryEntry>
      <gml:dictionaryEntry>
        <ListedValueDefinition gml:id="xplan_SO_SchutzgebietWasserrecht_artDerFestlegung_SO_KlassifizSchutzgebietWasserrecht_9999">
          <gml:description>Sonstige Zweckbestimmung</gml:description>
          <gml:identifier codeSpace="urn:citgml">urn:xplan:enum:xplan:SO_SchutzgebietWasserrecht:artDerFestlegung:SO_KlassifizSchutzgebietWasserrecht:9999</gml:identifier>
          <gml:name>Sonstiges</gml:name>
        </ListedValueDefinition>
      </gml:dictionaryEntry>
      <def:cardinality>0..1</def:cardinality>
      <def:valueTypeName>SO_KlassifizSchutzgebietWasserrecht</def:valueTypeName>
      <def:type>attribute</def:type>
    </def:PropertyDefinition>
  </gml:dictionaryEntry>
  <gml:dictionaryEntry>
    <def:PropertyDefinition gml:id="xplan_SO_SchutzgebietWasserrecht_detailArtDerFestlegung">
      <gml:description>Detaillierte Klassifizierung</gml:description>
      <gml:identifier codeSpace="urn:citgml">urn:xplan:element:xplan:SO_SchutzgebietWasserrecht:attribute:detailArtDerFestlegung</gml:identifier>
      <gml:name>xplan:detailArtDerFestlegung</gml:name>
      <def:cardinality>0..1</def:cardinality>
      <def:valueTypeName>SO_DetailKlassifizSchutzgebietWasserrecht</def:valueTypeName>
      <def:type>attribute</def:type>
    </def:PropertyDefinition>
  </gml:dictionaryEntry>
  <gml:dictionaryEntry>
    <def:PropertyDefinition gml:id="xplan_SO_SchutzgebietWasserrecht_zone">
      <gml:description>Klassifizierung der Schutzzone</gml:description>
      <gml:identifier codeSpace="urn:citgml">urn:xplan:element:xplan:SO_SchutzgebietWasserrecht:attribute:zone</gml:identifier>
      <gml:name>xplan:zone</gml:name>
      <gml:dictionaryEntry>
        <ListedValueDefinition gml:id="xplan_SO_SchutzgebietWasserrecht_zone_SO_SchutzzonenWasserrecht_1000">
          <gml:identifier codeSpace="urn:citgml">urn:xplan:enum:xplan:SO_SchutzgebietWasserrecht:zone:SO_SchutzzonenWasserrecht:1000</gml:identifier>
          <gml:name>Zone_1</gml:name>
        </ListedValueDefinition>
      </gml:dictionaryEntry>
      <gml:dictionaryEntry>
        <ListedValueDefinition gml:id="xplan_SO_SchutzgebietWasserrecht_zone_SO_SchutzzonenWasserrecht_1100">
          <gml:identifier codeSpace="urn:citgml">urn:xplan:enum:xplan:SO_SchutzgebietWasserrecht:zone:SO_SchutzzonenWasserrecht:1100</gml:identifier>
          <gml:name>Zone_2</gml:name>
        </ListedValueDefinition>
      </gml:dictionaryEntry>
      <gml:dictionaryEntry>
        <ListedValueDefinition gml:id="xplan_SO_SchutzgebietWasserrecht_zone_SO_SchutzzonenWasserrecht_1200">
          <gml:identifier codeSpace="urn:citgml">urn:xplan:enum:xplan:SO_SchutzgebietWasserrecht:zone:SO_SchutzzonenWasserrecht:1200</gml:identifier>
          <gml:name>Zone_3</gml:name>
        </ListedValueDefinition>
      </gml:dictionaryEntry>
      <gml:dictionaryEntry>
        <ListedValueDefinition gml:id="xplan_SO_SchutzgebietWasserrecht_zone_SO_SchutzzonenWasserrecht_1300">
          <gml:description>Zone 3a existiert nur bei Wasserschutzgebieten.</gml:description>
          <gml:identifier codeSpace="urn:citgml">urn:xplan:enum:xplan:SO_SchutzgebietWasserrecht:zone:SO_SchutzzonenWasserrecht:1300</gml:identifier>
          <gml:name>Zone_3a</gml:name>
        </ListedValueDefinition>
      </gml:dictionaryEntry>
      <gml:dictionaryEntry>
        <ListedValueDefinition gml:id="xplan_SO_SchutzgebietWasserrecht_zone_SO_SchutzzonenWasserrecht_1400">
          <gml:description>Zone 3b existiert nur bei Wasserschutzgebieten.</gml:description>
          <gml:identifier codeSpace="urn:citgml">urn:xplan:enum:xplan:SO_SchutzgebietWasserrecht:zone:SO_SchutzzonenWasserrecht:1400</gml:identifier>
          <gml:name>Zone_3b</gml:name>
        </ListedValueDefinition>
      </gml:dictionaryEntry>
      <gml:dictionaryEntry>
        <ListedValueDefinition gml:id="xplan_SO_SchutzgebietWasserrecht_zone_SO_SchutzzonenWasserrecht_1500">
          <gml:description>Zone 4 existiert nur bei Heilquellen.</gml:description>
          <gml:identifier codeSpace="urn:citgml">urn:xplan:enum:xplan:SO_SchutzgebietWasserrecht:zone:SO_SchutzzonenWasserrecht:1500</gml:identifier>
          <gml:name>Zone_4</gml:name>
        </ListedValueDefinition>
      </gml:dictionaryEntry>
      <def:cardinality>0..1</def:cardinality>
      <def:valueTypeName>SO_SchutzzonenWasserrecht</def:valueTypeName>
      <def:type>attribute</def:type>
    </def:PropertyDefinition>
  </gml:dictionaryEntry>
  <gml:dictionaryEntry>
    <def:PropertyDefinition gml:id="xplan_SO_SchutzgebietWasserrecht_name">
      <gml:description>Informelle Bezeichnung des Gebiets</gml:description>
      <gml:identifier codeSpace="urn:citgml">urn:xplan:element:xplan:SO_SchutzgebietWasserrecht:attribute:name</gml:identifier>
      <gml:name>xplan:name</gml:name>
      <def:cardinality>0..1</def:cardinality>
      <def:valueTypeRef xlink:href="urn:xplan:element::CharacterString" />
      <def:type>attribute</def:type>
    </def:PropertyDefinition>
  </gml:dictionaryEntry>
  <gml:dictionaryEntry>
    <def:PropertyDefinition gml:id="xplan_SO_SchutzgebietWasserrecht_nummer">
      <gml:description>Amtliche Bezeichnung / Kennziffer des Gebiets.</gml:description>
      <gml:identifier codeSpace="urn:citgml">urn:xplan:element:xplan:SO_SchutzgebietWasserrecht:attribute:nummer</gml:identifier>
      <gml:name>xplan:nummer</gml:name>
      <def:cardinality>0..1</def:cardinality>
      <def:valueTypeRef xlink:href="urn:xplan:element::CharacterString" />
      <def:type>attribute</def:type>
    </def:PropertyDefinition>
  </gml:dictionaryEntry>
  <def:classification>featureType</def:classification>
  <def:supertypeRef xlink:href="urn:xplan:element:xplan:SO_Geometrieobjekt" />
</TypeDefinition>