﻿<!--Erzeugt mit KIT (www.kit.edu) UmlToXmlTransformation-Software, Erstellungsdatum: 09.09.2013 11:08:33-->
<TypeDefinition xmlns="http://www.interactive-instruments.de/ShapeChange/Definitions/0.5" xmlns:def="http://www.interactive-instruments.de/ShapeChange/Definitions/0.5" xmlns:gml="http://www.opengis.net/gml/3.2" xmlns:xlink="http://www.w3.org/1999/xlink" xmlns:xsi="http://www.w3.org/2001/XMLSchema-instance" xsi:schemaLocation="http://www.interactive-instruments.de/ShapeChange/Definitions/0.5 ../xsd/ShapeChangeDefinitions.xsd" gml:id="xplan_BP_WirksamkeitBedingung">
  <gml:description>Spezifikation von Bedingungen für die Wirksamkeit oder Unwirksamkeit einer Festsetzung.
</gml:description>
  <gml:identifier codeSpace="urn:citgml">urn:xplan:element:xplan:BP_WirksamkeitBedingung</gml:identifier>
  <gml:name>xplan:BP_WirksamkeitBedingung</gml:name>
  <gml:dictionaryEntry>
    <def:PropertyDefinition gml:id="xplan_BP_WirksamkeitBedingung_bedingung">
      <gml:description>Textlich formulierte Bedingung für die Wirksamkeit oder Unwirksamkeit einer Festsetzung.</gml:description>
      <gml:identifier codeSpace="urn:citgml">urn:xplan:element:xplan:BP_WirksamkeitBedingung:attribute:bedingung</gml:identifier>
      <gml:name>xplan:bedingung</gml:name>
      <def:cardinality>0..1</def:cardinality>
      <def:valueTypeRef xlink:href="urn:xplan:element::CharacterString" />
      <def:type>attribute</def:type>
    </def:PropertyDefinition>
  </gml:dictionaryEntry>
  <gml:dictionaryEntry>
    <def:PropertyDefinition gml:id="xplan_BP_WirksamkeitBedingung_datumAbsolut">
      <gml:description>Datum an dem eine Festsetzung wirksam oder unwirksam wird.</gml:description>
      <gml:identifier codeSpace="urn:citgml">urn:xplan:element:xplan:BP_WirksamkeitBedingung:attribute:datumAbsolut</gml:identifier>
      <gml:name>xplan:datumAbsolut</gml:name>
      <def:cardinality>0..1</def:cardinality>
      <def:valueTypeRef xlink:href="urn:xplan:element::Date" />
      <def:type>attribute</def:type>
    </def:PropertyDefinition>
  </gml:dictionaryEntry>
  <gml:dictionaryEntry>
    <def:PropertyDefinition gml:id="xplan_BP_WirksamkeitBedingung_datumRelativ">
      <gml:description>Zeitspanne, nach der eine Festsetzung wirksam oder unwirksam wird, wenn die im Attribut bedingung spezifizierte Bedingung erfüllt ist.</gml:description>
      <gml:identifier codeSpace="urn:citgml">urn:xplan:element:xplan:BP_WirksamkeitBedingung:attribute:datumRelativ</gml:identifier>
      <gml:name>xplan:datumRelativ</gml:name>
      <def:cardinality>0..1</def:cardinality>
      <def:valueTypeRef xlink:href="urn:xplan:element::TM_Duration" />
      <def:type>attribute</def:type>
    </def:PropertyDefinition>
  </gml:dictionaryEntry>
  <def:classification>featureType</def:classification>
</TypeDefinition>