﻿<!--Erzeugt mit KIT (www.kit.edu) UmlToXmlTransformation-Software, Erstellungsdatum: 09.09.2013 11:09:13-->
<TypeDefinition xmlns="http://www.interactive-instruments.de/ShapeChange/Definitions/0.5" xmlns:def="http://www.interactive-instruments.de/ShapeChange/Definitions/0.5" xmlns:gml="http://www.opengis.net/gml/3.2" xmlns:xlink="http://www.w3.org/1999/xlink" xmlns:xsi="http://www.w3.org/2001/XMLSchema-instance" xsi:schemaLocation="http://www.interactive-instruments.de/ShapeChange/Definitions/0.5 ../xsd/ShapeChangeDefinitions.xsd" gml:id="xplan_LP_SchutzobjektBundesrecht">
  <gml:description>Schutzgebiete und Schutzobjekte nach Naturschutzrecht im Sinne des 4. Abschnittes des BNatSchG.
</gml:description>
  <gml:identifier codeSpace="urn:citgml">urn:xplan:element:xplan:LP_SchutzobjektBundesrecht</gml:identifier>
  <gml:name>xplan:LP_SchutzobjektBundesrecht</gml:name>
  <gml:dictionaryEntry>
    <def:PropertyDefinition gml:id="xplan_LP_SchutzobjektBundesrecht_typ">
      <gml:description>Typ des Schutzgebietes.</gml:description>
      <gml:identifier codeSpace="urn:citgml">urn:xplan:element:xplan:LP_SchutzobjektBundesrecht:attribute:typ</gml:identifier>
      <gml:name>xplan:typ</gml:name>
      <gml:dictionaryEntry>
        <ListedValueDefinition gml:id="xplan_LP_SchutzobjektBundesrecht_typ_LP_ZweckbestimmungSchutzgebiet_1000">
          <gml:identifier codeSpace="urn:citgml">urn:xplan:enum:xplan:LP_SchutzobjektBundesrecht:typ:LP_ZweckbestimmungSchutzgebiet:1000</gml:identifier>
          <gml:name>Naturschutzgebiet</gml:name>
        </ListedValueDefinition>
      </gml:dictionaryEntry>
      <gml:dictionaryEntry>
        <ListedValueDefinition gml:id="xplan_LP_SchutzobjektBundesrecht_typ_LP_ZweckbestimmungSchutzgebiet_1100">
          <gml:identifier codeSpace="urn:citgml">urn:xplan:enum:xplan:LP_SchutzobjektBundesrecht:typ:LP_ZweckbestimmungSchutzgebiet:1100</gml:identifier>
          <gml:name>Nationalpark</gml:name>
        </ListedValueDefinition>
      </gml:dictionaryEntry>
      <gml:dictionaryEntry>
        <ListedValueDefinition gml:id="xplan_LP_SchutzobjektBundesrecht_typ_LP_ZweckbestimmungSchutzgebiet_1200">
          <gml:identifier codeSpace="urn:citgml">urn:xplan:enum:xplan:LP_SchutzobjektBundesrecht:typ:LP_ZweckbestimmungSchutzgebiet:1200</gml:identifier>
          <gml:name>Biosphaerenreservat</gml:name>
        </ListedValueDefinition>
      </gml:dictionaryEntry>
      <gml:dictionaryEntry>
        <ListedValueDefinition gml:id="xplan_LP_SchutzobjektBundesrecht_typ_LP_ZweckbestimmungSchutzgebiet_1300">
          <gml:identifier codeSpace="urn:citgml">urn:xplan:enum:xplan:LP_SchutzobjektBundesrecht:typ:LP_ZweckbestimmungSchutzgebiet:1300</gml:identifier>
          <gml:name>Landschaftsschutzgebiet</gml:name>
        </ListedValueDefinition>
      </gml:dictionaryEntry>
      <gml:dictionaryEntry>
        <ListedValueDefinition gml:id="xplan_LP_SchutzobjektBundesrecht_typ_LP_ZweckbestimmungSchutzgebiet_1400">
          <gml:identifier codeSpace="urn:citgml">urn:xplan:enum:xplan:LP_SchutzobjektBundesrecht:typ:LP_ZweckbestimmungSchutzgebiet:1400</gml:identifier>
          <gml:name>Naturpark</gml:name>
        </ListedValueDefinition>
      </gml:dictionaryEntry>
      <gml:dictionaryEntry>
        <ListedValueDefinition gml:id="xplan_LP_SchutzobjektBundesrecht_typ_LP_ZweckbestimmungSchutzgebiet_1500">
          <gml:identifier codeSpace="urn:citgml">urn:xplan:enum:xplan:LP_SchutzobjektBundesrecht:typ:LP_ZweckbestimmungSchutzgebiet:1500</gml:identifier>
          <gml:name>Naturdenkmal</gml:name>
        </ListedValueDefinition>
      </gml:dictionaryEntry>
      <gml:dictionaryEntry>
        <ListedValueDefinition gml:id="xplan_LP_SchutzobjektBundesrecht_typ_LP_ZweckbestimmungSchutzgebiet_1600">
          <gml:identifier codeSpace="urn:citgml">urn:xplan:enum:xplan:LP_SchutzobjektBundesrecht:typ:LP_ZweckbestimmungSchutzgebiet:1600</gml:identifier>
          <gml:name>GeschuetzterLandschaftsBestandteil</gml:name>
        </ListedValueDefinition>
      </gml:dictionaryEntry>
      <gml:dictionaryEntry>
        <ListedValueDefinition gml:id="xplan_LP_SchutzobjektBundesrecht_typ_LP_ZweckbestimmungSchutzgebiet_1700">
          <gml:identifier codeSpace="urn:citgml">urn:xplan:enum:xplan:LP_SchutzobjektBundesrecht:typ:LP_ZweckbestimmungSchutzgebiet:1700</gml:identifier>
          <gml:name>GesetzlichGeschuetztesBiotop</gml:name>
        </ListedValueDefinition>
      </gml:dictionaryEntry>
      <gml:dictionaryEntry>
        <ListedValueDefinition gml:id="xplan_LP_SchutzobjektBundesrecht_typ_LP_ZweckbestimmungSchutzgebiet_1800">
          <gml:identifier codeSpace="urn:citgml">urn:xplan:enum:xplan:LP_SchutzobjektBundesrecht:typ:LP_ZweckbestimmungSchutzgebiet:1800</gml:identifier>
          <gml:name>GebietGemeinschaftlicherBedeutung</gml:name>
        </ListedValueDefinition>
      </gml:dictionaryEntry>
      <gml:dictionaryEntry>
        <ListedValueDefinition gml:id="xplan_LP_SchutzobjektBundesrecht_typ_LP_ZweckbestimmungSchutzgebiet_1900">
          <gml:identifier codeSpace="urn:citgml">urn:xplan:enum:xplan:LP_SchutzobjektBundesrecht:typ:LP_ZweckbestimmungSchutzgebiet:1900</gml:identifier>
          <gml:name>EuropaeischesVogelschutzgebiet</gml:name>
        </ListedValueDefinition>
      </gml:dictionaryEntry>
      <def:cardinality>0..1</def:cardinality>
      <def:valueTypeName>LP_ZweckbestimmungSchutzgebiet</def:valueTypeName>
      <def:type>attribute</def:type>
    </def:PropertyDefinition>
  </gml:dictionaryEntry>
  <gml:dictionaryEntry>
    <def:PropertyDefinition gml:id="xplan_LP_SchutzobjektBundesrecht_eigenname">
      <gml:description>Eigennahme des Schutzgebietes.</gml:description>
      <gml:identifier codeSpace="urn:citgml">urn:xplan:element:xplan:LP_SchutzobjektBundesrecht:attribute:eigenname</gml:identifier>
      <gml:name>xplan:eigenname</gml:name>
      <def:cardinality>0..1</def:cardinality>
      <def:valueTypeRef xlink:href="urn:xplan:element::CharacterString" />
      <def:type>attribute</def:type>
    </def:PropertyDefinition>
  </gml:dictionaryEntry>
  <def:classification>featureType</def:classification>
  <def:supertypeRef xlink:href="urn:xplan:element:xplan:LP_Geometrieobjekt" />
</TypeDefinition>