﻿<!--Erzeugt mit KIT (www.kit.edu) UmlToXmlTransformation-Software, Erstellungsdatum: 24.08.2012 09:29:26-->
<TypeDefinition xmlns="http://www.interactive-instruments.de/ShapeChange/Definitions/0.5" xmlns:def="http://www.interactive-instruments.de/ShapeChange/Definitions/0.5" xmlns:gml="http://www.opengis.net/gml/3.2" xmlns:xlink="http://www.w3.org/1999/xlink" xmlns:xsi="http://www.w3.org/2001/XMLSchema-instance" xsi:schemaLocation="http://www.interactive-instruments.de/ShapeChange/Definitions/0.5 ../xsd/ShapeChangeDefinitions.xsd" gml:id="xplanNSM_RP_NSM_Strassenverkehr">
  <gml:description />
  <gml:identifier codeSpace="urn:citgml">urn:xplan:element:xplanNSM:RP_NSM_Strassenverkehr</gml:identifier>
  <gml:name>xplanNSM:RP_NSM_Strassenverkehr</gml:name>
  <gml:dictionaryEntry>
    <def:PropertyDefinition gml:id="xplanNSM_RP_NSM_Strassenverkehr_strassenverkehrTyp">
      <gml:description />
      <gml:identifier codeSpace="urn:citgml">urn:xplan:element:xplanNSM:RP_NSM_Strassenverkehr:attribute:strassenverkehrTyp</gml:identifier>
      <gml:name>xplanNSM:strassenverkehrTyp</gml:name>
      <gml:dictionaryEntry>
        <ListedValueDefinition gml:id="xplanNSM_RP_NSM_Strassenverkehr_strassenverkehrTyp_RP_NSM_StrassenverkehrTypen_4002">
          <gml:identifier codeSpace="urn:citgml">urn:xplan:enum:xplanNSM:RP_NSM_Strassenverkehr:strassenverkehrTyp:RP_NSM_StrassenverkehrTypen:4002</gml:identifier>
          <gml:name>Hauprverkehrsstrasse_Problembereich</gml:name>
        </ListedValueDefinition>
      </gml:dictionaryEntry>
      <gml:dictionaryEntry>
        <ListedValueDefinition gml:id="xplanNSM_RP_NSM_Strassenverkehr_strassenverkehrTyp_RP_NSM_StrassenverkehrTypen_5000">
          <gml:identifier codeSpace="urn:citgml">urn:xplan:enum:xplanNSM:RP_NSM_Strassenverkehr:strassenverkehrTyp:RP_NSM_StrassenverkehrTypen:5000</gml:identifier>
          <gml:name>StrasseVonRegionalerBedeutung</gml:name>
        </ListedValueDefinition>
      </gml:dictionaryEntry>
      <gml:dictionaryEntry>
        <ListedValueDefinition gml:id="xplanNSM_RP_NSM_Strassenverkehr_strassenverkehrTyp_RP_NSM_StrassenverkehrTypen_5001">
          <gml:identifier codeSpace="urn:citgml">urn:xplan:enum:xplanNSM:RP_NSM_Strassenverkehr:strassenverkehrTyp:RP_NSM_StrassenverkehrTypen:5001</gml:identifier>
          <gml:name>RegionalesStrassennetz</gml:name>
        </ListedValueDefinition>
      </gml:dictionaryEntry>
      <gml:dictionaryEntry>
        <ListedValueDefinition gml:id="xplanNSM_RP_NSM_Strassenverkehr_strassenverkehrTyp_RP_NSM_StrassenverkehrTypen_5002">
          <gml:identifier codeSpace="urn:citgml">urn:xplan:enum:xplanNSM:RP_NSM_Strassenverkehr:strassenverkehrTyp:RP_NSM_StrassenverkehrTypen:5002</gml:identifier>
          <gml:name>StrasseVonRegionalerBedeutung_Problembereich</gml:name>
        </ListedValueDefinition>
      </gml:dictionaryEntry>
      <gml:dictionaryEntry>
        <ListedValueDefinition gml:id="xplanNSM_RP_NSM_Strassenverkehr_strassenverkehrTyp_RP_NSM_StrassenverkehrTypen_6000">
          <gml:identifier codeSpace="urn:citgml">urn:xplan:enum:xplanNSM:RP_NSM_Strassenverkehr:strassenverkehrTyp:RP_NSM_StrassenverkehrTypen:6000</gml:identifier>
          <gml:name>BedeutsamesFlaechenerschliessendesStrassennetz</gml:name>
        </ListedValueDefinition>
      </gml:dictionaryEntry>
      <gml:dictionaryEntry>
        <ListedValueDefinition gml:id="xplanNSM_RP_NSM_Strassenverkehr_strassenverkehrTyp_RP_NSM_StrassenverkehrTypen_7000">
          <gml:identifier codeSpace="urn:citgml">urn:xplan:enum:xplanNSM:RP_NSM_Strassenverkehr:strassenverkehrTyp:RP_NSM_StrassenverkehrTypen:7000</gml:identifier>
          <gml:name>Faehrverbindung</gml:name>
        </ListedValueDefinition>
      </gml:dictionaryEntry>
      <gml:dictionaryEntry>
        <ListedValueDefinition gml:id="xplanNSM_RP_NSM_Strassenverkehr_strassenverkehrTyp_RP_NSM_StrassenverkehrTypen_8000">
          <gml:identifier codeSpace="urn:citgml">urn:xplan:enum:xplanNSM:RP_NSM_Strassenverkehr:strassenverkehrTyp:RP_NSM_StrassenverkehrTypen:8000</gml:identifier>
          <gml:name>Anschlussstelle</gml:name>
        </ListedValueDefinition>
      </gml:dictionaryEntry>
      <gml:dictionaryEntry>
        <ListedValueDefinition gml:id="xplanNSM_RP_NSM_Strassenverkehr_strassenverkehrTyp_RP_NSM_StrassenverkehrTypen_9000">
          <gml:identifier codeSpace="urn:citgml">urn:xplan:enum:xplanNSM:RP_NSM_Strassenverkehr:strassenverkehrTyp:RP_NSM_StrassenverkehrTypen:9000</gml:identifier>
          <gml:name>Strassentunnel</gml:name>
        </ListedValueDefinition>
      </gml:dictionaryEntry>
      <gml:dictionaryEntry>
        <ListedValueDefinition gml:id="xplanNSM_RP_NSM_Strassenverkehr_strassenverkehrTyp_RP_NSM_StrassenverkehrTypen_1000">
          <gml:identifier codeSpace="urn:citgml">urn:xplan:enum:xplanNSM:RP_NSM_Strassenverkehr:strassenverkehrTyp:RP_NSM_StrassenverkehrTypen:1000</gml:identifier>
          <gml:name>Autobahn_sechsstreifig</gml:name>
        </ListedValueDefinition>
      </gml:dictionaryEntry>
      <gml:dictionaryEntry>
        <ListedValueDefinition gml:id="xplanNSM_RP_NSM_Strassenverkehr_strassenverkehrTyp_RP_NSM_StrassenverkehrTypen_2000">
          <gml:identifier codeSpace="urn:citgml">urn:xplan:enum:xplanNSM:RP_NSM_Strassenverkehr:strassenverkehrTyp:RP_NSM_StrassenverkehrTypen:2000</gml:identifier>
          <gml:name>Autobahn_vierstreifig</gml:name>
        </ListedValueDefinition>
      </gml:dictionaryEntry>
      <gml:dictionaryEntry>
        <ListedValueDefinition gml:id="xplanNSM_RP_NSM_Strassenverkehr_strassenverkehrTyp_RP_NSM_StrassenverkehrTypen_2001">
          <gml:identifier codeSpace="urn:citgml">urn:xplan:enum:xplanNSM:RP_NSM_Strassenverkehr:strassenverkehrTyp:RP_NSM_StrassenverkehrTypen:2001</gml:identifier>
          <gml:name>GrossraeumigesStrassennetz</gml:name>
        </ListedValueDefinition>
      </gml:dictionaryEntry>
      <gml:dictionaryEntry>
        <ListedValueDefinition gml:id="xplanNSM_RP_NSM_Strassenverkehr_strassenverkehrTyp_RP_NSM_StrassenverkehrTypen_3000">
          <gml:identifier codeSpace="urn:citgml">urn:xplan:enum:xplanNSM:RP_NSM_Strassenverkehr:strassenverkehrTyp:RP_NSM_StrassenverkehrTypen:3000</gml:identifier>
          <gml:name>Hauptverkehrsstrasse_vierstreifig</gml:name>
        </ListedValueDefinition>
      </gml:dictionaryEntry>
      <gml:dictionaryEntry>
        <ListedValueDefinition gml:id="xplanNSM_RP_NSM_Strassenverkehr_strassenverkehrTyp_RP_NSM_StrassenverkehrTypen_4000">
          <gml:identifier codeSpace="urn:citgml">urn:xplan:enum:xplanNSM:RP_NSM_Strassenverkehr:strassenverkehrTyp:RP_NSM_StrassenverkehrTypen:4000</gml:identifier>
          <gml:name>Hauptverkehrsstrasse</gml:name>
        </ListedValueDefinition>
      </gml:dictionaryEntry>
      <gml:dictionaryEntry>
        <ListedValueDefinition gml:id="xplanNSM_RP_NSM_Strassenverkehr_strassenverkehrTyp_RP_NSM_StrassenverkehrTypen_4001">
          <gml:identifier codeSpace="urn:citgml">urn:xplan:enum:xplanNSM:RP_NSM_Strassenverkehr:strassenverkehrTyp:RP_NSM_StrassenverkehrTypen:4001</gml:identifier>
          <gml:name>UeberregionalesStrassennetz</gml:name>
        </ListedValueDefinition>
      </gml:dictionaryEntry>
      <def:cardinality>0..1</def:cardinality>
      <def:valueTypeName>RP_NSM_StrassenverkehrTypen</def:valueTypeName>
      <def:type>attribute</def:type>
    </def:PropertyDefinition>
  </gml:dictionaryEntry>
  <gml:dictionaryEntry>
    <def:PropertyDefinition gml:id="xplanNSM_RP_NSM_Strassenverkehr_sonstTyp">
      <gml:description />
      <gml:identifier codeSpace="urn:citgml">urn:xplan:element:xplanNSM:RP_NSM_Strassenverkehr:attribute:sonstTyp</gml:identifier>
      <gml:name>xplanNSM:sonstTyp</gml:name>
      <def:cardinality>0..1</def:cardinality>
      <def:valueTypeName>RP_NSM_SonstStrassenverkehrTypen</def:valueTypeName>
      <def:type>attribute</def:type>
    </def:PropertyDefinition>
  </gml:dictionaryEntry>
  <gml:dictionaryEntry>
    <def:PropertyDefinition gml:id="xplanNSM_RP_NSM_Strassenverkehr_status">
      <gml:description />
      <gml:identifier codeSpace="urn:citgml">urn:xplan:element:xplanNSM:RP_NSM_Strassenverkehr:attribute:status</gml:identifier>
      <gml:name>xplanNSM:status</gml:name>
      <gml:dictionaryEntry>
        <ListedValueDefinition gml:id="xplanNSM_RP_NSM_Strassenverkehr_status_RP_NSM_StrassenverkehrStatus_1000">
          <gml:identifier codeSpace="urn:citgml">urn:xplan:enum:xplanNSM:RP_NSM_Strassenverkehr:status:RP_NSM_StrassenverkehrStatus:1000</gml:identifier>
          <gml:name>Bestand</gml:name>
        </ListedValueDefinition>
      </gml:dictionaryEntry>
      <gml:dictionaryEntry>
        <ListedValueDefinition gml:id="xplanNSM_RP_NSM_Strassenverkehr_status_RP_NSM_StrassenverkehrStatus_2000">
          <gml:identifier codeSpace="urn:citgml">urn:xplan:enum:xplanNSM:RP_NSM_Strassenverkehr:status:RP_NSM_StrassenverkehrStatus:2000</gml:identifier>
          <gml:name>Geplant</gml:name>
        </ListedValueDefinition>
      </gml:dictionaryEntry>
      <gml:dictionaryEntry>
        <ListedValueDefinition gml:id="xplanNSM_RP_NSM_Strassenverkehr_status_RP_NSM_StrassenverkehrStatus_3000">
          <gml:identifier codeSpace="urn:citgml">urn:xplan:enum:xplanNSM:RP_NSM_Strassenverkehr:status:RP_NSM_StrassenverkehrStatus:3000</gml:identifier>
          <gml:name>AusbauGeplant</gml:name>
        </ListedValueDefinition>
      </gml:dictionaryEntry>
      <gml:dictionaryEntry>
        <ListedValueDefinition gml:id="xplanNSM_RP_NSM_Strassenverkehr_status_RP_NSM_StrassenverkehrStatus_4000">
          <gml:identifier codeSpace="urn:citgml">urn:xplan:enum:xplanNSM:RP_NSM_Strassenverkehr:status:RP_NSM_StrassenverkehrStatus:4000</gml:identifier>
          <gml:name>Geplant_LinienfuehrungOffen</gml:name>
        </ListedValueDefinition>
      </gml:dictionaryEntry>
      <def:cardinality>0..1</def:cardinality>
      <def:valueTypeName>RP_NSM_StrassenverkehrStatus</def:valueTypeName>
      <def:type>attribute</def:type>
    </def:PropertyDefinition>
  </gml:dictionaryEntry>
  <gml:dictionaryEntry>
    <def:PropertyDefinition gml:id="xplanNSM_RP_NSM_Strassenverkehr_bezeichnung">
      <gml:description />
      <gml:identifier codeSpace="urn:citgml">urn:xplan:element:xplanNSM:RP_NSM_Strassenverkehr:attribute:bezeichnung</gml:identifier>
      <gml:name>xplanNSM:bezeichnung</gml:name>
      <def:cardinality>0..1</def:cardinality>
      <def:valueTypeName>CharacterString</def:valueTypeName>
      <def:type>attribute</def:type>
    </def:PropertyDefinition>
  </gml:dictionaryEntry>
  <def:classification>featureType</def:classification>
  <def:supertypeRef xlink:href="urn:xplan:element:xplan:RP_Verkehr" />
</TypeDefinition>