﻿<!--Erzeugt mit KIT (www.kit.edu) UmlToXmlTransformation-Software, Erstellungsdatum: 09.09.2013 11:09:16-->
<TypeDefinition xmlns="http://www.interactive-instruments.de/ShapeChange/Definitions/0.5" xmlns:def="http://www.interactive-instruments.de/ShapeChange/Definitions/0.5" xmlns:gml="http://www.opengis.net/gml/3.2" xmlns:xlink="http://www.w3.org/1999/xlink" xmlns:xsi="http://www.w3.org/2001/XMLSchema-instance" xsi:schemaLocation="http://www.interactive-instruments.de/ShapeChange/Definitions/0.5 ../xsd/ShapeChangeDefinitions.xsd" gml:id="xplan_SO_Schienenverkehrsrecht">
  <gml:description>Festlegung nach Schienenverkehrsrecht.
</gml:description>
  <gml:identifier codeSpace="urn:citgml">urn:xplan:element:xplan:SO_Schienenverkehrsrecht</gml:identifier>
  <gml:name>xplan:SO_Schienenverkehrsrecht</gml:name>
  <gml:dictionaryEntry>
    <def:PropertyDefinition gml:id="xplan_SO_Schienenverkehrsrecht_artDerFestlegung">
      <gml:description />
      <gml:identifier codeSpace="urn:citgml">urn:xplan:element:xplan:SO_Schienenverkehrsrecht:attribute:artDerFestlegung</gml:identifier>
      <gml:name>xplan:artDerFestlegung</gml:name>
      <gml:dictionaryEntry>
        <ListedValueDefinition gml:id="xplan_SO_Schienenverkehrsrecht_artDerFestlegung_SO_KlassifizNachSchienenverkehrsrecht_1000">
          <gml:description>Bahnanlage</gml:description>
          <gml:identifier codeSpace="urn:citgml">urn:xplan:enum:xplan:SO_Schienenverkehrsrecht:artDerFestlegung:SO_KlassifizNachSchienenverkehrsrecht:1000</gml:identifier>
          <gml:name>Bahnanlage</gml:name>
        </ListedValueDefinition>
      </gml:dictionaryEntry>
      <gml:dictionaryEntry>
        <ListedValueDefinition gml:id="xplan_SO_Schienenverkehrsrecht_artDerFestlegung_SO_KlassifizNachSchienenverkehrsrecht_1200">
          <gml:description>Bahnlinie</gml:description>
          <gml:identifier codeSpace="urn:citgml">urn:xplan:enum:xplan:SO_Schienenverkehrsrecht:artDerFestlegung:SO_KlassifizNachSchienenverkehrsrecht:1200</gml:identifier>
          <gml:name>Bahnlinie</gml:name>
        </ListedValueDefinition>
      </gml:dictionaryEntry>
      <gml:dictionaryEntry>
        <ListedValueDefinition gml:id="xplan_SO_Schienenverkehrsrecht_artDerFestlegung_SO_KlassifizNachSchienenverkehrsrecht_1400">
          <gml:description>Öffentlichen Personen Nahverkehr</gml:description>
          <gml:identifier codeSpace="urn:citgml">urn:xplan:enum:xplan:SO_Schienenverkehrsrecht:artDerFestlegung:SO_KlassifizNachSchienenverkehrsrecht:1400</gml:identifier>
          <gml:name>OEPNV</gml:name>
        </ListedValueDefinition>
      </gml:dictionaryEntry>
      <gml:dictionaryEntry>
        <ListedValueDefinition gml:id="xplan_SO_Schienenverkehrsrecht_artDerFestlegung_SO_KlassifizNachSchienenverkehrsrecht_9999">
          <gml:description>Sonstige Zweckbestimmung</gml:description>
          <gml:identifier codeSpace="urn:citgml">urn:xplan:enum:xplan:SO_Schienenverkehrsrecht:artDerFestlegung:SO_KlassifizNachSchienenverkehrsrecht:9999</gml:identifier>
          <gml:name>Sonstiges</gml:name>
        </ListedValueDefinition>
      </gml:dictionaryEntry>
      <def:cardinality>0..1</def:cardinality>
      <def:valueTypeName>SO_KlassifizNachSchienenverkehrsrecht</def:valueTypeName>
      <def:type>attribute</def:type>
    </def:PropertyDefinition>
  </gml:dictionaryEntry>
  <gml:dictionaryEntry>
    <def:PropertyDefinition gml:id="xplan_SO_Schienenverkehrsrecht_besondereArtDerFestlegung">
      <gml:description />
      <gml:identifier codeSpace="urn:citgml">urn:xplan:element:xplan:SO_Schienenverkehrsrecht:attribute:besondereArtDerFestlegung</gml:identifier>
      <gml:name>xplan:besondereArtDerFestlegung</gml:name>
      <gml:dictionaryEntry>
        <ListedValueDefinition gml:id="xplan_SO_Schienenverkehrsrecht_besondereArtDerFestlegung_SO_BesondereKlassifizNachSchienenverkehrsrecht_10000">
          <gml:identifier codeSpace="urn:citgml">urn:xplan:enum:xplan:SO_Schienenverkehrsrecht:besondereArtDerFestlegung:SO_BesondereKlassifizNachSchienenverkehrsrecht:10000</gml:identifier>
          <gml:name>DB_Bahnanlage</gml:name>
        </ListedValueDefinition>
      </gml:dictionaryEntry>
      <gml:dictionaryEntry>
        <ListedValueDefinition gml:id="xplan_SO_Schienenverkehrsrecht_besondereArtDerFestlegung_SO_BesondereKlassifizNachSchienenverkehrsrecht_10001">
          <gml:identifier codeSpace="urn:citgml">urn:xplan:enum:xplan:SO_Schienenverkehrsrecht:besondereArtDerFestlegung:SO_BesondereKlassifizNachSchienenverkehrsrecht:10001</gml:identifier>
          <gml:name>Personenbahnhof</gml:name>
        </ListedValueDefinition>
      </gml:dictionaryEntry>
      <gml:dictionaryEntry>
        <ListedValueDefinition gml:id="xplan_SO_Schienenverkehrsrecht_besondereArtDerFestlegung_SO_BesondereKlassifizNachSchienenverkehrsrecht_10002">
          <gml:identifier codeSpace="urn:citgml">urn:xplan:enum:xplan:SO_Schienenverkehrsrecht:besondereArtDerFestlegung:SO_BesondereKlassifizNachSchienenverkehrsrecht:10002</gml:identifier>
          <gml:name>Fernbahnhof</gml:name>
        </ListedValueDefinition>
      </gml:dictionaryEntry>
      <gml:dictionaryEntry>
        <ListedValueDefinition gml:id="xplan_SO_Schienenverkehrsrecht_besondereArtDerFestlegung_SO_BesondereKlassifizNachSchienenverkehrsrecht_10003">
          <gml:identifier codeSpace="urn:citgml">urn:xplan:enum:xplan:SO_Schienenverkehrsrecht:besondereArtDerFestlegung:SO_BesondereKlassifizNachSchienenverkehrsrecht:10003</gml:identifier>
          <gml:name>Gueterbahnhof</gml:name>
        </ListedValueDefinition>
      </gml:dictionaryEntry>
      <gml:dictionaryEntry>
        <ListedValueDefinition gml:id="xplan_SO_Schienenverkehrsrecht_besondereArtDerFestlegung_SO_BesondereKlassifizNachSchienenverkehrsrecht_12000">
          <gml:identifier codeSpace="urn:citgml">urn:xplan:enum:xplan:SO_Schienenverkehrsrecht:besondereArtDerFestlegung:SO_BesondereKlassifizNachSchienenverkehrsrecht:12000</gml:identifier>
          <gml:name>Personenbahnlinie</gml:name>
        </ListedValueDefinition>
      </gml:dictionaryEntry>
      <gml:dictionaryEntry>
        <ListedValueDefinition gml:id="xplan_SO_Schienenverkehrsrecht_besondereArtDerFestlegung_SO_BesondereKlassifizNachSchienenverkehrsrecht_12001">
          <gml:identifier codeSpace="urn:citgml">urn:xplan:enum:xplan:SO_Schienenverkehrsrecht:besondereArtDerFestlegung:SO_BesondereKlassifizNachSchienenverkehrsrecht:12001</gml:identifier>
          <gml:name>Regionalbahn</gml:name>
        </ListedValueDefinition>
      </gml:dictionaryEntry>
      <gml:dictionaryEntry>
        <ListedValueDefinition gml:id="xplan_SO_Schienenverkehrsrecht_besondereArtDerFestlegung_SO_BesondereKlassifizNachSchienenverkehrsrecht_12002">
          <gml:identifier codeSpace="urn:citgml">urn:xplan:enum:xplan:SO_Schienenverkehrsrecht:besondereArtDerFestlegung:SO_BesondereKlassifizNachSchienenverkehrsrecht:12002</gml:identifier>
          <gml:name>Kleinbahn</gml:name>
        </ListedValueDefinition>
      </gml:dictionaryEntry>
      <gml:dictionaryEntry>
        <ListedValueDefinition gml:id="xplan_SO_Schienenverkehrsrecht_besondereArtDerFestlegung_SO_BesondereKlassifizNachSchienenverkehrsrecht_12003">
          <gml:identifier codeSpace="urn:citgml">urn:xplan:enum:xplan:SO_Schienenverkehrsrecht:besondereArtDerFestlegung:SO_BesondereKlassifizNachSchienenverkehrsrecht:12003</gml:identifier>
          <gml:name>Gueterbahnlinie</gml:name>
        </ListedValueDefinition>
      </gml:dictionaryEntry>
      <gml:dictionaryEntry>
        <ListedValueDefinition gml:id="xplan_SO_Schienenverkehrsrecht_besondereArtDerFestlegung_SO_BesondereKlassifizNachSchienenverkehrsrecht_12004">
          <gml:identifier codeSpace="urn:citgml">urn:xplan:enum:xplan:SO_Schienenverkehrsrecht:besondereArtDerFestlegung:SO_BesondereKlassifizNachSchienenverkehrsrecht:12004</gml:identifier>
          <gml:name>WerksHafenbahn</gml:name>
        </ListedValueDefinition>
      </gml:dictionaryEntry>
      <gml:dictionaryEntry>
        <ListedValueDefinition gml:id="xplan_SO_Schienenverkehrsrecht_besondereArtDerFestlegung_SO_BesondereKlassifizNachSchienenverkehrsrecht_12005">
          <gml:identifier codeSpace="urn:citgml">urn:xplan:enum:xplan:SO_Schienenverkehrsrecht:besondereArtDerFestlegung:SO_BesondereKlassifizNachSchienenverkehrsrecht:12005</gml:identifier>
          <gml:name>Seilbahn</gml:name>
        </ListedValueDefinition>
      </gml:dictionaryEntry>
      <gml:dictionaryEntry>
        <ListedValueDefinition gml:id="xplan_SO_Schienenverkehrsrecht_besondereArtDerFestlegung_SO_BesondereKlassifizNachSchienenverkehrsrecht_14000">
          <gml:identifier codeSpace="urn:citgml">urn:xplan:enum:xplan:SO_Schienenverkehrsrecht:besondereArtDerFestlegung:SO_BesondereKlassifizNachSchienenverkehrsrecht:14000</gml:identifier>
          <gml:name>Strassenbahn</gml:name>
        </ListedValueDefinition>
      </gml:dictionaryEntry>
      <gml:dictionaryEntry>
        <ListedValueDefinition gml:id="xplan_SO_Schienenverkehrsrecht_besondereArtDerFestlegung_SO_BesondereKlassifizNachSchienenverkehrsrecht_14001">
          <gml:identifier codeSpace="urn:citgml">urn:xplan:enum:xplan:SO_Schienenverkehrsrecht:besondereArtDerFestlegung:SO_BesondereKlassifizNachSchienenverkehrsrecht:14001</gml:identifier>
          <gml:name>UBahn</gml:name>
        </ListedValueDefinition>
      </gml:dictionaryEntry>
      <gml:dictionaryEntry>
        <ListedValueDefinition gml:id="xplan_SO_Schienenverkehrsrecht_besondereArtDerFestlegung_SO_BesondereKlassifizNachSchienenverkehrsrecht_14002">
          <gml:identifier codeSpace="urn:citgml">urn:xplan:enum:xplan:SO_Schienenverkehrsrecht:besondereArtDerFestlegung:SO_BesondereKlassifizNachSchienenverkehrsrecht:14002</gml:identifier>
          <gml:name>SBahn</gml:name>
        </ListedValueDefinition>
      </gml:dictionaryEntry>
      <gml:dictionaryEntry>
        <ListedValueDefinition gml:id="xplan_SO_Schienenverkehrsrecht_besondereArtDerFestlegung_SO_BesondereKlassifizNachSchienenverkehrsrecht_14003">
          <gml:identifier codeSpace="urn:citgml">urn:xplan:enum:xplan:SO_Schienenverkehrsrecht:besondereArtDerFestlegung:SO_BesondereKlassifizNachSchienenverkehrsrecht:14003</gml:identifier>
          <gml:name>OEPNV_Haltestelle</gml:name>
        </ListedValueDefinition>
      </gml:dictionaryEntry>
      <def:cardinality>0..1</def:cardinality>
      <def:valueTypeName>SO_BesondereKlassifizNachSchienenverkehrsrecht</def:valueTypeName>
      <def:type>attribute</def:type>
    </def:PropertyDefinition>
  </gml:dictionaryEntry>
  <gml:dictionaryEntry>
    <def:PropertyDefinition gml:id="xplan_SO_Schienenverkehrsrecht_detailArtDerFestlegung">
      <gml:description />
      <gml:identifier codeSpace="urn:citgml">urn:xplan:element:xplan:SO_Schienenverkehrsrecht:attribute:detailArtDerFestlegung</gml:identifier>
      <gml:name>xplan:detailArtDerFestlegung</gml:name>
      <def:cardinality>0..1</def:cardinality>
      <def:valueTypeName>SO_DetailKlassifizNachSchienenverkehrsrecht</def:valueTypeName>
      <def:type>attribute</def:type>
    </def:PropertyDefinition>
  </gml:dictionaryEntry>
  <gml:dictionaryEntry>
    <def:PropertyDefinition gml:id="xplan_SO_Schienenverkehrsrecht_name">
      <gml:description />
      <gml:identifier codeSpace="urn:citgml">urn:xplan:element:xplan:SO_Schienenverkehrsrecht:attribute:name</gml:identifier>
      <gml:name>xplan:name</gml:name>
      <def:cardinality>0..1</def:cardinality>
      <def:valueTypeRef xlink:href="urn:xplan:element::CharacterString" />
      <def:type>attribute</def:type>
    </def:PropertyDefinition>
  </gml:dictionaryEntry>
  <gml:dictionaryEntry>
    <def:PropertyDefinition gml:id="xplan_SO_Schienenverkehrsrecht_nummer">
      <gml:description />
      <gml:identifier codeSpace="urn:citgml">urn:xplan:element:xplan:SO_Schienenverkehrsrecht:attribute:nummer</gml:identifier>
      <gml:name>xplan:nummer</gml:name>
      <def:cardinality>0..1</def:cardinality>
      <def:valueTypeRef xlink:href="urn:xplan:element::CharacterString" />
      <def:type>attribute</def:type>
    </def:PropertyDefinition>
  </gml:dictionaryEntry>
  <def:classification>featureType</def:classification>
  <def:supertypeRef xlink:href="urn:xplan:element:xplan:SO_Geometrieobjekt" />
</TypeDefinition>