﻿<!--Erzeugt mit KIT (www.kit.edu) UmlToXmlTransformation-Software, Erstellungsdatum: 24.08.2012 09:29:21-->
<TypeDefinition xmlns="http://www.interactive-instruments.de/ShapeChange/Definitions/0.5" xmlns:def="http://www.interactive-instruments.de/ShapeChange/Definitions/0.5" xmlns:gml="http://www.opengis.net/gml/3.2" xmlns:xlink="http://www.w3.org/1999/xlink" xmlns:xsi="http://www.w3.org/2001/XMLSchema-instance" xsi:schemaLocation="http://www.interactive-instruments.de/ShapeChange/Definitions/0.5 ../xsd/ShapeChangeDefinitions.xsd" gml:id="xplan_LP_NRW_SchutzobjektLandesrecht">
  <gml:description />
  <gml:identifier codeSpace="urn:citgml">urn:xplan:element:xplan:LP_NRW_SchutzobjektLandesrecht</gml:identifier>
  <gml:name>xplan:LP_NRW_SchutzobjektLandesrecht</gml:name>
  <gml:dictionaryEntry>
    <def:PropertyDefinition gml:id="xplan_LP_NRW_SchutzobjektLandesrecht_speziellerTyp">
      <gml:description />
      <gml:identifier codeSpace="urn:citgml">urn:xplan:element:xplan:LP_NRW_SchutzobjektLandesrecht:attribute:speziellerTyp</gml:identifier>
      <gml:name>xplan:speziellerTyp</gml:name>
      <gml:dictionaryEntry>
        <ListedValueDefinition gml:id="xplan_LP_NRW_SchutzobjektLandesrecht_speziellerTyp_LP_NRW_LandesrechtSchutzobjektTypen_1000">
          <gml:identifier codeSpace="urn:citgml">urn:xplan:enum:xplan:LP_NRW_SchutzobjektLandesrecht:speziellerTyp:LP_NRW_LandesrechtSchutzobjektTypen:1000</gml:identifier>
          <gml:name>Baumschutzsatzung</gml:name>
        </ListedValueDefinition>
      </gml:dictionaryEntry>
      <gml:dictionaryEntry>
        <ListedValueDefinition gml:id="xplan_LP_NRW_SchutzobjektLandesrecht_speziellerTyp_LP_NRW_LandesrechtSchutzobjektTypen_1500">
          <gml:identifier codeSpace="urn:citgml">urn:xplan:enum:xplan:LP_NRW_SchutzobjektLandesrecht:speziellerTyp:LP_NRW_LandesrechtSchutzobjektTypen:1500</gml:identifier>
          <gml:name>Allee</gml:name>
        </ListedValueDefinition>
      </gml:dictionaryEntry>
      <gml:dictionaryEntry>
        <ListedValueDefinition gml:id="xplan_LP_NRW_SchutzobjektLandesrecht_speziellerTyp_LP_NRW_LandesrechtSchutzobjektTypen_2000">
          <gml:identifier codeSpace="urn:citgml">urn:xplan:enum:xplan:LP_NRW_SchutzobjektLandesrecht:speziellerTyp:LP_NRW_LandesrechtSchutzobjektTypen:2000</gml:identifier>
          <gml:name>GefoerderteAnpflanzung</gml:name>
        </ListedValueDefinition>
      </gml:dictionaryEntry>
      <gml:dictionaryEntry>
        <ListedValueDefinition gml:id="xplan_LP_NRW_SchutzobjektLandesrecht_speziellerTyp_LP_NRW_LandesrechtSchutzobjektTypen_2500">
          <gml:identifier codeSpace="urn:citgml">urn:xplan:enum:xplan:LP_NRW_SchutzobjektLandesrecht:speziellerTyp:LP_NRW_LandesrechtSchutzobjektTypen:2500</gml:identifier>
          <gml:name>Wallhecke</gml:name>
        </ListedValueDefinition>
      </gml:dictionaryEntry>
      <gml:dictionaryEntry>
        <ListedValueDefinition gml:id="xplan_LP_NRW_SchutzobjektLandesrecht_speziellerTyp_LP_NRW_LandesrechtSchutzobjektTypen_9999">
          <gml:identifier codeSpace="urn:citgml">urn:xplan:enum:xplan:LP_NRW_SchutzobjektLandesrecht:speziellerTyp:LP_NRW_LandesrechtSchutzobjektTypen:9999</gml:identifier>
          <gml:name>Sonstiges</gml:name>
        </ListedValueDefinition>
      </gml:dictionaryEntry>
      <def:cardinality>0..1</def:cardinality>
      <def:valueTypeName>LP_NRW_LandesrechtSchutzobjektTypen</def:valueTypeName>
      <def:type>attribute</def:type>
    </def:PropertyDefinition>
  </gml:dictionaryEntry>
  <def:classification>featureType</def:classification>
  <def:supertypeRef xlink:href="urn:xplan:element:xplan:LP_SchutzobjektLandesrecht" />
</TypeDefinition>