﻿<!--Erzeugt mit KIT (www.kit.edu) UmlToXmlTransformation-Software, Erstellungsdatum: 09.09.2013 11:08:31-->
<TypeDefinition xmlns="http://www.interactive-instruments.de/ShapeChange/Definitions/0.5" xmlns:def="http://www.interactive-instruments.de/ShapeChange/Definitions/0.5" xmlns:gml="http://www.opengis.net/gml/3.2" xmlns:xlink="http://www.w3.org/1999/xlink" xmlns:xsi="http://www.w3.org/2001/XMLSchema-instance" xsi:schemaLocation="http://www.interactive-instruments.de/ShapeChange/Definitions/0.5 ../xsd/ShapeChangeDefinitions.xsd" gml:id="xplan_BP_Flaechenobjekt">
  <gml:description>Basisklasse für alle Objekte eines Bebauungsplans mit flächenhaftem Raumbezug. Die von BP_Flaechenobjekt abgeleiteten Fachobjekte können sowohl als Flächenschlussobjekte als auch als Überlagerungsobjekte auftreten.
</gml:description>
  <gml:identifier codeSpace="urn:citgml">urn:xplan:element:xplan:BP_Flaechenobjekt</gml:identifier>
  <gml:name>xplan:BP_Flaechenobjekt</gml:name>
  <gml:dictionaryEntry>
    <def:PropertyDefinition gml:id="xplan_BP_Flaechenobjekt_position">
      <gml:description>Flächenhafter Raumbezug des Objektes (Eine Einzelfläche oder eine Menge von Flächen, die sich nicht überlappen dürfen). .</gml:description>
      <gml:identifier codeSpace="urn:citgml">urn:xplan:element:xplan:BP_Flaechenobjekt:attribute:position</gml:identifier>
      <gml:name>xplan:position</gml:name>
      <def:cardinality>1</def:cardinality>
      <def:valueTypeRef xlink:href="urn:xplan:element:xplan:XP_Flaechengeometrie" />
      <def:type>attribute</def:type>
    </def:PropertyDefinition>
  </gml:dictionaryEntry>
  <gml:dictionaryEntry>
    <def:PropertyDefinition gml:id="xplan_BP_Flaechenobjekt_flaechenschluss">
      <gml:description>Zeigt an, ob das Objekt als Flächenschlussobjekt oder Überlagerungsobjekt gebildet werden soll.</gml:description>
      <gml:identifier codeSpace="urn:citgml">urn:xplan:element:xplan:BP_Flaechenobjekt:attribute:flaechenschluss</gml:identifier>
      <gml:name>xplan:flaechenschluss</gml:name>
      <gml:dictionaryEntry>
        <ListedValueDefinition gml:id="_BP_Flaechenobjekt_flaechenschluss_Boolean_1">
          <gml:identifier codeSpace="urn:citgml">urn:xplan:enum::BP_Flaechenobjekt:flaechenschluss:Boolean:1</gml:identifier>
          <gml:name>TRUE</gml:name>
        </ListedValueDefinition>
      </gml:dictionaryEntry>
      <gml:dictionaryEntry>
        <ListedValueDefinition gml:id="_BP_Flaechenobjekt_flaechenschluss_Boolean_0">
          <gml:identifier codeSpace="urn:citgml">urn:xplan:enum::BP_Flaechenobjekt:flaechenschluss:Boolean:0</gml:identifier>
          <gml:name>FALSE</gml:name>
        </ListedValueDefinition>
      </gml:dictionaryEntry>
      <def:cardinality>1</def:cardinality>
      <def:valueTypeName>Boolean</def:valueTypeName>
      <def:type>attribute</def:type>
    </def:PropertyDefinition>
  </gml:dictionaryEntry>
  <def:classification>featureType</def:classification>
  <def:supertypeRef xlink:href="urn:xplan:element:xplan:BP_Objekt" />
</TypeDefinition>