﻿<!--Erzeugt mit KIT (www.kit.edu) UmlToXmlTransformation-Software, Erstellungsdatum: 24.08.2012 09:29:18-->
<TypeDefinition xmlns="http://www.interactive-instruments.de/ShapeChange/Definitions/0.5" xmlns:def="http://www.interactive-instruments.de/ShapeChange/Definitions/0.5" xmlns:gml="http://www.opengis.net/gml/3.2" xmlns:xlink="http://www.w3.org/1999/xlink" xmlns:xsi="http://www.w3.org/2001/XMLSchema-instance" xsi:schemaLocation="http://www.interactive-instruments.de/ShapeChange/Definitions/0.5 ../xsd/ShapeChangeDefinitions.xsd" gml:id="xplan_RP_NRW_AufschuettungAblagerung">
  <gml:description>Aufschüttungen/Ablagerungen (2ea)
</gml:description>
  <gml:identifier codeSpace="urn:citgml">urn:xplan:element:xplan:RP_NRW_AufschuettungAblagerung</gml:identifier>
  <gml:name>xplan:RP_NRW_AufschuettungAblagerung</gml:name>
  <gml:dictionaryEntry>
    <def:PropertyDefinition gml:id="xplan_RP_NRW_AufschuettungAblagerung_zweckbestimmung">
      <gml:description />
      <gml:identifier codeSpace="urn:citgml">urn:xplan:element:xplan:RP_NRW_AufschuettungAblagerung:attribute:zweckbestimmung</gml:identifier>
      <gml:name>xplan:zweckbestimmung</gml:name>
      <gml:dictionaryEntry>
        <ListedValueDefinition gml:id="xplan_RP_NRW_AufschuettungAblagerung_zweckbestimmung_RP_NRW_AufschuettungAblagerungTypen_1000">
          <gml:identifier codeSpace="urn:citgml">urn:xplan:enum:xplan:RP_NRW_AufschuettungAblagerung:zweckbestimmung:RP_NRW_AufschuettungAblagerungTypen:1000</gml:identifier>
          <gml:name>Abfalldeponie</gml:name>
        </ListedValueDefinition>
      </gml:dictionaryEntry>
      <gml:dictionaryEntry>
        <ListedValueDefinition gml:id="xplan_RP_NRW_AufschuettungAblagerung_zweckbestimmung_RP_NRW_AufschuettungAblagerungTypen_2000">
          <gml:identifier codeSpace="urn:citgml">urn:xplan:enum:xplan:RP_NRW_AufschuettungAblagerung:zweckbestimmung:RP_NRW_AufschuettungAblagerungTypen:2000</gml:identifier>
          <gml:name>Halde</gml:name>
        </ListedValueDefinition>
      </gml:dictionaryEntry>
      <gml:dictionaryEntry>
        <ListedValueDefinition gml:id="xplan_RP_NRW_AufschuettungAblagerung_zweckbestimmung_RP_NRW_AufschuettungAblagerungTypen_9999">
          <gml:identifier codeSpace="urn:citgml">urn:xplan:enum:xplan:RP_NRW_AufschuettungAblagerung:zweckbestimmung:RP_NRW_AufschuettungAblagerungTypen:9999</gml:identifier>
          <gml:name>Sonstiges</gml:name>
        </ListedValueDefinition>
      </gml:dictionaryEntry>
      <def:cardinality>0..1</def:cardinality>
      <def:valueTypeName>RP_NRW_AufschuettungAblagerungTypen</def:valueTypeName>
      <def:type>attribute</def:type>
    </def:PropertyDefinition>
  </gml:dictionaryEntry>
  <gml:dictionaryEntry>
    <def:PropertyDefinition gml:id="xplan_RP_NRW_AufschuettungAblagerung_detailZweckbestimmung">
      <gml:description />
      <gml:identifier codeSpace="urn:citgml">urn:xplan:element:xplan:RP_NRW_AufschuettungAblagerung:attribute:detailZweckbestimmung</gml:identifier>
      <gml:name>xplan:detailZweckbestimmung</gml:name>
      <def:cardinality>0..1</def:cardinality>
      <def:valueTypeName>RP_NRW_SonstAufschuettAblagerungTypen</def:valueTypeName>
      <def:type>attribute</def:type>
    </def:PropertyDefinition>
  </gml:dictionaryEntry>
  <def:classification>featureType</def:classification>
  <def:supertypeRef xlink:href="urn:xplan:element:xplan:RP_SonstigerFreiraumstruktur" />
</TypeDefinition>