﻿<!--Erzeugt mit KIT (www.kit.edu) UmlToXmlTransformation-Software, Erstellungsdatum: 24.08.2012 09:29:19-->
<TypeDefinition xmlns="http://www.interactive-instruments.de/ShapeChange/Definitions/0.5" xmlns:def="http://www.interactive-instruments.de/ShapeChange/Definitions/0.5" xmlns:gml="http://www.opengis.net/gml/3.2" xmlns:xlink="http://www.w3.org/1999/xlink" xmlns:xsi="http://www.w3.org/2001/XMLSchema-instance" xsi:schemaLocation="http://www.interactive-instruments.de/ShapeChange/Definitions/0.5 ../xsd/ShapeChangeDefinitions.xsd" gml:id="xplan_RP_NRW_GIB">
  <gml:description>Bereich für gewerbliche und industrielle Nutzungen (GIB) (1d)
</gml:description>
  <gml:identifier codeSpace="urn:citgml">urn:xplan:element:xplan:RP_NRW_GIB</gml:identifier>
  <gml:name>xplan:RP_NRW_GIB</gml:name>
  <gml:dictionaryEntry>
    <def:PropertyDefinition gml:id="xplan_RP_NRW_GIB_zweckbindung">
      <gml:description />
      <gml:identifier codeSpace="urn:citgml">urn:xplan:element:xplan:RP_NRW_GIB:attribute:zweckbindung</gml:identifier>
      <gml:name>xplan:zweckbindung</gml:name>
      <gml:dictionaryEntry>
        <ListedValueDefinition gml:id="xplan_RP_NRW_GIB_zweckbindung_RP_NRW_GIB_Zweckbindungen_1000">
          <gml:identifier codeSpace="urn:citgml">urn:xplan:enum:xplan:RP_NRW_GIB:zweckbindung:RP_NRW_GIB_Zweckbindungen:1000</gml:identifier>
          <gml:name>FlaechenintensiveGrossvorhaben</gml:name>
        </ListedValueDefinition>
      </gml:dictionaryEntry>
      <gml:dictionaryEntry>
        <ListedValueDefinition gml:id="xplan_RP_NRW_GIB_zweckbindung_RP_NRW_GIB_Zweckbindungen_2000">
          <gml:identifier codeSpace="urn:citgml">urn:xplan:enum:xplan:RP_NRW_GIB:zweckbindung:RP_NRW_GIB_Zweckbindungen:2000</gml:identifier>
          <gml:name>UebertaegigerBergbau</gml:name>
        </ListedValueDefinition>
      </gml:dictionaryEntry>
      <gml:dictionaryEntry>
        <ListedValueDefinition gml:id="xplan_RP_NRW_GIB_zweckbindung_RP_NRW_GIB_Zweckbindungen_3000">
          <gml:identifier codeSpace="urn:citgml">urn:xplan:enum:xplan:RP_NRW_GIB:zweckbindung:RP_NRW_GIB_Zweckbindungen:3000</gml:identifier>
          <gml:name>KombinierterGueterverkehr</gml:name>
        </ListedValueDefinition>
      </gml:dictionaryEntry>
      <gml:dictionaryEntry>
        <ListedValueDefinition gml:id="xplan_RP_NRW_GIB_zweckbindung_RP_NRW_GIB_Zweckbindungen_4000">
          <gml:identifier codeSpace="urn:citgml">urn:xplan:enum:xplan:RP_NRW_GIB:zweckbindung:RP_NRW_GIB_Zweckbindungen:4000</gml:identifier>
          <gml:name>TankRastanlagen</gml:name>
        </ListedValueDefinition>
      </gml:dictionaryEntry>
      <gml:dictionaryEntry>
        <ListedValueDefinition gml:id="xplan_RP_NRW_GIB_zweckbindung_RP_NRW_GIB_Zweckbindungen_9999">
          <gml:identifier codeSpace="urn:citgml">urn:xplan:enum:xplan:RP_NRW_GIB:zweckbindung:RP_NRW_GIB_Zweckbindungen:9999</gml:identifier>
          <gml:name>Sonstiges</gml:name>
        </ListedValueDefinition>
      </gml:dictionaryEntry>
      <def:cardinality>0..*</def:cardinality>
      <def:valueTypeName>RP_NRW_GIB_Zweckbindungen</def:valueTypeName>
      <def:type>attribute</def:type>
    </def:PropertyDefinition>
  </gml:dictionaryEntry>
  <gml:dictionaryEntry>
    <def:PropertyDefinition gml:id="xplan_RP_NRW_GIB_sonstZweckbindung">
      <gml:description />
      <gml:identifier codeSpace="urn:citgml">urn:xplan:element:xplan:RP_NRW_GIB:attribute:sonstZweckbindung</gml:identifier>
      <gml:name>xplan:sonstZweckbindung</gml:name>
      <def:cardinality>0..1</def:cardinality>
      <def:valueTypeName>RP_NRW_GIB_SonstigeZweckbindungen</def:valueTypeName>
      <def:type>attribute</def:type>
    </def:PropertyDefinition>
  </gml:dictionaryEntry>
  <def:classification>featureType</def:classification>
  <def:supertypeRef xlink:href="urn:xplan:element:xplan:RP_GemeindeFunktionSiedlungsentwicklung" />
</TypeDefinition>