﻿<!--Erzeugt mit KIT (www.kit.edu) UmlToXmlTransformation-Software, Erstellungsdatum: 24.08.2012 09:29:23-->
<TypeDefinition xmlns="http://www.interactive-instruments.de/ShapeChange/Definitions/0.5" xmlns:def="http://www.interactive-instruments.de/ShapeChange/Definitions/0.5" xmlns:gml="http://www.opengis.net/gml/3.2" xmlns:xlink="http://www.w3.org/1999/xlink" xmlns:xsi="http://www.w3.org/2001/XMLSchema-instance" xsi:schemaLocation="http://www.interactive-instruments.de/ShapeChange/Definitions/0.5 ../xsd/ShapeChangeDefinitions.xsd" gml:id="xplan_RP_RLP_Raumkategorie">
  <gml:description>Besondere Raumkategorien in  Rheinland-Pfalz.
</gml:description>
  <gml:identifier codeSpace="urn:citgml">urn:xplan:element:xplan:RP_RLP_Raumkategorie</gml:identifier>
  <gml:name>xplan:RP_RLP_Raumkategorie</gml:name>
  <gml:dictionaryEntry>
    <def:PropertyDefinition gml:id="xplan_RP_RLP_Raumkategorie_typ">
      <gml:description />
      <gml:identifier codeSpace="urn:citgml">urn:xplan:element:xplan:RP_RLP_Raumkategorie:attribute:typ</gml:identifier>
      <gml:name>xplan:typ</gml:name>
      <gml:dictionaryEntry>
        <ListedValueDefinition gml:id="xplan_RP_RLP_Raumkategorie_typ_RP_RLP_RaumkategorieTypen_1000">
          <gml:description>Funktionsraum nach LEP III</gml:description>
          <gml:identifier codeSpace="urn:citgml">urn:xplan:enum:xplan:RP_RLP_Raumkategorie:typ:RP_RLP_RaumkategorieTypen:1000</gml:identifier>
          <gml:name>Funktionsraum</gml:name>
        </ListedValueDefinition>
      </gml:dictionaryEntry>
      <gml:dictionaryEntry>
        <ListedValueDefinition gml:id="xplan_RP_RLP_Raumkategorie_typ_RP_RLP_RaumkategorieTypen_2000">
          <gml:description>Mittelzentraler Verbung nach LEP IV</gml:description>
          <gml:identifier codeSpace="urn:citgml">urn:xplan:enum:xplan:RP_RLP_Raumkategorie:typ:RP_RLP_RaumkategorieTypen:2000</gml:identifier>
          <gml:name>MittelzentralerVerbund</gml:name>
        </ListedValueDefinition>
      </gml:dictionaryEntry>
      <gml:dictionaryEntry>
        <ListedValueDefinition gml:id="xplan_RP_RLP_Raumkategorie_typ_RP_RLP_RaumkategorieTypen_3000">
          <gml:description>Grundzentraler Verbund nach LEP IV</gml:description>
          <gml:identifier codeSpace="urn:citgml">urn:xplan:enum:xplan:RP_RLP_Raumkategorie:typ:RP_RLP_RaumkategorieTypen:3000</gml:identifier>
          <gml:name>GrundzentralerVerbund</gml:name>
        </ListedValueDefinition>
      </gml:dictionaryEntry>
      <def:cardinality>1</def:cardinality>
      <def:valueTypeName>RP_RLP_RaumkategorieTypen</def:valueTypeName>
      <def:type>attribute</def:type>
    </def:PropertyDefinition>
  </gml:dictionaryEntry>
  <def:classification>featureType</def:classification>
  <def:supertypeRef xlink:href="urn:xplan:element:xplan:RP_Raumkategorie" />
</TypeDefinition>