﻿<!--Erzeugt mit KIT (www.kit.edu) UmlToXmlTransformation-Software, Erstellungsdatum: 09.09.2013 11:08:28-->
<TypeDefinition xmlns="http://www.interactive-instruments.de/ShapeChange/Definitions/0.5" xmlns:def="http://www.interactive-instruments.de/ShapeChange/Definitions/0.5" xmlns:gml="http://www.opengis.net/gml/3.2" xmlns:xlink="http://www.w3.org/1999/xlink" xmlns:xsi="http://www.w3.org/2001/XMLSchema-instance" xsi:schemaLocation="http://www.interactive-instruments.de/ShapeChange/Definitions/0.5 ../xsd/ShapeChangeDefinitions.xsd" gml:id="xplan_XP_TextAbschnitt">
  <gml:description>Ein Abschnitt der textlich formulierten Inhalte  des Plans.</gml:description>
  <gml:identifier codeSpace="urn:citgml">urn:xplan:element:xplan:XP_TextAbschnitt</gml:identifier>
  <gml:name>xplan:XP_TextAbschnitt</gml:name>
  <gml:dictionaryEntry>
    <def:PropertyDefinition gml:id="xplan_XP_TextAbschnitt_schluessel">
      <gml:description>Schlüssel zur Referenzierung des Abschnitts.</gml:description>
      <gml:identifier codeSpace="urn:citgml">urn:xplan:element:xplan:XP_TextAbschnitt:attribute:schluessel</gml:identifier>
      <gml:name>xplan:schluessel</gml:name>
      <def:cardinality>0..1</def:cardinality>
      <def:valueTypeRef xlink:href="urn:xplan:element::CharacterString" />
      <def:type>attribute</def:type>
    </def:PropertyDefinition>
  </gml:dictionaryEntry>
  <gml:dictionaryEntry>
    <def:PropertyDefinition gml:id="xplan_XP_TextAbschnitt_gesetzlicheGrundlage">
      <gml:description>Gesetzliche Grundlage des Text-Abschnittes</gml:description>
      <gml:identifier codeSpace="urn:citgml">urn:xplan:element:xplan:XP_TextAbschnitt:attribute:gesetzlicheGrundlage</gml:identifier>
      <gml:name>xplan:gesetzlicheGrundlage</gml:name>
      <def:cardinality>0..1</def:cardinality>
      <def:valueTypeRef xlink:href="urn:xplan:element::CharacterString" />
      <def:type>attribute</def:type>
    </def:PropertyDefinition>
  </gml:dictionaryEntry>
  <gml:dictionaryEntry>
    <def:PropertyDefinition gml:id="xplan_XP_TextAbschnitt_text">
      <gml:description>Inhalt eines Abschnitts der textlichen Planinhalte</gml:description>
      <gml:identifier codeSpace="urn:citgml">urn:xplan:element:xplan:XP_TextAbschnitt:attribute:text</gml:identifier>
      <gml:name>xplan:text</gml:name>
      <def:cardinality>0..1</def:cardinality>
      <def:valueTypeRef xlink:href="urn:xplan:element::CharacterString" />
      <def:type>attribute</def:type>
    </def:PropertyDefinition>
  </gml:dictionaryEntry>
  <gml:dictionaryEntry>
    <def:PropertyDefinition gml:id="xplan_XP_TextAbschnitt_refText">
      <gml:description>Referenz auf ein externes Dokument das den zug Textabschnitt enthält.</gml:description>
      <gml:identifier codeSpace="urn:citgml">urn:xplan:element:xplan:XP_TextAbschnitt:attribute:refText</gml:identifier>
      <gml:name>xplan:refText</gml:name>
      <def:cardinality>0..1</def:cardinality>
      <def:valueTypeRef xlink:href="urn:xplan:element:xplan:XP_ExterneReferenz" />
      <def:type>attribute</def:type>
    </def:PropertyDefinition>
  </gml:dictionaryEntry>
  <def:classification>featureType</def:classification>
</TypeDefinition>