﻿<!--Erzeugt mit KIT (www.kit.edu) UmlToXmlTransformation-Software, Erstellungsdatum: 09.09.2013 11:09:12-->
<TypeDefinition xmlns="http://www.interactive-instruments.de/ShapeChange/Definitions/0.5" xmlns:def="http://www.interactive-instruments.de/ShapeChange/Definitions/0.5" xmlns:gml="http://www.opengis.net/gml/3.2" xmlns:xlink="http://www.w3.org/1999/xlink" xmlns:xsi="http://www.w3.org/2001/XMLSchema-instance" xsi:schemaLocation="http://www.interactive-instruments.de/ShapeChange/Definitions/0.5 ../xsd/ShapeChangeDefinitions.xsd" gml:id="xplan_LP_SchutzPflegeEntwicklung">
  <gml:description>Sonstige Flächen und Maßnahmen zum Schutz, zur Pflege und zur Entwicklung von Natur und Landschaft, soweit sie nicht durch die Klasse LP_NutzungserfordernisRegelung modelliert werden.</gml:description>
  <gml:identifier codeSpace="urn:citgml">urn:xplan:element:xplan:LP_SchutzPflegeEntwicklung</gml:identifier>
  <gml:name>xplan:LP_SchutzPflegeEntwicklung</gml:name>
  <gml:dictionaryEntry>
    <def:PropertyDefinition gml:id="xplan_LP_SchutzPflegeEntwicklung_ziel">
      <gml:description>Unterscheidung nach den Zielen "Schutz, Pflege" und "Entwicklung".</gml:description>
      <gml:identifier codeSpace="urn:citgml">urn:xplan:element:xplan:LP_SchutzPflegeEntwicklung:attribute:ziel</gml:identifier>
      <gml:name>xplan:ziel</gml:name>
      <gml:dictionaryEntry>
        <ListedValueDefinition gml:id="xplan_LP_SchutzPflegeEntwicklung_ziel_XP_SPEZiele_1000">
          <gml:identifier codeSpace="urn:citgml">urn:xplan:enum:xplan:LP_SchutzPflegeEntwicklung:ziel:XP_SPEZiele:1000</gml:identifier>
          <gml:name>SchutzPflege</gml:name>
        </ListedValueDefinition>
      </gml:dictionaryEntry>
      <gml:dictionaryEntry>
        <ListedValueDefinition gml:id="xplan_LP_SchutzPflegeEntwicklung_ziel_XP_SPEZiele_2000">
          <gml:identifier codeSpace="urn:citgml">urn:xplan:enum:xplan:LP_SchutzPflegeEntwicklung:ziel:XP_SPEZiele:2000</gml:identifier>
          <gml:name>Entwicklung</gml:name>
        </ListedValueDefinition>
      </gml:dictionaryEntry>
      <gml:dictionaryEntry>
        <ListedValueDefinition gml:id="xplan_LP_SchutzPflegeEntwicklung_ziel_XP_SPEZiele_3000">
          <gml:identifier codeSpace="urn:citgml">urn:xplan:enum:xplan:LP_SchutzPflegeEntwicklung:ziel:XP_SPEZiele:3000</gml:identifier>
          <gml:name>Anlage</gml:name>
        </ListedValueDefinition>
      </gml:dictionaryEntry>
      <gml:dictionaryEntry>
        <ListedValueDefinition gml:id="xplan_LP_SchutzPflegeEntwicklung_ziel_XP_SPEZiele_4000">
          <gml:identifier codeSpace="urn:citgml">urn:xplan:enum:xplan:LP_SchutzPflegeEntwicklung:ziel:XP_SPEZiele:4000</gml:identifier>
          <gml:name>SchutzPflegeEntwicklung</gml:name>
        </ListedValueDefinition>
      </gml:dictionaryEntry>
      <gml:dictionaryEntry>
        <ListedValueDefinition gml:id="xplan_LP_SchutzPflegeEntwicklung_ziel_XP_SPEZiele_9999">
          <gml:identifier codeSpace="urn:citgml">urn:xplan:enum:xplan:LP_SchutzPflegeEntwicklung:ziel:XP_SPEZiele:9999</gml:identifier>
          <gml:name>Sonstiges</gml:name>
        </ListedValueDefinition>
      </gml:dictionaryEntry>
      <def:cardinality>0..1</def:cardinality>
      <def:valueTypeName>XP_SPEZiele</def:valueTypeName>
      <def:type>attribute</def:type>
    </def:PropertyDefinition>
  </gml:dictionaryEntry>
  <gml:dictionaryEntry>
    <def:PropertyDefinition gml:id="xplan_LP_SchutzPflegeEntwicklung_massnahme">
      <gml:description>Durchzuführende Maßnahme (Klassifikation).</gml:description>
      <gml:identifier codeSpace="urn:citgml">urn:xplan:element:xplan:LP_SchutzPflegeEntwicklung:attribute:massnahme</gml:identifier>
      <gml:name>xplan:massnahme</gml:name>
      <gml:dictionaryEntry>
        <ListedValueDefinition gml:id="xplan_LP_SchutzPflegeEntwicklung_massnahme_XP_SPEMassnahmenTypen_1000">
          <gml:identifier codeSpace="urn:citgml">urn:xplan:enum:xplan:LP_SchutzPflegeEntwicklung:massnahme:XP_SPEMassnahmenTypen:1000</gml:identifier>
          <gml:name>ArtentreicherGehoelzbestand</gml:name>
        </ListedValueDefinition>
      </gml:dictionaryEntry>
      <gml:dictionaryEntry>
        <ListedValueDefinition gml:id="xplan_LP_SchutzPflegeEntwicklung_massnahme_XP_SPEMassnahmenTypen_1100">
          <gml:identifier codeSpace="urn:citgml">urn:xplan:enum:xplan:LP_SchutzPflegeEntwicklung:massnahme:XP_SPEMassnahmenTypen:1100</gml:identifier>
          <gml:name>NaturnaherWald</gml:name>
        </ListedValueDefinition>
      </gml:dictionaryEntry>
      <gml:dictionaryEntry>
        <ListedValueDefinition gml:id="xplan_LP_SchutzPflegeEntwicklung_massnahme_XP_SPEMassnahmenTypen_1200">
          <gml:identifier codeSpace="urn:citgml">urn:xplan:enum:xplan:LP_SchutzPflegeEntwicklung:massnahme:XP_SPEMassnahmenTypen:1200</gml:identifier>
          <gml:name>ExtensivesGruenland</gml:name>
        </ListedValueDefinition>
      </gml:dictionaryEntry>
      <gml:dictionaryEntry>
        <ListedValueDefinition gml:id="xplan_LP_SchutzPflegeEntwicklung_massnahme_XP_SPEMassnahmenTypen_1300">
          <gml:identifier codeSpace="urn:citgml">urn:xplan:enum:xplan:LP_SchutzPflegeEntwicklung:massnahme:XP_SPEMassnahmenTypen:1300</gml:identifier>
          <gml:name>Feuchtgruenland</gml:name>
        </ListedValueDefinition>
      </gml:dictionaryEntry>
      <gml:dictionaryEntry>
        <ListedValueDefinition gml:id="xplan_LP_SchutzPflegeEntwicklung_massnahme_XP_SPEMassnahmenTypen_1400">
          <gml:identifier codeSpace="urn:citgml">urn:xplan:enum:xplan:LP_SchutzPflegeEntwicklung:massnahme:XP_SPEMassnahmenTypen:1400</gml:identifier>
          <gml:name>Obstwiese</gml:name>
        </ListedValueDefinition>
      </gml:dictionaryEntry>
      <gml:dictionaryEntry>
        <ListedValueDefinition gml:id="xplan_LP_SchutzPflegeEntwicklung_massnahme_XP_SPEMassnahmenTypen_1500">
          <gml:identifier codeSpace="urn:citgml">urn:xplan:enum:xplan:LP_SchutzPflegeEntwicklung:massnahme:XP_SPEMassnahmenTypen:1500</gml:identifier>
          <gml:name>NaturnaherUferbereich</gml:name>
        </ListedValueDefinition>
      </gml:dictionaryEntry>
      <gml:dictionaryEntry>
        <ListedValueDefinition gml:id="xplan_LP_SchutzPflegeEntwicklung_massnahme_XP_SPEMassnahmenTypen_1600">
          <gml:identifier codeSpace="urn:citgml">urn:xplan:enum:xplan:LP_SchutzPflegeEntwicklung:massnahme:XP_SPEMassnahmenTypen:1600</gml:identifier>
          <gml:name>Roehrichtzone</gml:name>
        </ListedValueDefinition>
      </gml:dictionaryEntry>
      <gml:dictionaryEntry>
        <ListedValueDefinition gml:id="xplan_LP_SchutzPflegeEntwicklung_massnahme_XP_SPEMassnahmenTypen_1700">
          <gml:identifier codeSpace="urn:citgml">urn:xplan:enum:xplan:LP_SchutzPflegeEntwicklung:massnahme:XP_SPEMassnahmenTypen:1700</gml:identifier>
          <gml:name>Ackerrandstreifen</gml:name>
        </ListedValueDefinition>
      </gml:dictionaryEntry>
      <gml:dictionaryEntry>
        <ListedValueDefinition gml:id="xplan_LP_SchutzPflegeEntwicklung_massnahme_XP_SPEMassnahmenTypen_1800">
          <gml:identifier codeSpace="urn:citgml">urn:xplan:enum:xplan:LP_SchutzPflegeEntwicklung:massnahme:XP_SPEMassnahmenTypen:1800</gml:identifier>
          <gml:name>Ackerbrache</gml:name>
        </ListedValueDefinition>
      </gml:dictionaryEntry>
      <gml:dictionaryEntry>
        <ListedValueDefinition gml:id="xplan_LP_SchutzPflegeEntwicklung_massnahme_XP_SPEMassnahmenTypen_1900">
          <gml:identifier codeSpace="urn:citgml">urn:xplan:enum:xplan:LP_SchutzPflegeEntwicklung:massnahme:XP_SPEMassnahmenTypen:1900</gml:identifier>
          <gml:name>Gruenlandbrache</gml:name>
        </ListedValueDefinition>
      </gml:dictionaryEntry>
      <gml:dictionaryEntry>
        <ListedValueDefinition gml:id="xplan_LP_SchutzPflegeEntwicklung_massnahme_XP_SPEMassnahmenTypen_2000">
          <gml:identifier codeSpace="urn:citgml">urn:xplan:enum:xplan:LP_SchutzPflegeEntwicklung:massnahme:XP_SPEMassnahmenTypen:2000</gml:identifier>
          <gml:name>Sukzessionsflaeche</gml:name>
        </ListedValueDefinition>
      </gml:dictionaryEntry>
      <gml:dictionaryEntry>
        <ListedValueDefinition gml:id="xplan_LP_SchutzPflegeEntwicklung_massnahme_XP_SPEMassnahmenTypen_2100">
          <gml:identifier codeSpace="urn:citgml">urn:xplan:enum:xplan:LP_SchutzPflegeEntwicklung:massnahme:XP_SPEMassnahmenTypen:2100</gml:identifier>
          <gml:name>Hochstaudenflur</gml:name>
        </ListedValueDefinition>
      </gml:dictionaryEntry>
      <gml:dictionaryEntry>
        <ListedValueDefinition gml:id="xplan_LP_SchutzPflegeEntwicklung_massnahme_XP_SPEMassnahmenTypen_2200">
          <gml:identifier codeSpace="urn:citgml">urn:xplan:enum:xplan:LP_SchutzPflegeEntwicklung:massnahme:XP_SPEMassnahmenTypen:2200</gml:identifier>
          <gml:name>Trockenrasen</gml:name>
        </ListedValueDefinition>
      </gml:dictionaryEntry>
      <gml:dictionaryEntry>
        <ListedValueDefinition gml:id="xplan_LP_SchutzPflegeEntwicklung_massnahme_XP_SPEMassnahmenTypen_2300">
          <gml:identifier codeSpace="urn:citgml">urn:xplan:enum:xplan:LP_SchutzPflegeEntwicklung:massnahme:XP_SPEMassnahmenTypen:2300</gml:identifier>
          <gml:name>Heide</gml:name>
        </ListedValueDefinition>
      </gml:dictionaryEntry>
      <gml:dictionaryEntry>
        <ListedValueDefinition gml:id="xplan_LP_SchutzPflegeEntwicklung_massnahme_XP_SPEMassnahmenTypen_9999">
          <gml:identifier codeSpace="urn:citgml">urn:xplan:enum:xplan:LP_SchutzPflegeEntwicklung:massnahme:XP_SPEMassnahmenTypen:9999</gml:identifier>
          <gml:name>Sonstiges</gml:name>
        </ListedValueDefinition>
      </gml:dictionaryEntry>
      <def:cardinality>0..1</def:cardinality>
      <def:valueTypeName>XP_SPEMassnahmenTypen</def:valueTypeName>
      <def:type>attribute</def:type>
    </def:PropertyDefinition>
  </gml:dictionaryEntry>
  <gml:dictionaryEntry>
    <def:PropertyDefinition gml:id="xplan_LP_SchutzPflegeEntwicklung_massnahmeText">
      <gml:description>Durchzuführende Maßnahme (Textform).</gml:description>
      <gml:identifier codeSpace="urn:citgml">urn:xplan:element:xplan:LP_SchutzPflegeEntwicklung:attribute:massnahmeText</gml:identifier>
      <gml:name>xplan:massnahmeText</gml:name>
      <def:cardinality>0..1</def:cardinality>
      <def:valueTypeRef xlink:href="urn:xplan:element::CharacterString" />
      <def:type>attribute</def:type>
    </def:PropertyDefinition>
  </gml:dictionaryEntry>
  <gml:dictionaryEntry>
    <def:PropertyDefinition gml:id="xplan_LP_SchutzPflegeEntwicklung_massnahmeKuerzel">
      <gml:description>Kürzel der durchzuführenden Maßnahme.</gml:description>
      <gml:identifier codeSpace="urn:citgml">urn:xplan:element:xplan:LP_SchutzPflegeEntwicklung:attribute:massnahmeKuerzel</gml:identifier>
      <gml:name>xplan:massnahmeKuerzel</gml:name>
      <def:cardinality>0..1</def:cardinality>
      <def:valueTypeRef xlink:href="urn:xplan:element::CharacterString" />
      <def:type>attribute</def:type>
    </def:PropertyDefinition>
  </gml:dictionaryEntry>
  <gml:dictionaryEntry>
    <def:PropertyDefinition gml:id="xplan_LP_SchutzPflegeEntwicklung_istAusgleich">
      <gml:description>Gibt an, ob die Maßnahme zum Ausgleich von Eingriffen genutzt wird.</gml:description>
      <gml:identifier codeSpace="urn:citgml">urn:xplan:element:xplan:LP_SchutzPflegeEntwicklung:attribute:istAusgleich</gml:identifier>
      <gml:name>xplan:istAusgleich</gml:name>
      <gml:dictionaryEntry>
        <ListedValueDefinition gml:id="_LP_SchutzPflegeEntwicklung_istAusgleich_Boolean_1">
          <gml:identifier codeSpace="urn:citgml">urn:xplan:enum::LP_SchutzPflegeEntwicklung:istAusgleich:Boolean:1</gml:identifier>
          <gml:name>TRUE</gml:name>
        </ListedValueDefinition>
      </gml:dictionaryEntry>
      <gml:dictionaryEntry>
        <ListedValueDefinition gml:id="_LP_SchutzPflegeEntwicklung_istAusgleich_Boolean_0">
          <gml:identifier codeSpace="urn:citgml">urn:xplan:enum::LP_SchutzPflegeEntwicklung:istAusgleich:Boolean:0</gml:identifier>
          <gml:name>FALSE</gml:name>
        </ListedValueDefinition>
      </gml:dictionaryEntry>
      <def:cardinality>0..1</def:cardinality>
      <def:valueTypeName>Boolean</def:valueTypeName>
      <def:type>attribute</def:type>
    </def:PropertyDefinition>
  </gml:dictionaryEntry>
  <def:classification>featureType</def:classification>
  <def:supertypeRef xlink:href="urn:xplan:element:xplan:LP_Geometrieobjekt" />
</TypeDefinition>