﻿<!--Erzeugt mit KIT (www.kit.edu) UmlToXmlTransformation-Software, Erstellungsdatum: 09.09.2013 11:09:03-->
<TypeDefinition xmlns="http://www.interactive-instruments.de/ShapeChange/Definitions/0.5" xmlns:def="http://www.interactive-instruments.de/ShapeChange/Definitions/0.5" xmlns:gml="http://www.opengis.net/gml/3.2" xmlns:xlink="http://www.w3.org/1999/xlink" xmlns:xsi="http://www.w3.org/2001/XMLSchema-instance" xsi:schemaLocation="http://www.interactive-instruments.de/ShapeChange/Definitions/0.5 ../xsd/ShapeChangeDefinitions.xsd" gml:id="xplan_RP_Bereich">
  <gml:description>Die Klasse modelliert einen Bereich eines Regionalplans,
</gml:description>
  <gml:identifier codeSpace="urn:citgml">urn:xplan:element:xplan:RP_Bereich</gml:identifier>
  <gml:name>xplan:RP_Bereich</gml:name>
  <gml:dictionaryEntry>
    <def:PropertyDefinition gml:id="xplan_RP_Bereich_versionBROG">
      <gml:description>Datum der zugrunde liegenden Version des ROG.</gml:description>
      <gml:identifier codeSpace="urn:citgml">urn:xplan:element:xplan:RP_Bereich:attribute:versionBROG</gml:identifier>
      <gml:name>xplan:versionBROG</gml:name>
      <def:cardinality>0..1</def:cardinality>
      <def:valueTypeRef xlink:href="urn:xplan:element::Date" />
      <def:type>attribute</def:type>
    </def:PropertyDefinition>
  </gml:dictionaryEntry>
  <gml:dictionaryEntry>
    <def:PropertyDefinition gml:id="xplan_RP_Bereich_versionBROGText">
      <gml:description>Titel der zugrunde liegenden Version des Bundesraumordnungsgesetzes.</gml:description>
      <gml:identifier codeSpace="urn:citgml">urn:xplan:element:xplan:RP_Bereich:attribute:versionBROGText</gml:identifier>
      <gml:name>xplan:versionBROGText</gml:name>
      <def:cardinality>0..1</def:cardinality>
      <def:valueTypeRef xlink:href="urn:xplan:element::CharacterString" />
      <def:type>attribute</def:type>
    </def:PropertyDefinition>
  </gml:dictionaryEntry>
  <gml:dictionaryEntry>
    <def:PropertyDefinition gml:id="xplan_RP_Bereich_versionLPLG">
      <gml:description>Datum des zugrunde liegenden Landesplanungsgesetzes.</gml:description>
      <gml:identifier codeSpace="urn:citgml">urn:xplan:element:xplan:RP_Bereich:attribute:versionLPLG</gml:identifier>
      <gml:name>xplan:versionLPLG</gml:name>
      <def:cardinality>0..1</def:cardinality>
      <def:valueTypeRef xlink:href="urn:xplan:element::Date" />
      <def:type>attribute</def:type>
    </def:PropertyDefinition>
  </gml:dictionaryEntry>
  <gml:dictionaryEntry>
    <def:PropertyDefinition gml:id="xplan_RP_Bereich_versionLPLGText">
      <gml:description>Titel des zugrunde liegenden Landesplanungsgesetzes.</gml:description>
      <gml:identifier codeSpace="urn:citgml">urn:xplan:element:xplan:RP_Bereich:attribute:versionLPLGText</gml:identifier>
      <gml:name>xplan:versionLPLGText</gml:name>
      <def:cardinality>0..1</def:cardinality>
      <def:valueTypeRef xlink:href="urn:xplan:element::CharacterString" />
      <def:type>attribute</def:type>
    </def:PropertyDefinition>
  </gml:dictionaryEntry>
  <gml:dictionaryEntry>
    <def:PropertyDefinition gml:id="xplan_RP_Bereich_gehoertZuPlan">
      <gml:description />
      <gml:identifier codeSpace="urn:citgml">urn:xplan:element:xplan:RP_Bereich:association-role:gehoertZuPlan</gml:identifier>
      <gml:name>xplan:gehoertZuPlan</gml:name>
      <def:cardinality>1</def:cardinality>
      <def:valueTypeRef xlink:href="urn:xplan:element:xplan:RP_Plan" />
      <def:type>associationRole</def:type>
    </def:PropertyDefinition>
  </gml:dictionaryEntry>
  <gml:dictionaryEntry>
    <def:PropertyDefinition gml:id="xplan_RP_Bereich_inhaltRPlan">
      <gml:description />
      <gml:identifier codeSpace="urn:citgml">urn:xplan:element:xplan:RP_Bereich:association-role:inhaltRPlan</gml:identifier>
      <gml:name>xplan:inhaltRPlan</gml:name>
      <def:cardinality>0..*</def:cardinality>
      <def:valueTypeRef xlink:href="urn:xplan:element:xplan:RP_Objekt" />
      <def:type>associationRole</def:type>
    </def:PropertyDefinition>
  </gml:dictionaryEntry>
  <gml:dictionaryEntry>
    <def:PropertyDefinition gml:id="xplan_RP_Bereich_rasterAenderung">
      <gml:description />
      <gml:identifier codeSpace="urn:citgml">urn:xplan:element:xplan:RP_Bereich:association-role:rasterAenderung</gml:identifier>
      <gml:name>xplan:rasterAenderung</gml:name>
      <def:cardinality>0..*</def:cardinality>
      <def:valueTypeRef xlink:href="urn:xplan:element:xplan:RP_RasterplanAenderung" />
      <def:type>associationRole</def:type>
    </def:PropertyDefinition>
  </gml:dictionaryEntry>
  <def:classification>featureType</def:classification>
  <def:supertypeRef xlink:href="urn:xplan:element:xplan:XP_Bereich" />
</TypeDefinition>