﻿<!--Erzeugt mit KIT (www.kit.edu) UmlToXmlTransformation-Software, Erstellungsdatum: 24.08.2012 09:29:23-->
<TypeDefinition xmlns="http://www.interactive-instruments.de/ShapeChange/Definitions/0.5" xmlns:def="http://www.interactive-instruments.de/ShapeChange/Definitions/0.5" xmlns:gml="http://www.opengis.net/gml/3.2" xmlns:xlink="http://www.w3.org/1999/xlink" xmlns:xsi="http://www.w3.org/2001/XMLSchema-instance" xsi:schemaLocation="http://www.interactive-instruments.de/ShapeChange/Definitions/0.5 ../xsd/ShapeChangeDefinitions.xsd" gml:id="xplanNSM_RP_NSM_Erholung">
  <gml:description />
  <gml:identifier codeSpace="urn:citgml">urn:xplan:element:xplanNSM:RP_NSM_Erholung</gml:identifier>
  <gml:name>xplanNSM:RP_NSM_Erholung</gml:name>
  <gml:dictionaryEntry>
    <def:PropertyDefinition gml:id="xplanNSM_RP_NSM_Erholung_typET">
      <gml:description />
      <gml:identifier codeSpace="urn:citgml">urn:xplan:element:xplanNSM:RP_NSM_Erholung:attribute:typET</gml:identifier>
      <gml:name>xplanNSM:typET</gml:name>
      <gml:dictionaryEntry>
        <ListedValueDefinition gml:id="xplanNSM_RP_NSM_Erholung_typET_RP_NSM_ErholungTypen_1000">
          <gml:identifier codeSpace="urn:citgml">urn:xplan:enum:xplanNSM:RP_NSM_Erholung:typET:RP_NSM_ErholungTypen:1000</gml:identifier>
          <gml:name>Erholung</gml:name>
        </ListedValueDefinition>
      </gml:dictionaryEntry>
      <gml:dictionaryEntry>
        <ListedValueDefinition gml:id="xplanNSM_RP_NSM_Erholung_typET_RP_NSM_ErholungTypen_2000">
          <gml:identifier codeSpace="urn:citgml">urn:xplan:enum:xplanNSM:RP_NSM_Erholung:typET:RP_NSM_ErholungTypen:2000</gml:identifier>
          <gml:name>SchwerpunktbereichErholung</gml:name>
        </ListedValueDefinition>
      </gml:dictionaryEntry>
      <gml:dictionaryEntry>
        <ListedValueDefinition gml:id="xplanNSM_RP_NSM_Erholung_typET_RP_NSM_ErholungTypen_2001">
          <gml:identifier codeSpace="urn:citgml">urn:xplan:enum:xplanNSM:RP_NSM_Erholung:typET:RP_NSM_ErholungTypen:2001</gml:identifier>
          <gml:name>KernbereichErholung</gml:name>
        </ListedValueDefinition>
      </gml:dictionaryEntry>
      <gml:dictionaryEntry>
        <ListedValueDefinition gml:id="xplanNSM_RP_NSM_Erholung_typET_RP_NSM_ErholungTypen_3000">
          <gml:identifier codeSpace="urn:citgml">urn:xplan:enum:xplanNSM:RP_NSM_Erholung:typET:RP_NSM_ErholungTypen:3000</gml:identifier>
          <gml:name>RuhigeErholungInNaturUndLandschaft</gml:name>
        </ListedValueDefinition>
      </gml:dictionaryEntry>
      <gml:dictionaryEntry>
        <ListedValueDefinition gml:id="xplanNSM_RP_NSM_Erholung_typET_RP_NSM_ErholungTypen_4000">
          <gml:identifier codeSpace="urn:citgml">urn:xplan:enum:xplanNSM:RP_NSM_Erholung:typET:RP_NSM_ErholungTypen:4000</gml:identifier>
          <gml:name>ErholungMitStarkerInanspruchnahmeDurchBevoelkerung</gml:name>
        </ListedValueDefinition>
      </gml:dictionaryEntry>
      <gml:dictionaryEntry>
        <ListedValueDefinition gml:id="xplanNSM_RP_NSM_Erholung_typET_RP_NSM_ErholungTypen_5000">
          <gml:identifier codeSpace="urn:citgml">urn:xplan:enum:xplanNSM:RP_NSM_Erholung:typET:RP_NSM_ErholungTypen:5000</gml:identifier>
          <gml:name>BesondereEntwicklungsaufgabeErholung</gml:name>
        </ListedValueDefinition>
      </gml:dictionaryEntry>
      <gml:dictionaryEntry>
        <ListedValueDefinition gml:id="xplanNSM_RP_NSM_Erholung_typET_RP_NSM_ErholungTypen_6000">
          <gml:identifier codeSpace="urn:citgml">urn:xplan:enum:xplanNSM:RP_NSM_Erholung:typET:RP_NSM_ErholungTypen:6000</gml:identifier>
          <gml:name>BesondereEntwicklungsaufgabeTourismus</gml:name>
        </ListedValueDefinition>
      </gml:dictionaryEntry>
      <gml:dictionaryEntry>
        <ListedValueDefinition gml:id="xplanNSM_RP_NSM_Erholung_typET_RP_NSM_ErholungTypen_7000">
          <gml:identifier codeSpace="urn:citgml">urn:xplan:enum:xplanNSM:RP_NSM_Erholung:typET:RP_NSM_ErholungTypen:7000</gml:identifier>
          <gml:name>RegionalbedeutsamerEntwicklungsschwerpunkt</gml:name>
        </ListedValueDefinition>
      </gml:dictionaryEntry>
      <gml:dictionaryEntry>
        <ListedValueDefinition gml:id="xplanNSM_RP_NSM_Erholung_typET_RP_NSM_ErholungTypen_8000">
          <gml:identifier codeSpace="urn:citgml">urn:xplan:enum:xplanNSM:RP_NSM_Erholung:typET:RP_NSM_ErholungTypen:8000</gml:identifier>
          <gml:name>Erholungswald</gml:name>
        </ListedValueDefinition>
      </gml:dictionaryEntry>
      <def:cardinality>0..1</def:cardinality>
      <def:valueTypeName>RP_NSM_ErholungTypen</def:valueTypeName>
      <def:type>attribute</def:type>
    </def:PropertyDefinition>
  </gml:dictionaryEntry>
  <def:classification>featureType</def:classification>
  <def:supertypeRef xlink:href="urn:xplan:element:xplan:RP_FreizeitErholung" />
</TypeDefinition>