﻿<!--Erzeugt mit KIT (www.kit.edu) UmlToXmlTransformation-Software, Erstellungsdatum: 09.09.2013 11:08:49-->
<TypeDefinition xmlns="http://www.interactive-instruments.de/ShapeChange/Definitions/0.5" xmlns:def="http://www.interactive-instruments.de/ShapeChange/Definitions/0.5" xmlns:gml="http://www.opengis.net/gml/3.2" xmlns:xlink="http://www.w3.org/1999/xlink" xmlns:xsi="http://www.w3.org/2001/XMLSchema-instance" xsi:schemaLocation="http://www.interactive-instruments.de/ShapeChange/Definitions/0.5 ../xsd/ShapeChangeDefinitions.xsd" gml:id="xplan_BP_EinfahrtPunkt">
  <gml:description>Einfahrt (§9 Abs. 1 Nr. 11 und Abs. 6 BauGB).
</gml:description>
  <gml:identifier codeSpace="urn:citgml">urn:xplan:element:xplan:BP_EinfahrtPunkt</gml:identifier>
  <gml:name>xplan:BP_EinfahrtPunkt</gml:name>
  <gml:dictionaryEntry>
    <def:PropertyDefinition gml:id="xplan_BP_EinfahrtPunkt_richtung">
      <gml:description>Winkel-Richtung der Einfahrt (in Grad).</gml:description>
      <gml:identifier codeSpace="urn:citgml">urn:xplan:element:xplan:BP_EinfahrtPunkt:attribute:richtung</gml:identifier>
      <gml:name>xplan:richtung</gml:name>
      <def:cardinality>1</def:cardinality>
      <def:valueTypeRef xlink:href="urn:xplan:element::Angle" />
      <def:type>attribute</def:type>
    </def:PropertyDefinition>
  </gml:dictionaryEntry>
  <def:classification>featureType</def:classification>
  <def:supertypeRef xlink:href="urn:xplan:element:xplan:BP_Punktobjekt" />
</TypeDefinition>