﻿<!--Erzeugt mit KIT (www.kit.edu) UmlToXmlTransformation-Software, Erstellungsdatum: 09.09.2013 11:09:13-->
<TypeDefinition xmlns="http://www.interactive-instruments.de/ShapeChange/Definitions/0.5" xmlns:def="http://www.interactive-instruments.de/ShapeChange/Definitions/0.5" xmlns:gml="http://www.opengis.net/gml/3.2" xmlns:xlink="http://www.w3.org/1999/xlink" xmlns:xsi="http://www.w3.org/2001/XMLSchema-instance" xsi:schemaLocation="http://www.interactive-instruments.de/ShapeChange/Definitions/0.5 ../xsd/ShapeChangeDefinitions.xsd" gml:id="xplan_LP_SchutzobjektLandesrecht">
  <gml:description>Sonstige Schutzgebiete und Schutzobjekte nach Landesrecht.</gml:description>
  <gml:identifier codeSpace="urn:citgml">urn:xplan:element:xplan:LP_SchutzobjektLandesrecht</gml:identifier>
  <gml:name>xplan:LP_SchutzobjektLandesrecht</gml:name>
  <gml:dictionaryEntry>
    <def:PropertyDefinition gml:id="xplan_LP_SchutzobjektLandesrecht_detailTyp">
      <gml:description>Über eine CodeList definierter Typ des Schutzobjektes.</gml:description>
      <gml:identifier codeSpace="urn:citgml">urn:xplan:element:xplan:LP_SchutzobjektLandesrecht:attribute:detailTyp</gml:identifier>
      <gml:name>xplan:detailTyp</gml:name>
      <def:cardinality>0..1</def:cardinality>
      <def:valueTypeName>LP_SchutzobjektLandesrechtDetailTypen</def:valueTypeName>
      <def:type>attribute</def:type>
    </def:PropertyDefinition>
  </gml:dictionaryEntry>
  <def:classification>featureType</def:classification>
  <def:supertypeRef xlink:href="urn:xplan:element:xplan:LP_Geometrieobjekt" />
</TypeDefinition>