﻿<!--Erzeugt mit KIT (www.kit.edu) UmlToXmlTransformation-Software, Erstellungsdatum: 24.08.2012 09:29:22-->
<TypeDefinition xmlns="http://www.interactive-instruments.de/ShapeChange/Definitions/0.5" xmlns:def="http://www.interactive-instruments.de/ShapeChange/Definitions/0.5" xmlns:gml="http://www.opengis.net/gml/3.2" xmlns:xlink="http://www.w3.org/1999/xlink" xmlns:xsi="http://www.w3.org/2001/XMLSchema-instance" xsi:schemaLocation="http://www.interactive-instruments.de/ShapeChange/Definitions/0.5 ../xsd/ShapeChangeDefinitions.xsd" gml:id="xplan_RP_RLP_Rohstoffsicherung">
  <gml:description>Vorrang- und Vorbehaltsgebiete zur Rohstoffsicherung nach Abschnitt 4.3.8 der Hinheise und Erläuterungen zur Umsetzung des LEP IV.
</gml:description>
  <gml:identifier codeSpace="urn:citgml">urn:xplan:element:xplan:RP_RLP_Rohstoffsicherung</gml:identifier>
  <gml:name>xplan:RP_RLP_Rohstoffsicherung</gml:name>
  <gml:dictionaryEntry>
    <def:PropertyDefinition gml:id="xplan_RP_RLP_Rohstoffsicherung_lage">
      <gml:description />
      <gml:identifier codeSpace="urn:citgml">urn:xplan:element:xplan:RP_RLP_Rohstoffsicherung:attribute:lage</gml:identifier>
      <gml:name>xplan:lage</gml:name>
      <gml:dictionaryEntry>
        <ListedValueDefinition gml:id="xplan_RP_RLP_Rohstoffsicherung_lage_RP_RLP_RohstoffLage_1000">
          <gml:identifier codeSpace="urn:citgml">urn:xplan:enum:xplan:RP_RLP_Rohstoffsicherung:lage:RP_RLP_RohstoffLage:1000</gml:identifier>
          <gml:name>Obertaegig</gml:name>
        </ListedValueDefinition>
      </gml:dictionaryEntry>
      <gml:dictionaryEntry>
        <ListedValueDefinition gml:id="xplan_RP_RLP_Rohstoffsicherung_lage_RP_RLP_RohstoffLage_2000">
          <gml:identifier codeSpace="urn:citgml">urn:xplan:enum:xplan:RP_RLP_Rohstoffsicherung:lage:RP_RLP_RohstoffLage:2000</gml:identifier>
          <gml:name>Untertaegig</gml:name>
        </ListedValueDefinition>
      </gml:dictionaryEntry>
      <def:cardinality>0..1</def:cardinality>
      <def:valueTypeName>RP_RLP_RohstoffLage</def:valueTypeName>
      <def:type>attribute</def:type>
    </def:PropertyDefinition>
  </gml:dictionaryEntry>
  <def:classification>featureType</def:classification>
  <def:supertypeRef xlink:href="urn:xplan:element:xplan:RP_Rohstoffsicherung" />
</TypeDefinition>