﻿<!--Erzeugt mit KIT (www.kit.edu) UmlToXmlTransformation-Software, Erstellungsdatum: 09.09.2013 11:09:13-->
<TypeDefinition xmlns="http://www.interactive-instruments.de/ShapeChange/Definitions/0.5" xmlns:def="http://www.interactive-instruments.de/ShapeChange/Definitions/0.5" xmlns:gml="http://www.opengis.net/gml/3.2" xmlns:xlink="http://www.w3.org/1999/xlink" xmlns:xsi="http://www.w3.org/2001/XMLSchema-instance" xsi:schemaLocation="http://www.interactive-instruments.de/ShapeChange/Definitions/0.5 ../xsd/ShapeChangeDefinitions.xsd" gml:id="xplan_LP_SonstigesRecht">
  <gml:description>Gebiete und Gebietsteile mit rechtlichen Bindungen nach anderen Fachgesetzen (soweit sie für den Schutz, die Pflege und die Entwicklung von Natur und Landschaft bedeutsam sind). Hier: Sonstige Flächen und Gebiete (z.B. nach Jagdrecht).
</gml:description>
  <gml:identifier codeSpace="urn:citgml">urn:xplan:element:xplan:LP_SonstigesRecht</gml:identifier>
  <gml:name>xplan:LP_SonstigesRecht</gml:name>
  <gml:dictionaryEntry>
    <def:PropertyDefinition gml:id="xplan_LP_SonstigesRecht_typ">
      <gml:description>Typ des Schutzobjektes.</gml:description>
      <gml:identifier codeSpace="urn:citgml">urn:xplan:element:xplan:LP_SonstigesRecht:attribute:typ</gml:identifier>
      <gml:name>xplan:typ</gml:name>
      <gml:dictionaryEntry>
        <ListedValueDefinition gml:id="xplan_LP_SonstigesRecht_typ_LP_SonstRechtTypen_1000">
          <gml:identifier codeSpace="urn:citgml">urn:xplan:enum:xplan:LP_SonstigesRecht:typ:LP_SonstRechtTypen:1000</gml:identifier>
          <gml:name>Jagdgesetz</gml:name>
        </ListedValueDefinition>
      </gml:dictionaryEntry>
      <gml:dictionaryEntry>
        <ListedValueDefinition gml:id="xplan_LP_SonstigesRecht_typ_LP_SonstRechtTypen_2000">
          <gml:identifier codeSpace="urn:citgml">urn:xplan:enum:xplan:LP_SonstigesRecht:typ:LP_SonstRechtTypen:2000</gml:identifier>
          <gml:name>Fischereigesetz</gml:name>
        </ListedValueDefinition>
      </gml:dictionaryEntry>
      <gml:dictionaryEntry>
        <ListedValueDefinition gml:id="xplan_LP_SonstigesRecht_typ_LP_SonstRechtTypen_9999">
          <gml:identifier codeSpace="urn:citgml">urn:xplan:enum:xplan:LP_SonstigesRecht:typ:LP_SonstRechtTypen:9999</gml:identifier>
          <gml:name>Sonstiges</gml:name>
        </ListedValueDefinition>
      </gml:dictionaryEntry>
      <def:cardinality>0..1</def:cardinality>
      <def:valueTypeName>LP_SonstRechtTypen</def:valueTypeName>
      <def:type>attribute</def:type>
    </def:PropertyDefinition>
  </gml:dictionaryEntry>
  <gml:dictionaryEntry>
    <def:PropertyDefinition gml:id="xplan_LP_SonstigesRecht_detailTyp">
      <gml:description>Über eine CodeList definierter zusätzlicher Typ des Schutzobjektes.</gml:description>
      <gml:identifier codeSpace="urn:citgml">urn:xplan:element:xplan:LP_SonstigesRecht:attribute:detailTyp</gml:identifier>
      <gml:name>xplan:detailTyp</gml:name>
      <def:cardinality>0..1</def:cardinality>
      <def:valueTypeName>LP_SonstRechtDetailTypen</def:valueTypeName>
      <def:type>attribute</def:type>
    </def:PropertyDefinition>
  </gml:dictionaryEntry>
  <def:classification>featureType</def:classification>
  <def:supertypeRef xlink:href="urn:xplan:element:xplan:LP_Geometrieobjekt" />
</TypeDefinition>