﻿<!--Erzeugt mit KIT (www.kit.edu) UmlToXmlTransformation-Software, Erstellungsdatum: 09.09.2013 11:08:46-->
<TypeDefinition xmlns="http://www.interactive-instruments.de/ShapeChange/Definitions/0.5" xmlns:def="http://www.interactive-instruments.de/ShapeChange/Definitions/0.5" xmlns:gml="http://www.opengis.net/gml/3.2" xmlns:xlink="http://www.w3.org/1999/xlink" xmlns:xsi="http://www.w3.org/2001/XMLSchema-instance" xsi:schemaLocation="http://www.interactive-instruments.de/ShapeChange/Definitions/0.5 ../xsd/ShapeChangeDefinitions.xsd" gml:id="xplan_BP_RasterplanAenderung">
  <gml:description>Georeferenziertes Rasterbild der Änderung eines Basisplans. Die abgeleitete Klasse besitzt Datums-Attribute, die spezifisch für Bebauungspläne sind.
</gml:description>
  <gml:identifier codeSpace="urn:citgml">urn:xplan:element:xplan:BP_RasterplanAenderung</gml:identifier>
  <gml:name>xplan:BP_RasterplanAenderung</gml:name>
  <gml:dictionaryEntry>
    <def:PropertyDefinition gml:id="xplan_BP_RasterplanAenderung_aufstellungsbeschlussDatum">
      <gml:description>Datum des Aufstellungsbeschlusses</gml:description>
      <gml:identifier codeSpace="urn:citgml">urn:xplan:element:xplan:BP_RasterplanAenderung:attribute:aufstellungsbeschlussDatum</gml:identifier>
      <gml:name>xplan:aufstellungsbeschlussDatum</gml:name>
      <def:cardinality>0..1</def:cardinality>
      <def:valueTypeRef xlink:href="urn:xplan:element::Date" />
      <def:type>attribute</def:type>
    </def:PropertyDefinition>
  </gml:dictionaryEntry>
  <gml:dictionaryEntry>
    <def:PropertyDefinition gml:id="xplan_BP_RasterplanAenderung_auslegungsStartDatum">
      <gml:description>Start-Datum der öffentlichen Auslegung.</gml:description>
      <gml:identifier codeSpace="urn:citgml">urn:xplan:element:xplan:BP_RasterplanAenderung:attribute:auslegungsStartDatum</gml:identifier>
      <gml:name>xplan:auslegungsStartDatum</gml:name>
      <def:cardinality>0..*</def:cardinality>
      <def:valueTypeRef xlink:href="urn:xplan:element::Date" />
      <def:type>attribute</def:type>
    </def:PropertyDefinition>
  </gml:dictionaryEntry>
  <gml:dictionaryEntry>
    <def:PropertyDefinition gml:id="xplan_BP_RasterplanAenderung_auslegungsEndDatum">
      <gml:description>End-Datum der öffentlichen Auslegung.</gml:description>
      <gml:identifier codeSpace="urn:citgml">urn:xplan:element:xplan:BP_RasterplanAenderung:attribute:auslegungsEndDatum</gml:identifier>
      <gml:name>xplan:auslegungsEndDatum</gml:name>
      <def:cardinality>0..*</def:cardinality>
      <def:valueTypeRef xlink:href="urn:xplan:element::Date" />
      <def:type>attribute</def:type>
    </def:PropertyDefinition>
  </gml:dictionaryEntry>
  <gml:dictionaryEntry>
    <def:PropertyDefinition gml:id="xplan_BP_RasterplanAenderung_traegerbeteiligungsStartDatum">
      <gml:description>Start-Datum der Trägerbeteiligung.</gml:description>
      <gml:identifier codeSpace="urn:citgml">urn:xplan:element:xplan:BP_RasterplanAenderung:attribute:traegerbeteiligungsStartDatum</gml:identifier>
      <gml:name>xplan:traegerbeteiligungsStartDatum</gml:name>
      <def:cardinality>0..*</def:cardinality>
      <def:valueTypeRef xlink:href="urn:xplan:element::Date" />
      <def:type>attribute</def:type>
    </def:PropertyDefinition>
  </gml:dictionaryEntry>
  <gml:dictionaryEntry>
    <def:PropertyDefinition gml:id="xplan_BP_RasterplanAenderung_traegerbeteiligungsEndDatum">
      <gml:description>End-Datum der Trägerbeteiligung.</gml:description>
      <gml:identifier codeSpace="urn:citgml">urn:xplan:element:xplan:BP_RasterplanAenderung:attribute:traegerbeteiligungsEndDatum</gml:identifier>
      <gml:name>xplan:traegerbeteiligungsEndDatum</gml:name>
      <def:cardinality>0..*</def:cardinality>
      <def:valueTypeRef xlink:href="urn:xplan:element::Date" />
      <def:type>attribute</def:type>
    </def:PropertyDefinition>
  </gml:dictionaryEntry>
  <gml:dictionaryEntry>
    <def:PropertyDefinition gml:id="xplan_BP_RasterplanAenderung_veraenderungssperreDatum">
      <gml:description>Datum einer Veränderungssperre</gml:description>
      <gml:identifier codeSpace="urn:citgml">urn:xplan:element:xplan:BP_RasterplanAenderung:attribute:veraenderungssperreDatum</gml:identifier>
      <gml:name>xplan:veraenderungssperreDatum</gml:name>
      <def:cardinality>0..1</def:cardinality>
      <def:valueTypeRef xlink:href="urn:xplan:element::Date" />
      <def:type>attribute</def:type>
    </def:PropertyDefinition>
  </gml:dictionaryEntry>
  <gml:dictionaryEntry>
    <def:PropertyDefinition gml:id="xplan_BP_RasterplanAenderung_satzungsbeschlussDatum">
      <gml:description>Datum des Satzungsbeschlusses der Änderung.</gml:description>
      <gml:identifier codeSpace="urn:citgml">urn:xplan:element:xplan:BP_RasterplanAenderung:attribute:satzungsbeschlussDatum</gml:identifier>
      <gml:name>xplan:satzungsbeschlussDatum</gml:name>
      <def:cardinality>0..1</def:cardinality>
      <def:valueTypeRef xlink:href="urn:xplan:element::Date" />
      <def:type>attribute</def:type>
    </def:PropertyDefinition>
  </gml:dictionaryEntry>
  <gml:dictionaryEntry>
    <def:PropertyDefinition gml:id="xplan_BP_RasterplanAenderung_rechtsverordnungsDatum">
      <gml:description>Datum der Rechtsverordnung</gml:description>
      <gml:identifier codeSpace="urn:citgml">urn:xplan:element:xplan:BP_RasterplanAenderung:attribute:rechtsverordnungsDatum</gml:identifier>
      <gml:name>xplan:rechtsverordnungsDatum</gml:name>
      <def:cardinality>0..1</def:cardinality>
      <def:valueTypeRef xlink:href="urn:xplan:element::Date" />
      <def:type>attribute</def:type>
    </def:PropertyDefinition>
  </gml:dictionaryEntry>
  <gml:dictionaryEntry>
    <def:PropertyDefinition gml:id="xplan_BP_RasterplanAenderung_inkrafttretensDatum">
      <gml:description>Datum des Inkrafttretens der Änderung</gml:description>
      <gml:identifier codeSpace="urn:citgml">urn:xplan:element:xplan:BP_RasterplanAenderung:attribute:inkrafttretensDatum</gml:identifier>
      <gml:name>xplan:inkrafttretensDatum</gml:name>
      <def:cardinality>0..1</def:cardinality>
      <def:valueTypeRef xlink:href="urn:xplan:element::Date" />
      <def:type>attribute</def:type>
    </def:PropertyDefinition>
  </gml:dictionaryEntry>
  <def:classification>featureType</def:classification>
  <def:supertypeRef xlink:href="urn:xplan:element:xplan:XP_RasterplanAenderung" />
</TypeDefinition>