﻿<!--Erzeugt mit KIT (www.kit.edu) UmlToXmlTransformation-Software, Erstellungsdatum: 09.09.2013 11:08:55-->
<TypeDefinition xmlns="http://www.interactive-instruments.de/ShapeChange/Definitions/0.5" xmlns:def="http://www.interactive-instruments.de/ShapeChange/Definitions/0.5" xmlns:gml="http://www.opengis.net/gml/3.2" xmlns:xlink="http://www.w3.org/1999/xlink" xmlns:xsi="http://www.w3.org/2001/XMLSchema-instance" xsi:schemaLocation="http://www.interactive-instruments.de/ShapeChange/Definitions/0.5 ../xsd/ShapeChangeDefinitions.xsd" gml:id="xplan_FP_AufschuettungsFlaeche">
  <gml:description>Flächen für Aufschüttungen, Abgrabungen oder für die Gewinnung von Bodenschätzen (§5, Abs. 2, Nr. 8 BauGB). Hier: Flächen für Aufschüttungen. &lt;b&gt;Diese Klasse ist ab Version 4.1 als "veraltet" gekennzeichnet, es sollte stattdessen &lt;/b&gt;&lt;b&gt;&lt;i&gt;FP_Aufschuettung &lt;/i&gt;&lt;/b&gt;&lt;b&gt;mit Flächengeometrie benutzt werden.&lt;/b&gt;
</gml:description>
  <gml:identifier codeSpace="urn:citgml">urn:xplan:element:xplan:FP_AufschuettungsFlaeche</gml:identifier>
  <gml:name>xplan:FP_AufschuettungsFlaeche</gml:name>
  <def:classification>featureType</def:classification>
  <def:supertypeRef xlink:href="urn:xplan:element:xplan:FP_Flaechenobjekt" />
</TypeDefinition>