﻿<!--Erzeugt mit KIT (www.kit.edu) UmlToXmlTransformation-Software, Erstellungsdatum: 09.09.2013 11:08:37-->
<TypeDefinition xmlns="http://www.interactive-instruments.de/ShapeChange/Definitions/0.5" xmlns:def="http://www.interactive-instruments.de/ShapeChange/Definitions/0.5" xmlns:gml="http://www.opengis.net/gml/3.2" xmlns:xlink="http://www.w3.org/1999/xlink" xmlns:xsi="http://www.w3.org/2001/XMLSchema-instance" xsi:schemaLocation="http://www.interactive-instruments.de/ShapeChange/Definitions/0.5 ../xsd/ShapeChangeDefinitions.xsd" gml:id="xplan_BP_GemeinschaftsanlagenFlaeche">
  <gml:description>Fläche für Gemeinschaftsanlagen für bestimmte räumliche Bereiche wie    Kinderspielplätze, Freizeiteinrichtungen, Stellplätze und Garagen (§9 Abs. 22 BauGB)
</gml:description>
  <gml:identifier codeSpace="urn:citgml">urn:xplan:element:xplan:BP_GemeinschaftsanlagenFlaeche</gml:identifier>
  <gml:name>xplan:BP_GemeinschaftsanlagenFlaeche</gml:name>
  <gml:dictionaryEntry>
    <def:PropertyDefinition gml:id="xplan_BP_GemeinschaftsanlagenFlaeche_zweckbestimmung">
      <gml:description>Zweckbestimmung der Fläche</gml:description>
      <gml:identifier codeSpace="urn:citgml">urn:xplan:element:xplan:BP_GemeinschaftsanlagenFlaeche:attribute:zweckbestimmung</gml:identifier>
      <gml:name>xplan:zweckbestimmung</gml:name>
      <gml:dictionaryEntry>
        <ListedValueDefinition gml:id="xplan_BP_GemeinschaftsanlagenFlaeche_zweckbestimmung_BP_ZweckbestimmungGemeinschaftsanlagen_1000">
          <gml:description>Gemeinschaftliche Stellplätze</gml:description>
          <gml:identifier codeSpace="urn:citgml">urn:xplan:enum:xplan:BP_GemeinschaftsanlagenFlaeche:zweckbestimmung:BP_ZweckbestimmungGemeinschaftsanlagen:1000</gml:identifier>
          <gml:name>Gemeinschaftsstellplaetze</gml:name>
        </ListedValueDefinition>
      </gml:dictionaryEntry>
      <gml:dictionaryEntry>
        <ListedValueDefinition gml:id="xplan_BP_GemeinschaftsanlagenFlaeche_zweckbestimmung_BP_ZweckbestimmungGemeinschaftsanlagen_2000">
          <gml:description>Gemeinschaftsgaragen</gml:description>
          <gml:identifier codeSpace="urn:citgml">urn:xplan:enum:xplan:BP_GemeinschaftsanlagenFlaeche:zweckbestimmung:BP_ZweckbestimmungGemeinschaftsanlagen:2000</gml:identifier>
          <gml:name>Gemeinschaftsgaragen</gml:name>
        </ListedValueDefinition>
      </gml:dictionaryEntry>
      <gml:dictionaryEntry>
        <ListedValueDefinition gml:id="xplan_BP_GemeinschaftsanlagenFlaeche_zweckbestimmung_BP_ZweckbestimmungGemeinschaftsanlagen_3000">
          <gml:description>Spielplatz</gml:description>
          <gml:identifier codeSpace="urn:citgml">urn:xplan:enum:xplan:BP_GemeinschaftsanlagenFlaeche:zweckbestimmung:BP_ZweckbestimmungGemeinschaftsanlagen:3000</gml:identifier>
          <gml:name>Spielplatz</gml:name>
        </ListedValueDefinition>
      </gml:dictionaryEntry>
      <gml:dictionaryEntry>
        <ListedValueDefinition gml:id="xplan_BP_GemeinschaftsanlagenFlaeche_zweckbestimmung_BP_ZweckbestimmungGemeinschaftsanlagen_3100">
          <gml:description>Carport</gml:description>
          <gml:identifier codeSpace="urn:citgml">urn:xplan:enum:xplan:BP_GemeinschaftsanlagenFlaeche:zweckbestimmung:BP_ZweckbestimmungGemeinschaftsanlagen:3100</gml:identifier>
          <gml:name>Carport</gml:name>
        </ListedValueDefinition>
      </gml:dictionaryEntry>
      <gml:dictionaryEntry>
        <ListedValueDefinition gml:id="xplan_BP_GemeinschaftsanlagenFlaeche_zweckbestimmung_BP_ZweckbestimmungGemeinschaftsanlagen_3200">
          <gml:description>Gemeinschafts-Tiefgarage</gml:description>
          <gml:identifier codeSpace="urn:citgml">urn:xplan:enum:xplan:BP_GemeinschaftsanlagenFlaeche:zweckbestimmung:BP_ZweckbestimmungGemeinschaftsanlagen:3200</gml:identifier>
          <gml:name>GemeinschaftsTiefgarage</gml:name>
        </ListedValueDefinition>
      </gml:dictionaryEntry>
      <gml:dictionaryEntry>
        <ListedValueDefinition gml:id="xplan_BP_GemeinschaftsanlagenFlaeche_zweckbestimmung_BP_ZweckbestimmungGemeinschaftsanlagen_3300">
          <gml:description>Nebengebäude</gml:description>
          <gml:identifier codeSpace="urn:citgml">urn:xplan:enum:xplan:BP_GemeinschaftsanlagenFlaeche:zweckbestimmung:BP_ZweckbestimmungGemeinschaftsanlagen:3300</gml:identifier>
          <gml:name>Nebengebaeude</gml:name>
        </ListedValueDefinition>
      </gml:dictionaryEntry>
      <gml:dictionaryEntry>
        <ListedValueDefinition gml:id="xplan_BP_GemeinschaftsanlagenFlaeche_zweckbestimmung_BP_ZweckbestimmungGemeinschaftsanlagen_3400">
          <gml:description>Abfall-Sammelanlagen</gml:description>
          <gml:identifier codeSpace="urn:citgml">urn:xplan:enum:xplan:BP_GemeinschaftsanlagenFlaeche:zweckbestimmung:BP_ZweckbestimmungGemeinschaftsanlagen:3400</gml:identifier>
          <gml:name>AbfallSammelanlagen</gml:name>
        </ListedValueDefinition>
      </gml:dictionaryEntry>
      <gml:dictionaryEntry>
        <ListedValueDefinition gml:id="xplan_BP_GemeinschaftsanlagenFlaeche_zweckbestimmung_BP_ZweckbestimmungGemeinschaftsanlagen_3500">
          <gml:description>Energie-Verteilungsanlagen</gml:description>
          <gml:identifier codeSpace="urn:citgml">urn:xplan:enum:xplan:BP_GemeinschaftsanlagenFlaeche:zweckbestimmung:BP_ZweckbestimmungGemeinschaftsanlagen:3500</gml:identifier>
          <gml:name>EnergieVerteilungsanlagen</gml:name>
        </ListedValueDefinition>
      </gml:dictionaryEntry>
      <gml:dictionaryEntry>
        <ListedValueDefinition gml:id="xplan_BP_GemeinschaftsanlagenFlaeche_zweckbestimmung_BP_ZweckbestimmungGemeinschaftsanlagen_3600">
          <gml:description>Abfall-Wertstoffbehälter</gml:description>
          <gml:identifier codeSpace="urn:citgml">urn:xplan:enum:xplan:BP_GemeinschaftsanlagenFlaeche:zweckbestimmung:BP_ZweckbestimmungGemeinschaftsanlagen:3600</gml:identifier>
          <gml:name>AbfallWertstoffbehaelter</gml:name>
        </ListedValueDefinition>
      </gml:dictionaryEntry>
      <gml:dictionaryEntry>
        <ListedValueDefinition gml:id="xplan_BP_GemeinschaftsanlagenFlaeche_zweckbestimmung_BP_ZweckbestimmungGemeinschaftsanlagen_3700">
          <gml:description>Freizeiteinrichtungen</gml:description>
          <gml:identifier codeSpace="urn:citgml">urn:xplan:enum:xplan:BP_GemeinschaftsanlagenFlaeche:zweckbestimmung:BP_ZweckbestimmungGemeinschaftsanlagen:3700</gml:identifier>
          <gml:name>Freizeiteinrichtungen</gml:name>
        </ListedValueDefinition>
      </gml:dictionaryEntry>
      <gml:dictionaryEntry>
        <ListedValueDefinition gml:id="xplan_BP_GemeinschaftsanlagenFlaeche_zweckbestimmung_BP_ZweckbestimmungGemeinschaftsanlagen_3800">
          <gml:description>Lärmschutz-Anlagen</gml:description>
          <gml:identifier codeSpace="urn:citgml">urn:xplan:enum:xplan:BP_GemeinschaftsanlagenFlaeche:zweckbestimmung:BP_ZweckbestimmungGemeinschaftsanlagen:3800</gml:identifier>
          <gml:name>Laermschutzanlagen</gml:name>
        </ListedValueDefinition>
      </gml:dictionaryEntry>
      <gml:dictionaryEntry>
        <ListedValueDefinition gml:id="xplan_BP_GemeinschaftsanlagenFlaeche_zweckbestimmung_BP_ZweckbestimmungGemeinschaftsanlagen_3900">
          <gml:description>Anlagen für Abwasser oder Regenwasser</gml:description>
          <gml:identifier codeSpace="urn:citgml">urn:xplan:enum:xplan:BP_GemeinschaftsanlagenFlaeche:zweckbestimmung:BP_ZweckbestimmungGemeinschaftsanlagen:3900</gml:identifier>
          <gml:name>AbwasserRegenwasser</gml:name>
        </ListedValueDefinition>
      </gml:dictionaryEntry>
      <gml:dictionaryEntry>
        <ListedValueDefinition gml:id="xplan_BP_GemeinschaftsanlagenFlaeche_zweckbestimmung_BP_ZweckbestimmungGemeinschaftsanlagen_4000">
          <gml:description>Fläche für Ausgleichsmaßnahmen</gml:description>
          <gml:identifier codeSpace="urn:citgml">urn:xplan:enum:xplan:BP_GemeinschaftsanlagenFlaeche:zweckbestimmung:BP_ZweckbestimmungGemeinschaftsanlagen:4000</gml:identifier>
          <gml:name>Ausgleichsmassnahmen</gml:name>
        </ListedValueDefinition>
      </gml:dictionaryEntry>
      <gml:dictionaryEntry>
        <ListedValueDefinition gml:id="xplan_BP_GemeinschaftsanlagenFlaeche_zweckbestimmung_BP_ZweckbestimmungGemeinschaftsanlagen_9999">
          <gml:description>Sonstige Zweckbestimmung</gml:description>
          <gml:identifier codeSpace="urn:citgml">urn:xplan:enum:xplan:BP_GemeinschaftsanlagenFlaeche:zweckbestimmung:BP_ZweckbestimmungGemeinschaftsanlagen:9999</gml:identifier>
          <gml:name>Sonstiges</gml:name>
        </ListedValueDefinition>
      </gml:dictionaryEntry>
      <def:cardinality>0..*</def:cardinality>
      <def:valueTypeName>BP_ZweckbestimmungGemeinschaftsanlagen</def:valueTypeName>
      <def:type>attribute</def:type>
    </def:PropertyDefinition>
  </gml:dictionaryEntry>
  <gml:dictionaryEntry>
    <def:PropertyDefinition gml:id="xplan_BP_GemeinschaftsanlagenFlaeche_weitereZweckbestimmung1">
      <gml:description>Weitere Zweckbestimmung der Fläche. &lt;b&gt;Dies Attribut ist ab Version 4.1 als "veraltet" gekennzeichnet, es sollte stattdessen &lt;/b&gt;&lt;b&gt;&lt;i&gt;zweckbestimmung &lt;/i&gt;&lt;/b&gt;&lt;b&gt;mehrfach belegt werden.&lt;/b&gt;
</gml:description>
      <gml:identifier codeSpace="urn:citgml">urn:xplan:element:xplan:BP_GemeinschaftsanlagenFlaeche:attribute:weitereZweckbestimmung1</gml:identifier>
      <gml:name>xplan:weitereZweckbestimmung1</gml:name>
      <gml:dictionaryEntry>
        <ListedValueDefinition gml:id="xplan_BP_GemeinschaftsanlagenFlaeche_weitereZweckbestimmung1_BP_ZweckbestimmungGemeinschaftsanlagen_1000">
          <gml:description>Gemeinschaftliche Stellplätze</gml:description>
          <gml:identifier codeSpace="urn:citgml">urn:xplan:enum:xplan:BP_GemeinschaftsanlagenFlaeche:weitereZweckbestimmung1:BP_ZweckbestimmungGemeinschaftsanlagen:1000</gml:identifier>
          <gml:name>Gemeinschaftsstellplaetze</gml:name>
        </ListedValueDefinition>
      </gml:dictionaryEntry>
      <gml:dictionaryEntry>
        <ListedValueDefinition gml:id="xplan_BP_GemeinschaftsanlagenFlaeche_weitereZweckbestimmung1_BP_ZweckbestimmungGemeinschaftsanlagen_2000">
          <gml:description>Gemeinschaftsgaragen</gml:description>
          <gml:identifier codeSpace="urn:citgml">urn:xplan:enum:xplan:BP_GemeinschaftsanlagenFlaeche:weitereZweckbestimmung1:BP_ZweckbestimmungGemeinschaftsanlagen:2000</gml:identifier>
          <gml:name>Gemeinschaftsgaragen</gml:name>
        </ListedValueDefinition>
      </gml:dictionaryEntry>
      <gml:dictionaryEntry>
        <ListedValueDefinition gml:id="xplan_BP_GemeinschaftsanlagenFlaeche_weitereZweckbestimmung1_BP_ZweckbestimmungGemeinschaftsanlagen_3000">
          <gml:description>Spielplatz</gml:description>
          <gml:identifier codeSpace="urn:citgml">urn:xplan:enum:xplan:BP_GemeinschaftsanlagenFlaeche:weitereZweckbestimmung1:BP_ZweckbestimmungGemeinschaftsanlagen:3000</gml:identifier>
          <gml:name>Spielplatz</gml:name>
        </ListedValueDefinition>
      </gml:dictionaryEntry>
      <gml:dictionaryEntry>
        <ListedValueDefinition gml:id="xplan_BP_GemeinschaftsanlagenFlaeche_weitereZweckbestimmung1_BP_ZweckbestimmungGemeinschaftsanlagen_3100">
          <gml:description>Carport</gml:description>
          <gml:identifier codeSpace="urn:citgml">urn:xplan:enum:xplan:BP_GemeinschaftsanlagenFlaeche:weitereZweckbestimmung1:BP_ZweckbestimmungGemeinschaftsanlagen:3100</gml:identifier>
          <gml:name>Carport</gml:name>
        </ListedValueDefinition>
      </gml:dictionaryEntry>
      <gml:dictionaryEntry>
        <ListedValueDefinition gml:id="xplan_BP_GemeinschaftsanlagenFlaeche_weitereZweckbestimmung1_BP_ZweckbestimmungGemeinschaftsanlagen_3200">
          <gml:description>Gemeinschafts-Tiefgarage</gml:description>
          <gml:identifier codeSpace="urn:citgml">urn:xplan:enum:xplan:BP_GemeinschaftsanlagenFlaeche:weitereZweckbestimmung1:BP_ZweckbestimmungGemeinschaftsanlagen:3200</gml:identifier>
          <gml:name>GemeinschaftsTiefgarage</gml:name>
        </ListedValueDefinition>
      </gml:dictionaryEntry>
      <gml:dictionaryEntry>
        <ListedValueDefinition gml:id="xplan_BP_GemeinschaftsanlagenFlaeche_weitereZweckbestimmung1_BP_ZweckbestimmungGemeinschaftsanlagen_3300">
          <gml:description>Nebengebäude</gml:description>
          <gml:identifier codeSpace="urn:citgml">urn:xplan:enum:xplan:BP_GemeinschaftsanlagenFlaeche:weitereZweckbestimmung1:BP_ZweckbestimmungGemeinschaftsanlagen:3300</gml:identifier>
          <gml:name>Nebengebaeude</gml:name>
        </ListedValueDefinition>
      </gml:dictionaryEntry>
      <gml:dictionaryEntry>
        <ListedValueDefinition gml:id="xplan_BP_GemeinschaftsanlagenFlaeche_weitereZweckbestimmung1_BP_ZweckbestimmungGemeinschaftsanlagen_3400">
          <gml:description>Abfall-Sammelanlagen</gml:description>
          <gml:identifier codeSpace="urn:citgml">urn:xplan:enum:xplan:BP_GemeinschaftsanlagenFlaeche:weitereZweckbestimmung1:BP_ZweckbestimmungGemeinschaftsanlagen:3400</gml:identifier>
          <gml:name>AbfallSammelanlagen</gml:name>
        </ListedValueDefinition>
      </gml:dictionaryEntry>
      <gml:dictionaryEntry>
        <ListedValueDefinition gml:id="xplan_BP_GemeinschaftsanlagenFlaeche_weitereZweckbestimmung1_BP_ZweckbestimmungGemeinschaftsanlagen_3500">
          <gml:description>Energie-Verteilungsanlagen</gml:description>
          <gml:identifier codeSpace="urn:citgml">urn:xplan:enum:xplan:BP_GemeinschaftsanlagenFlaeche:weitereZweckbestimmung1:BP_ZweckbestimmungGemeinschaftsanlagen:3500</gml:identifier>
          <gml:name>EnergieVerteilungsanlagen</gml:name>
        </ListedValueDefinition>
      </gml:dictionaryEntry>
      <gml:dictionaryEntry>
        <ListedValueDefinition gml:id="xplan_BP_GemeinschaftsanlagenFlaeche_weitereZweckbestimmung1_BP_ZweckbestimmungGemeinschaftsanlagen_3600">
          <gml:description>Abfall-Wertstoffbehälter</gml:description>
          <gml:identifier codeSpace="urn:citgml">urn:xplan:enum:xplan:BP_GemeinschaftsanlagenFlaeche:weitereZweckbestimmung1:BP_ZweckbestimmungGemeinschaftsanlagen:3600</gml:identifier>
          <gml:name>AbfallWertstoffbehaelter</gml:name>
        </ListedValueDefinition>
      </gml:dictionaryEntry>
      <gml:dictionaryEntry>
        <ListedValueDefinition gml:id="xplan_BP_GemeinschaftsanlagenFlaeche_weitereZweckbestimmung1_BP_ZweckbestimmungGemeinschaftsanlagen_3700">
          <gml:description>Freizeiteinrichtungen</gml:description>
          <gml:identifier codeSpace="urn:citgml">urn:xplan:enum:xplan:BP_GemeinschaftsanlagenFlaeche:weitereZweckbestimmung1:BP_ZweckbestimmungGemeinschaftsanlagen:3700</gml:identifier>
          <gml:name>Freizeiteinrichtungen</gml:name>
        </ListedValueDefinition>
      </gml:dictionaryEntry>
      <gml:dictionaryEntry>
        <ListedValueDefinition gml:id="xplan_BP_GemeinschaftsanlagenFlaeche_weitereZweckbestimmung1_BP_ZweckbestimmungGemeinschaftsanlagen_3800">
          <gml:description>Lärmschutz-Anlagen</gml:description>
          <gml:identifier codeSpace="urn:citgml">urn:xplan:enum:xplan:BP_GemeinschaftsanlagenFlaeche:weitereZweckbestimmung1:BP_ZweckbestimmungGemeinschaftsanlagen:3800</gml:identifier>
          <gml:name>Laermschutzanlagen</gml:name>
        </ListedValueDefinition>
      </gml:dictionaryEntry>
      <gml:dictionaryEntry>
        <ListedValueDefinition gml:id="xplan_BP_GemeinschaftsanlagenFlaeche_weitereZweckbestimmung1_BP_ZweckbestimmungGemeinschaftsanlagen_3900">
          <gml:description>Anlagen für Abwasser oder Regenwasser</gml:description>
          <gml:identifier codeSpace="urn:citgml">urn:xplan:enum:xplan:BP_GemeinschaftsanlagenFlaeche:weitereZweckbestimmung1:BP_ZweckbestimmungGemeinschaftsanlagen:3900</gml:identifier>
          <gml:name>AbwasserRegenwasser</gml:name>
        </ListedValueDefinition>
      </gml:dictionaryEntry>
      <gml:dictionaryEntry>
        <ListedValueDefinition gml:id="xplan_BP_GemeinschaftsanlagenFlaeche_weitereZweckbestimmung1_BP_ZweckbestimmungGemeinschaftsanlagen_4000">
          <gml:description>Fläche für Ausgleichsmaßnahmen</gml:description>
          <gml:identifier codeSpace="urn:citgml">urn:xplan:enum:xplan:BP_GemeinschaftsanlagenFlaeche:weitereZweckbestimmung1:BP_ZweckbestimmungGemeinschaftsanlagen:4000</gml:identifier>
          <gml:name>Ausgleichsmassnahmen</gml:name>
        </ListedValueDefinition>
      </gml:dictionaryEntry>
      <gml:dictionaryEntry>
        <ListedValueDefinition gml:id="xplan_BP_GemeinschaftsanlagenFlaeche_weitereZweckbestimmung1_BP_ZweckbestimmungGemeinschaftsanlagen_9999">
          <gml:description>Sonstige Zweckbestimmung</gml:description>
          <gml:identifier codeSpace="urn:citgml">urn:xplan:enum:xplan:BP_GemeinschaftsanlagenFlaeche:weitereZweckbestimmung1:BP_ZweckbestimmungGemeinschaftsanlagen:9999</gml:identifier>
          <gml:name>Sonstiges</gml:name>
        </ListedValueDefinition>
      </gml:dictionaryEntry>
      <def:cardinality>0..1</def:cardinality>
      <def:valueTypeName>BP_ZweckbestimmungGemeinschaftsanlagen</def:valueTypeName>
      <def:type>attribute</def:type>
    </def:PropertyDefinition>
  </gml:dictionaryEntry>
  <gml:dictionaryEntry>
    <def:PropertyDefinition gml:id="xplan_BP_GemeinschaftsanlagenFlaeche_weitereZweckbestimmung2">
      <gml:description>Weitere Zweckbestimmung der Fläche. &lt;b&gt;Dies Attribut ist ab Version 4.1 als "veraltet" gekennzeichnet, es sollte stattdessen &lt;/b&gt;&lt;b&gt;&lt;i&gt;zweckbestimmung &lt;/i&gt;&lt;/b&gt;&lt;b&gt;mehrfach belegt werden.&lt;/b&gt;
</gml:description>
      <gml:identifier codeSpace="urn:citgml">urn:xplan:element:xplan:BP_GemeinschaftsanlagenFlaeche:attribute:weitereZweckbestimmung2</gml:identifier>
      <gml:name>xplan:weitereZweckbestimmung2</gml:name>
      <gml:dictionaryEntry>
        <ListedValueDefinition gml:id="xplan_BP_GemeinschaftsanlagenFlaeche_weitereZweckbestimmung2_BP_ZweckbestimmungGemeinschaftsanlagen_1000">
          <gml:description>Gemeinschaftliche Stellplätze</gml:description>
          <gml:identifier codeSpace="urn:citgml">urn:xplan:enum:xplan:BP_GemeinschaftsanlagenFlaeche:weitereZweckbestimmung2:BP_ZweckbestimmungGemeinschaftsanlagen:1000</gml:identifier>
          <gml:name>Gemeinschaftsstellplaetze</gml:name>
        </ListedValueDefinition>
      </gml:dictionaryEntry>
      <gml:dictionaryEntry>
        <ListedValueDefinition gml:id="xplan_BP_GemeinschaftsanlagenFlaeche_weitereZweckbestimmung2_BP_ZweckbestimmungGemeinschaftsanlagen_2000">
          <gml:description>Gemeinschaftsgaragen</gml:description>
          <gml:identifier codeSpace="urn:citgml">urn:xplan:enum:xplan:BP_GemeinschaftsanlagenFlaeche:weitereZweckbestimmung2:BP_ZweckbestimmungGemeinschaftsanlagen:2000</gml:identifier>
          <gml:name>Gemeinschaftsgaragen</gml:name>
        </ListedValueDefinition>
      </gml:dictionaryEntry>
      <gml:dictionaryEntry>
        <ListedValueDefinition gml:id="xplan_BP_GemeinschaftsanlagenFlaeche_weitereZweckbestimmung2_BP_ZweckbestimmungGemeinschaftsanlagen_3000">
          <gml:description>Spielplatz</gml:description>
          <gml:identifier codeSpace="urn:citgml">urn:xplan:enum:xplan:BP_GemeinschaftsanlagenFlaeche:weitereZweckbestimmung2:BP_ZweckbestimmungGemeinschaftsanlagen:3000</gml:identifier>
          <gml:name>Spielplatz</gml:name>
        </ListedValueDefinition>
      </gml:dictionaryEntry>
      <gml:dictionaryEntry>
        <ListedValueDefinition gml:id="xplan_BP_GemeinschaftsanlagenFlaeche_weitereZweckbestimmung2_BP_ZweckbestimmungGemeinschaftsanlagen_3100">
          <gml:description>Carport</gml:description>
          <gml:identifier codeSpace="urn:citgml">urn:xplan:enum:xplan:BP_GemeinschaftsanlagenFlaeche:weitereZweckbestimmung2:BP_ZweckbestimmungGemeinschaftsanlagen:3100</gml:identifier>
          <gml:name>Carport</gml:name>
        </ListedValueDefinition>
      </gml:dictionaryEntry>
      <gml:dictionaryEntry>
        <ListedValueDefinition gml:id="xplan_BP_GemeinschaftsanlagenFlaeche_weitereZweckbestimmung2_BP_ZweckbestimmungGemeinschaftsanlagen_3200">
          <gml:description>Gemeinschafts-Tiefgarage</gml:description>
          <gml:identifier codeSpace="urn:citgml">urn:xplan:enum:xplan:BP_GemeinschaftsanlagenFlaeche:weitereZweckbestimmung2:BP_ZweckbestimmungGemeinschaftsanlagen:3200</gml:identifier>
          <gml:name>GemeinschaftsTiefgarage</gml:name>
        </ListedValueDefinition>
      </gml:dictionaryEntry>
      <gml:dictionaryEntry>
        <ListedValueDefinition gml:id="xplan_BP_GemeinschaftsanlagenFlaeche_weitereZweckbestimmung2_BP_ZweckbestimmungGemeinschaftsanlagen_3300">
          <gml:description>Nebengebäude</gml:description>
          <gml:identifier codeSpace="urn:citgml">urn:xplan:enum:xplan:BP_GemeinschaftsanlagenFlaeche:weitereZweckbestimmung2:BP_ZweckbestimmungGemeinschaftsanlagen:3300</gml:identifier>
          <gml:name>Nebengebaeude</gml:name>
        </ListedValueDefinition>
      </gml:dictionaryEntry>
      <gml:dictionaryEntry>
        <ListedValueDefinition gml:id="xplan_BP_GemeinschaftsanlagenFlaeche_weitereZweckbestimmung2_BP_ZweckbestimmungGemeinschaftsanlagen_3400">
          <gml:description>Abfall-Sammelanlagen</gml:description>
          <gml:identifier codeSpace="urn:citgml">urn:xplan:enum:xplan:BP_GemeinschaftsanlagenFlaeche:weitereZweckbestimmung2:BP_ZweckbestimmungGemeinschaftsanlagen:3400</gml:identifier>
          <gml:name>AbfallSammelanlagen</gml:name>
        </ListedValueDefinition>
      </gml:dictionaryEntry>
      <gml:dictionaryEntry>
        <ListedValueDefinition gml:id="xplan_BP_GemeinschaftsanlagenFlaeche_weitereZweckbestimmung2_BP_ZweckbestimmungGemeinschaftsanlagen_3500">
          <gml:description>Energie-Verteilungsanlagen</gml:description>
          <gml:identifier codeSpace="urn:citgml">urn:xplan:enum:xplan:BP_GemeinschaftsanlagenFlaeche:weitereZweckbestimmung2:BP_ZweckbestimmungGemeinschaftsanlagen:3500</gml:identifier>
          <gml:name>EnergieVerteilungsanlagen</gml:name>
        </ListedValueDefinition>
      </gml:dictionaryEntry>
      <gml:dictionaryEntry>
        <ListedValueDefinition gml:id="xplan_BP_GemeinschaftsanlagenFlaeche_weitereZweckbestimmung2_BP_ZweckbestimmungGemeinschaftsanlagen_3600">
          <gml:description>Abfall-Wertstoffbehälter</gml:description>
          <gml:identifier codeSpace="urn:citgml">urn:xplan:enum:xplan:BP_GemeinschaftsanlagenFlaeche:weitereZweckbestimmung2:BP_ZweckbestimmungGemeinschaftsanlagen:3600</gml:identifier>
          <gml:name>AbfallWertstoffbehaelter</gml:name>
        </ListedValueDefinition>
      </gml:dictionaryEntry>
      <gml:dictionaryEntry>
        <ListedValueDefinition gml:id="xplan_BP_GemeinschaftsanlagenFlaeche_weitereZweckbestimmung2_BP_ZweckbestimmungGemeinschaftsanlagen_3700">
          <gml:description>Freizeiteinrichtungen</gml:description>
          <gml:identifier codeSpace="urn:citgml">urn:xplan:enum:xplan:BP_GemeinschaftsanlagenFlaeche:weitereZweckbestimmung2:BP_ZweckbestimmungGemeinschaftsanlagen:3700</gml:identifier>
          <gml:name>Freizeiteinrichtungen</gml:name>
        </ListedValueDefinition>
      </gml:dictionaryEntry>
      <gml:dictionaryEntry>
        <ListedValueDefinition gml:id="xplan_BP_GemeinschaftsanlagenFlaeche_weitereZweckbestimmung2_BP_ZweckbestimmungGemeinschaftsanlagen_3800">
          <gml:description>Lärmschutz-Anlagen</gml:description>
          <gml:identifier codeSpace="urn:citgml">urn:xplan:enum:xplan:BP_GemeinschaftsanlagenFlaeche:weitereZweckbestimmung2:BP_ZweckbestimmungGemeinschaftsanlagen:3800</gml:identifier>
          <gml:name>Laermschutzanlagen</gml:name>
        </ListedValueDefinition>
      </gml:dictionaryEntry>
      <gml:dictionaryEntry>
        <ListedValueDefinition gml:id="xplan_BP_GemeinschaftsanlagenFlaeche_weitereZweckbestimmung2_BP_ZweckbestimmungGemeinschaftsanlagen_3900">
          <gml:description>Anlagen für Abwasser oder Regenwasser</gml:description>
          <gml:identifier codeSpace="urn:citgml">urn:xplan:enum:xplan:BP_GemeinschaftsanlagenFlaeche:weitereZweckbestimmung2:BP_ZweckbestimmungGemeinschaftsanlagen:3900</gml:identifier>
          <gml:name>AbwasserRegenwasser</gml:name>
        </ListedValueDefinition>
      </gml:dictionaryEntry>
      <gml:dictionaryEntry>
        <ListedValueDefinition gml:id="xplan_BP_GemeinschaftsanlagenFlaeche_weitereZweckbestimmung2_BP_ZweckbestimmungGemeinschaftsanlagen_4000">
          <gml:description>Fläche für Ausgleichsmaßnahmen</gml:description>
          <gml:identifier codeSpace="urn:citgml">urn:xplan:enum:xplan:BP_GemeinschaftsanlagenFlaeche:weitereZweckbestimmung2:BP_ZweckbestimmungGemeinschaftsanlagen:4000</gml:identifier>
          <gml:name>Ausgleichsmassnahmen</gml:name>
        </ListedValueDefinition>
      </gml:dictionaryEntry>
      <gml:dictionaryEntry>
        <ListedValueDefinition gml:id="xplan_BP_GemeinschaftsanlagenFlaeche_weitereZweckbestimmung2_BP_ZweckbestimmungGemeinschaftsanlagen_9999">
          <gml:description>Sonstige Zweckbestimmung</gml:description>
          <gml:identifier codeSpace="urn:citgml">urn:xplan:enum:xplan:BP_GemeinschaftsanlagenFlaeche:weitereZweckbestimmung2:BP_ZweckbestimmungGemeinschaftsanlagen:9999</gml:identifier>
          <gml:name>Sonstiges</gml:name>
        </ListedValueDefinition>
      </gml:dictionaryEntry>
      <def:cardinality>0..1</def:cardinality>
      <def:valueTypeName>BP_ZweckbestimmungGemeinschaftsanlagen</def:valueTypeName>
      <def:type>attribute</def:type>
    </def:PropertyDefinition>
  </gml:dictionaryEntry>
  <gml:dictionaryEntry>
    <def:PropertyDefinition gml:id="xplan_BP_GemeinschaftsanlagenFlaeche_weitereZweckbestimmung3">
      <gml:description>Weitere Zweckbestimmung der Fläche. &lt;b&gt;Dies Attribut ist ab Version 4.1 als "veraltet" gekennzeichnet, es sollte stattdessen &lt;/b&gt;&lt;b&gt;&lt;i&gt;zweckbestimmung &lt;/i&gt;&lt;/b&gt;&lt;b&gt;mehrfach belegt werden.&lt;/b&gt;
</gml:description>
      <gml:identifier codeSpace="urn:citgml">urn:xplan:element:xplan:BP_GemeinschaftsanlagenFlaeche:attribute:weitereZweckbestimmung3</gml:identifier>
      <gml:name>xplan:weitereZweckbestimmung3</gml:name>
      <gml:dictionaryEntry>
        <ListedValueDefinition gml:id="xplan_BP_GemeinschaftsanlagenFlaeche_weitereZweckbestimmung3_BP_ZweckbestimmungGemeinschaftsanlagen_1000">
          <gml:description>Gemeinschaftliche Stellplätze</gml:description>
          <gml:identifier codeSpace="urn:citgml">urn:xplan:enum:xplan:BP_GemeinschaftsanlagenFlaeche:weitereZweckbestimmung3:BP_ZweckbestimmungGemeinschaftsanlagen:1000</gml:identifier>
          <gml:name>Gemeinschaftsstellplaetze</gml:name>
        </ListedValueDefinition>
      </gml:dictionaryEntry>
      <gml:dictionaryEntry>
        <ListedValueDefinition gml:id="xplan_BP_GemeinschaftsanlagenFlaeche_weitereZweckbestimmung3_BP_ZweckbestimmungGemeinschaftsanlagen_2000">
          <gml:description>Gemeinschaftsgaragen</gml:description>
          <gml:identifier codeSpace="urn:citgml">urn:xplan:enum:xplan:BP_GemeinschaftsanlagenFlaeche:weitereZweckbestimmung3:BP_ZweckbestimmungGemeinschaftsanlagen:2000</gml:identifier>
          <gml:name>Gemeinschaftsgaragen</gml:name>
        </ListedValueDefinition>
      </gml:dictionaryEntry>
      <gml:dictionaryEntry>
        <ListedValueDefinition gml:id="xplan_BP_GemeinschaftsanlagenFlaeche_weitereZweckbestimmung3_BP_ZweckbestimmungGemeinschaftsanlagen_3000">
          <gml:description>Spielplatz</gml:description>
          <gml:identifier codeSpace="urn:citgml">urn:xplan:enum:xplan:BP_GemeinschaftsanlagenFlaeche:weitereZweckbestimmung3:BP_ZweckbestimmungGemeinschaftsanlagen:3000</gml:identifier>
          <gml:name>Spielplatz</gml:name>
        </ListedValueDefinition>
      </gml:dictionaryEntry>
      <gml:dictionaryEntry>
        <ListedValueDefinition gml:id="xplan_BP_GemeinschaftsanlagenFlaeche_weitereZweckbestimmung3_BP_ZweckbestimmungGemeinschaftsanlagen_3100">
          <gml:description>Carport</gml:description>
          <gml:identifier codeSpace="urn:citgml">urn:xplan:enum:xplan:BP_GemeinschaftsanlagenFlaeche:weitereZweckbestimmung3:BP_ZweckbestimmungGemeinschaftsanlagen:3100</gml:identifier>
          <gml:name>Carport</gml:name>
        </ListedValueDefinition>
      </gml:dictionaryEntry>
      <gml:dictionaryEntry>
        <ListedValueDefinition gml:id="xplan_BP_GemeinschaftsanlagenFlaeche_weitereZweckbestimmung3_BP_ZweckbestimmungGemeinschaftsanlagen_3200">
          <gml:description>Gemeinschafts-Tiefgarage</gml:description>
          <gml:identifier codeSpace="urn:citgml">urn:xplan:enum:xplan:BP_GemeinschaftsanlagenFlaeche:weitereZweckbestimmung3:BP_ZweckbestimmungGemeinschaftsanlagen:3200</gml:identifier>
          <gml:name>GemeinschaftsTiefgarage</gml:name>
        </ListedValueDefinition>
      </gml:dictionaryEntry>
      <gml:dictionaryEntry>
        <ListedValueDefinition gml:id="xplan_BP_GemeinschaftsanlagenFlaeche_weitereZweckbestimmung3_BP_ZweckbestimmungGemeinschaftsanlagen_3300">
          <gml:description>Nebengebäude</gml:description>
          <gml:identifier codeSpace="urn:citgml">urn:xplan:enum:xplan:BP_GemeinschaftsanlagenFlaeche:weitereZweckbestimmung3:BP_ZweckbestimmungGemeinschaftsanlagen:3300</gml:identifier>
          <gml:name>Nebengebaeude</gml:name>
        </ListedValueDefinition>
      </gml:dictionaryEntry>
      <gml:dictionaryEntry>
        <ListedValueDefinition gml:id="xplan_BP_GemeinschaftsanlagenFlaeche_weitereZweckbestimmung3_BP_ZweckbestimmungGemeinschaftsanlagen_3400">
          <gml:description>Abfall-Sammelanlagen</gml:description>
          <gml:identifier codeSpace="urn:citgml">urn:xplan:enum:xplan:BP_GemeinschaftsanlagenFlaeche:weitereZweckbestimmung3:BP_ZweckbestimmungGemeinschaftsanlagen:3400</gml:identifier>
          <gml:name>AbfallSammelanlagen</gml:name>
        </ListedValueDefinition>
      </gml:dictionaryEntry>
      <gml:dictionaryEntry>
        <ListedValueDefinition gml:id="xplan_BP_GemeinschaftsanlagenFlaeche_weitereZweckbestimmung3_BP_ZweckbestimmungGemeinschaftsanlagen_3500">
          <gml:description>Energie-Verteilungsanlagen</gml:description>
          <gml:identifier codeSpace="urn:citgml">urn:xplan:enum:xplan:BP_GemeinschaftsanlagenFlaeche:weitereZweckbestimmung3:BP_ZweckbestimmungGemeinschaftsanlagen:3500</gml:identifier>
          <gml:name>EnergieVerteilungsanlagen</gml:name>
        </ListedValueDefinition>
      </gml:dictionaryEntry>
      <gml:dictionaryEntry>
        <ListedValueDefinition gml:id="xplan_BP_GemeinschaftsanlagenFlaeche_weitereZweckbestimmung3_BP_ZweckbestimmungGemeinschaftsanlagen_3600">
          <gml:description>Abfall-Wertstoffbehälter</gml:description>
          <gml:identifier codeSpace="urn:citgml">urn:xplan:enum:xplan:BP_GemeinschaftsanlagenFlaeche:weitereZweckbestimmung3:BP_ZweckbestimmungGemeinschaftsanlagen:3600</gml:identifier>
          <gml:name>AbfallWertstoffbehaelter</gml:name>
        </ListedValueDefinition>
      </gml:dictionaryEntry>
      <gml:dictionaryEntry>
        <ListedValueDefinition gml:id="xplan_BP_GemeinschaftsanlagenFlaeche_weitereZweckbestimmung3_BP_ZweckbestimmungGemeinschaftsanlagen_3700">
          <gml:description>Freizeiteinrichtungen</gml:description>
          <gml:identifier codeSpace="urn:citgml">urn:xplan:enum:xplan:BP_GemeinschaftsanlagenFlaeche:weitereZweckbestimmung3:BP_ZweckbestimmungGemeinschaftsanlagen:3700</gml:identifier>
          <gml:name>Freizeiteinrichtungen</gml:name>
        </ListedValueDefinition>
      </gml:dictionaryEntry>
      <gml:dictionaryEntry>
        <ListedValueDefinition gml:id="xplan_BP_GemeinschaftsanlagenFlaeche_weitereZweckbestimmung3_BP_ZweckbestimmungGemeinschaftsanlagen_3800">
          <gml:description>Lärmschutz-Anlagen</gml:description>
          <gml:identifier codeSpace="urn:citgml">urn:xplan:enum:xplan:BP_GemeinschaftsanlagenFlaeche:weitereZweckbestimmung3:BP_ZweckbestimmungGemeinschaftsanlagen:3800</gml:identifier>
          <gml:name>Laermschutzanlagen</gml:name>
        </ListedValueDefinition>
      </gml:dictionaryEntry>
      <gml:dictionaryEntry>
        <ListedValueDefinition gml:id="xplan_BP_GemeinschaftsanlagenFlaeche_weitereZweckbestimmung3_BP_ZweckbestimmungGemeinschaftsanlagen_3900">
          <gml:description>Anlagen für Abwasser oder Regenwasser</gml:description>
          <gml:identifier codeSpace="urn:citgml">urn:xplan:enum:xplan:BP_GemeinschaftsanlagenFlaeche:weitereZweckbestimmung3:BP_ZweckbestimmungGemeinschaftsanlagen:3900</gml:identifier>
          <gml:name>AbwasserRegenwasser</gml:name>
        </ListedValueDefinition>
      </gml:dictionaryEntry>
      <gml:dictionaryEntry>
        <ListedValueDefinition gml:id="xplan_BP_GemeinschaftsanlagenFlaeche_weitereZweckbestimmung3_BP_ZweckbestimmungGemeinschaftsanlagen_4000">
          <gml:description>Fläche für Ausgleichsmaßnahmen</gml:description>
          <gml:identifier codeSpace="urn:citgml">urn:xplan:enum:xplan:BP_GemeinschaftsanlagenFlaeche:weitereZweckbestimmung3:BP_ZweckbestimmungGemeinschaftsanlagen:4000</gml:identifier>
          <gml:name>Ausgleichsmassnahmen</gml:name>
        </ListedValueDefinition>
      </gml:dictionaryEntry>
      <gml:dictionaryEntry>
        <ListedValueDefinition gml:id="xplan_BP_GemeinschaftsanlagenFlaeche_weitereZweckbestimmung3_BP_ZweckbestimmungGemeinschaftsanlagen_9999">
          <gml:description>Sonstige Zweckbestimmung</gml:description>
          <gml:identifier codeSpace="urn:citgml">urn:xplan:enum:xplan:BP_GemeinschaftsanlagenFlaeche:weitereZweckbestimmung3:BP_ZweckbestimmungGemeinschaftsanlagen:9999</gml:identifier>
          <gml:name>Sonstiges</gml:name>
        </ListedValueDefinition>
      </gml:dictionaryEntry>
      <def:cardinality>0..1</def:cardinality>
      <def:valueTypeName>BP_ZweckbestimmungGemeinschaftsanlagen</def:valueTypeName>
      <def:type>attribute</def:type>
    </def:PropertyDefinition>
  </gml:dictionaryEntry>
  <gml:dictionaryEntry>
    <def:PropertyDefinition gml:id="xplan_BP_GemeinschaftsanlagenFlaeche_weitereZweckbestimmung4">
      <gml:description>Weitere Zweckbestimmung der Fläche. &lt;b&gt;Dies Attribut ist ab Version 4.1 als "veraltet" gekennzeichnet, es sollte stattdessen &lt;/b&gt;&lt;b&gt;&lt;i&gt;zweckbestimmung &lt;/i&gt;&lt;/b&gt;&lt;b&gt;mehrfach belegt werden.&lt;/b&gt;
</gml:description>
      <gml:identifier codeSpace="urn:citgml">urn:xplan:element:xplan:BP_GemeinschaftsanlagenFlaeche:attribute:weitereZweckbestimmung4</gml:identifier>
      <gml:name>xplan:weitereZweckbestimmung4</gml:name>
      <gml:dictionaryEntry>
        <ListedValueDefinition gml:id="xplan_BP_GemeinschaftsanlagenFlaeche_weitereZweckbestimmung4_BP_ZweckbestimmungGemeinschaftsanlagen_1000">
          <gml:description>Gemeinschaftliche Stellplätze</gml:description>
          <gml:identifier codeSpace="urn:citgml">urn:xplan:enum:xplan:BP_GemeinschaftsanlagenFlaeche:weitereZweckbestimmung4:BP_ZweckbestimmungGemeinschaftsanlagen:1000</gml:identifier>
          <gml:name>Gemeinschaftsstellplaetze</gml:name>
        </ListedValueDefinition>
      </gml:dictionaryEntry>
      <gml:dictionaryEntry>
        <ListedValueDefinition gml:id="xplan_BP_GemeinschaftsanlagenFlaeche_weitereZweckbestimmung4_BP_ZweckbestimmungGemeinschaftsanlagen_2000">
          <gml:description>Gemeinschaftsgaragen</gml:description>
          <gml:identifier codeSpace="urn:citgml">urn:xplan:enum:xplan:BP_GemeinschaftsanlagenFlaeche:weitereZweckbestimmung4:BP_ZweckbestimmungGemeinschaftsanlagen:2000</gml:identifier>
          <gml:name>Gemeinschaftsgaragen</gml:name>
        </ListedValueDefinition>
      </gml:dictionaryEntry>
      <gml:dictionaryEntry>
        <ListedValueDefinition gml:id="xplan_BP_GemeinschaftsanlagenFlaeche_weitereZweckbestimmung4_BP_ZweckbestimmungGemeinschaftsanlagen_3000">
          <gml:description>Spielplatz</gml:description>
          <gml:identifier codeSpace="urn:citgml">urn:xplan:enum:xplan:BP_GemeinschaftsanlagenFlaeche:weitereZweckbestimmung4:BP_ZweckbestimmungGemeinschaftsanlagen:3000</gml:identifier>
          <gml:name>Spielplatz</gml:name>
        </ListedValueDefinition>
      </gml:dictionaryEntry>
      <gml:dictionaryEntry>
        <ListedValueDefinition gml:id="xplan_BP_GemeinschaftsanlagenFlaeche_weitereZweckbestimmung4_BP_ZweckbestimmungGemeinschaftsanlagen_3100">
          <gml:description>Carport</gml:description>
          <gml:identifier codeSpace="urn:citgml">urn:xplan:enum:xplan:BP_GemeinschaftsanlagenFlaeche:weitereZweckbestimmung4:BP_ZweckbestimmungGemeinschaftsanlagen:3100</gml:identifier>
          <gml:name>Carport</gml:name>
        </ListedValueDefinition>
      </gml:dictionaryEntry>
      <gml:dictionaryEntry>
        <ListedValueDefinition gml:id="xplan_BP_GemeinschaftsanlagenFlaeche_weitereZweckbestimmung4_BP_ZweckbestimmungGemeinschaftsanlagen_3200">
          <gml:description>Gemeinschafts-Tiefgarage</gml:description>
          <gml:identifier codeSpace="urn:citgml">urn:xplan:enum:xplan:BP_GemeinschaftsanlagenFlaeche:weitereZweckbestimmung4:BP_ZweckbestimmungGemeinschaftsanlagen:3200</gml:identifier>
          <gml:name>GemeinschaftsTiefgarage</gml:name>
        </ListedValueDefinition>
      </gml:dictionaryEntry>
      <gml:dictionaryEntry>
        <ListedValueDefinition gml:id="xplan_BP_GemeinschaftsanlagenFlaeche_weitereZweckbestimmung4_BP_ZweckbestimmungGemeinschaftsanlagen_3300">
          <gml:description>Nebengebäude</gml:description>
          <gml:identifier codeSpace="urn:citgml">urn:xplan:enum:xplan:BP_GemeinschaftsanlagenFlaeche:weitereZweckbestimmung4:BP_ZweckbestimmungGemeinschaftsanlagen:3300</gml:identifier>
          <gml:name>Nebengebaeude</gml:name>
        </ListedValueDefinition>
      </gml:dictionaryEntry>
      <gml:dictionaryEntry>
        <ListedValueDefinition gml:id="xplan_BP_GemeinschaftsanlagenFlaeche_weitereZweckbestimmung4_BP_ZweckbestimmungGemeinschaftsanlagen_3400">
          <gml:description>Abfall-Sammelanlagen</gml:description>
          <gml:identifier codeSpace="urn:citgml">urn:xplan:enum:xplan:BP_GemeinschaftsanlagenFlaeche:weitereZweckbestimmung4:BP_ZweckbestimmungGemeinschaftsanlagen:3400</gml:identifier>
          <gml:name>AbfallSammelanlagen</gml:name>
        </ListedValueDefinition>
      </gml:dictionaryEntry>
      <gml:dictionaryEntry>
        <ListedValueDefinition gml:id="xplan_BP_GemeinschaftsanlagenFlaeche_weitereZweckbestimmung4_BP_ZweckbestimmungGemeinschaftsanlagen_3500">
          <gml:description>Energie-Verteilungsanlagen</gml:description>
          <gml:identifier codeSpace="urn:citgml">urn:xplan:enum:xplan:BP_GemeinschaftsanlagenFlaeche:weitereZweckbestimmung4:BP_ZweckbestimmungGemeinschaftsanlagen:3500</gml:identifier>
          <gml:name>EnergieVerteilungsanlagen</gml:name>
        </ListedValueDefinition>
      </gml:dictionaryEntry>
      <gml:dictionaryEntry>
        <ListedValueDefinition gml:id="xplan_BP_GemeinschaftsanlagenFlaeche_weitereZweckbestimmung4_BP_ZweckbestimmungGemeinschaftsanlagen_3600">
          <gml:description>Abfall-Wertstoffbehälter</gml:description>
          <gml:identifier codeSpace="urn:citgml">urn:xplan:enum:xplan:BP_GemeinschaftsanlagenFlaeche:weitereZweckbestimmung4:BP_ZweckbestimmungGemeinschaftsanlagen:3600</gml:identifier>
          <gml:name>AbfallWertstoffbehaelter</gml:name>
        </ListedValueDefinition>
      </gml:dictionaryEntry>
      <gml:dictionaryEntry>
        <ListedValueDefinition gml:id="xplan_BP_GemeinschaftsanlagenFlaeche_weitereZweckbestimmung4_BP_ZweckbestimmungGemeinschaftsanlagen_3700">
          <gml:description>Freizeiteinrichtungen</gml:description>
          <gml:identifier codeSpace="urn:citgml">urn:xplan:enum:xplan:BP_GemeinschaftsanlagenFlaeche:weitereZweckbestimmung4:BP_ZweckbestimmungGemeinschaftsanlagen:3700</gml:identifier>
          <gml:name>Freizeiteinrichtungen</gml:name>
        </ListedValueDefinition>
      </gml:dictionaryEntry>
      <gml:dictionaryEntry>
        <ListedValueDefinition gml:id="xplan_BP_GemeinschaftsanlagenFlaeche_weitereZweckbestimmung4_BP_ZweckbestimmungGemeinschaftsanlagen_3800">
          <gml:description>Lärmschutz-Anlagen</gml:description>
          <gml:identifier codeSpace="urn:citgml">urn:xplan:enum:xplan:BP_GemeinschaftsanlagenFlaeche:weitereZweckbestimmung4:BP_ZweckbestimmungGemeinschaftsanlagen:3800</gml:identifier>
          <gml:name>Laermschutzanlagen</gml:name>
        </ListedValueDefinition>
      </gml:dictionaryEntry>
      <gml:dictionaryEntry>
        <ListedValueDefinition gml:id="xplan_BP_GemeinschaftsanlagenFlaeche_weitereZweckbestimmung4_BP_ZweckbestimmungGemeinschaftsanlagen_3900">
          <gml:description>Anlagen für Abwasser oder Regenwasser</gml:description>
          <gml:identifier codeSpace="urn:citgml">urn:xplan:enum:xplan:BP_GemeinschaftsanlagenFlaeche:weitereZweckbestimmung4:BP_ZweckbestimmungGemeinschaftsanlagen:3900</gml:identifier>
          <gml:name>AbwasserRegenwasser</gml:name>
        </ListedValueDefinition>
      </gml:dictionaryEntry>
      <gml:dictionaryEntry>
        <ListedValueDefinition gml:id="xplan_BP_GemeinschaftsanlagenFlaeche_weitereZweckbestimmung4_BP_ZweckbestimmungGemeinschaftsanlagen_4000">
          <gml:description>Fläche für Ausgleichsmaßnahmen</gml:description>
          <gml:identifier codeSpace="urn:citgml">urn:xplan:enum:xplan:BP_GemeinschaftsanlagenFlaeche:weitereZweckbestimmung4:BP_ZweckbestimmungGemeinschaftsanlagen:4000</gml:identifier>
          <gml:name>Ausgleichsmassnahmen</gml:name>
        </ListedValueDefinition>
      </gml:dictionaryEntry>
      <gml:dictionaryEntry>
        <ListedValueDefinition gml:id="xplan_BP_GemeinschaftsanlagenFlaeche_weitereZweckbestimmung4_BP_ZweckbestimmungGemeinschaftsanlagen_9999">
          <gml:description>Sonstige Zweckbestimmung</gml:description>
          <gml:identifier codeSpace="urn:citgml">urn:xplan:enum:xplan:BP_GemeinschaftsanlagenFlaeche:weitereZweckbestimmung4:BP_ZweckbestimmungGemeinschaftsanlagen:9999</gml:identifier>
          <gml:name>Sonstiges</gml:name>
        </ListedValueDefinition>
      </gml:dictionaryEntry>
      <def:cardinality>0..1</def:cardinality>
      <def:valueTypeName>BP_ZweckbestimmungGemeinschaftsanlagen</def:valueTypeName>
      <def:type>attribute</def:type>
    </def:PropertyDefinition>
  </gml:dictionaryEntry>
  <gml:dictionaryEntry>
    <def:PropertyDefinition gml:id="xplan_BP_GemeinschaftsanlagenFlaeche_detaillierteZweckbestimmung">
      <gml:description>Über eine CodeList definierte zusätzliche Zweckbestimmung.
</gml:description>
      <gml:identifier codeSpace="urn:citgml">urn:xplan:element:xplan:BP_GemeinschaftsanlagenFlaeche:attribute:detaillierteZweckbestimmung</gml:identifier>
      <gml:name>xplan:detaillierteZweckbestimmung</gml:name>
      <def:cardinality>0..*</def:cardinality>
      <def:valueTypeName>BP_DetailZweckbestGemeinschaftsanlagen</def:valueTypeName>
      <def:type>attribute</def:type>
    </def:PropertyDefinition>
  </gml:dictionaryEntry>
  <gml:dictionaryEntry>
    <def:PropertyDefinition gml:id="xplan_BP_GemeinschaftsanlagenFlaeche_weitereDetailZweckbestimmung1">
      <gml:description>Über eine CodeList definierte zusätzliche Zweckbestimmung. &lt;b&gt;Dies Attribut ist ab Version 4.1 als "veraltet" gekennzeichnet, es sollte stattdessen &lt;/b&gt;&lt;b&gt;&lt;i&gt;detaillierteZweckbestimmung &lt;/i&gt;&lt;/b&gt;&lt;b&gt;mehrfach belegt werden.&lt;/b&gt;
</gml:description>
      <gml:identifier codeSpace="urn:citgml">urn:xplan:element:xplan:BP_GemeinschaftsanlagenFlaeche:attribute:weitereDetailZweckbestimmung1</gml:identifier>
      <gml:name>xplan:weitereDetailZweckbestimmung1</gml:name>
      <def:cardinality>0..1</def:cardinality>
      <def:valueTypeName>BP_DetailZweckbestGemeinschaftsanlagen</def:valueTypeName>
      <def:type>attribute</def:type>
    </def:PropertyDefinition>
  </gml:dictionaryEntry>
  <gml:dictionaryEntry>
    <def:PropertyDefinition gml:id="xplan_BP_GemeinschaftsanlagenFlaeche_weitereDetailZweckbestimmung2">
      <gml:description>Über eine CodeList definierte zusätzliche Zweckbestimmung. &lt;b&gt;Dies Attribut ist ab Version 4.1 als "veraltet" gekennzeichnet, es sollte stattdessen &lt;/b&gt;&lt;b&gt;&lt;i&gt;detaillierteZweckbestimmung &lt;/i&gt;&lt;/b&gt;&lt;b&gt;mehrfach belegt werden.&lt;/b&gt;
</gml:description>
      <gml:identifier codeSpace="urn:citgml">urn:xplan:element:xplan:BP_GemeinschaftsanlagenFlaeche:attribute:weitereDetailZweckbestimmung2</gml:identifier>
      <gml:name>xplan:weitereDetailZweckbestimmung2</gml:name>
      <def:cardinality>0..1</def:cardinality>
      <def:valueTypeName>BP_DetailZweckbestGemeinschaftsanlagen</def:valueTypeName>
      <def:type>attribute</def:type>
    </def:PropertyDefinition>
  </gml:dictionaryEntry>
  <gml:dictionaryEntry>
    <def:PropertyDefinition gml:id="xplan_BP_GemeinschaftsanlagenFlaeche_weitereDetailZweckbestimmung3">
      <gml:description>Über eine CodeList definierte zusätzliche Zweckbestimmung. &lt;b&gt;Dies Attribut ist ab Version 4.1 als "veraltet" gekennzeichnet, es sollte stattdessen &lt;/b&gt;&lt;b&gt;&lt;i&gt;detaillierteZweckbestimmung &lt;/i&gt;&lt;/b&gt;&lt;b&gt;mehrfach belegt werden.&lt;/b&gt;
</gml:description>
      <gml:identifier codeSpace="urn:citgml">urn:xplan:element:xplan:BP_GemeinschaftsanlagenFlaeche:attribute:weitereDetailZweckbestimmung3</gml:identifier>
      <gml:name>xplan:weitereDetailZweckbestimmung3</gml:name>
      <def:cardinality>0..1</def:cardinality>
      <def:valueTypeName>BP_DetailZweckbestGemeinschaftsanlagen</def:valueTypeName>
      <def:type>attribute</def:type>
    </def:PropertyDefinition>
  </gml:dictionaryEntry>
  <gml:dictionaryEntry>
    <def:PropertyDefinition gml:id="xplan_BP_GemeinschaftsanlagenFlaeche_weitereDetailZweckbestimmung4">
      <gml:description>Über eine CodeList definierte zusätzliche Zweckbestimmung. &lt;b&gt;Dies Attribut ist ab Version 4.1 als "veraltet" gekennzeichnet, es sollte stattdessen &lt;/b&gt;&lt;b&gt;&lt;i&gt;detaillierteZweckbestimmung &lt;/i&gt;&lt;/b&gt;&lt;b&gt;mehrfach belegt werden.&lt;/b&gt;
</gml:description>
      <gml:identifier codeSpace="urn:citgml">urn:xplan:element:xplan:BP_GemeinschaftsanlagenFlaeche:attribute:weitereDetailZweckbestimmung4</gml:identifier>
      <gml:name>xplan:weitereDetailZweckbestimmung4</gml:name>
      <def:cardinality>0..1</def:cardinality>
      <def:valueTypeName>BP_DetailZweckbestGemeinschaftsanlagen</def:valueTypeName>
      <def:type>attribute</def:type>
    </def:PropertyDefinition>
  </gml:dictionaryEntry>
  <gml:dictionaryEntry>
    <def:PropertyDefinition gml:id="xplan_BP_GemeinschaftsanlagenFlaeche_Zmax">
      <gml:description>Maximale Anzahl von Garagen-Geschossen</gml:description>
      <gml:identifier codeSpace="urn:citgml">urn:xplan:element:xplan:BP_GemeinschaftsanlagenFlaeche:attribute:Zmax</gml:identifier>
      <gml:name>xplan:Zmax</gml:name>
      <def:cardinality>0..1</def:cardinality>
      <def:valueTypeRef xlink:href="urn:xplan:element::Integer" />
      <def:type>attribute</def:type>
    </def:PropertyDefinition>
  </gml:dictionaryEntry>
  <gml:dictionaryEntry>
    <def:PropertyDefinition gml:id="xplan_BP_GemeinschaftsanlagenFlaeche_eigentuemer">
      <gml:description />
      <gml:identifier codeSpace="urn:citgml">urn:xplan:element:xplan:BP_GemeinschaftsanlagenFlaeche:association-role:eigentuemer</gml:identifier>
      <gml:name>xplan:eigentuemer</gml:name>
      <def:cardinality>0..*</def:cardinality>
      <def:valueTypeRef xlink:href="urn:xplan:element:xplan:BP_BaugebietsTeilFlaeche" />
      <def:type>associationRole</def:type>
    </def:PropertyDefinition>
  </gml:dictionaryEntry>
  <def:classification>featureType</def:classification>
  <def:supertypeRef xlink:href="urn:xplan:element:xplan:BP_Ueberlagerungsobjekt" />
</TypeDefinition>