﻿<!--Erzeugt mit KIT (www.kit.edu) UmlToXmlTransformation-Software, Erstellungsdatum: 09.09.2013 11:08:33-->
<TypeDefinition xmlns="http://www.interactive-instruments.de/ShapeChange/Definitions/0.5" xmlns:def="http://www.interactive-instruments.de/ShapeChange/Definitions/0.5" xmlns:gml="http://www.opengis.net/gml/3.2" xmlns:xlink="http://www.w3.org/1999/xlink" xmlns:xsi="http://www.w3.org/2001/XMLSchema-instance" xsi:schemaLocation="http://www.interactive-instruments.de/ShapeChange/Definitions/0.5 ../xsd/ShapeChangeDefinitions.xsd" gml:id="xplan_BP_Ueberlagerungsobjekt">
  <gml:description>Basisklasse für alle Objekte eines Bebauungsplans mit flächenhaftem Raumbezug, die immer Überlagerungsobjekte sind.</gml:description>
  <gml:identifier codeSpace="urn:citgml">urn:xplan:element:xplan:BP_Ueberlagerungsobjekt</gml:identifier>
  <gml:name>xplan:BP_Ueberlagerungsobjekt</gml:name>
  <def:classification>featureType</def:classification>
  <def:supertypeRef xlink:href="urn:xplan:element:xplan:BP_Flaechenobjekt" />
</TypeDefinition>