﻿<!--Erzeugt mit KIT (www.kit.edu) UmlToXmlTransformation-Software, Erstellungsdatum: 09.09.2013 11:09:15-->
<TypeDefinition xmlns="http://www.interactive-instruments.de/ShapeChange/Definitions/0.5" xmlns:def="http://www.interactive-instruments.de/ShapeChange/Definitions/0.5" xmlns:gml="http://www.opengis.net/gml/3.2" xmlns:xlink="http://www.w3.org/1999/xlink" xmlns:xsi="http://www.w3.org/2001/XMLSchema-instance" xsi:schemaLocation="http://www.interactive-instruments.de/ShapeChange/Definitions/0.5 ../xsd/ShapeChangeDefinitions.xsd" gml:id="xplan_SO_Bodenschutzrecht">
  <gml:description>Festlegung nach Bodenschutzrecht.
</gml:description>
  <gml:identifier codeSpace="urn:citgml">urn:xplan:element:xplan:SO_Bodenschutzrecht</gml:identifier>
  <gml:name>xplan:SO_Bodenschutzrecht</gml:name>
  <gml:dictionaryEntry>
    <def:PropertyDefinition gml:id="xplan_SO_Bodenschutzrecht_artDerFestlegung">
      <gml:description>Grundlegende Klassifizierung der Festlegung.</gml:description>
      <gml:identifier codeSpace="urn:citgml">urn:xplan:element:xplan:SO_Bodenschutzrecht:attribute:artDerFestlegung</gml:identifier>
      <gml:name>xplan:artDerFestlegung</gml:name>
      <gml:dictionaryEntry>
        <ListedValueDefinition gml:id="xplan_SO_Bodenschutzrecht_artDerFestlegung_SO_KlassifizNachBodenschutzrecht_1000">
          <gml:identifier codeSpace="urn:citgml">urn:xplan:enum:xplan:SO_Bodenschutzrecht:artDerFestlegung:SO_KlassifizNachBodenschutzrecht:1000</gml:identifier>
          <gml:name>SchaedlicheBodenveraenderung</gml:name>
        </ListedValueDefinition>
      </gml:dictionaryEntry>
      <gml:dictionaryEntry>
        <ListedValueDefinition gml:id="xplan_SO_Bodenschutzrecht_artDerFestlegung_SO_KlassifizNachBodenschutzrecht_2000">
          <gml:identifier codeSpace="urn:citgml">urn:xplan:enum:xplan:SO_Bodenschutzrecht:artDerFestlegung:SO_KlassifizNachBodenschutzrecht:2000</gml:identifier>
          <gml:name>Altlast</gml:name>
        </ListedValueDefinition>
      </gml:dictionaryEntry>
      <gml:dictionaryEntry>
        <ListedValueDefinition gml:id="xplan_SO_Bodenschutzrecht_artDerFestlegung_SO_KlassifizNachBodenschutzrecht_20000">
          <gml:identifier codeSpace="urn:citgml">urn:xplan:enum:xplan:SO_Bodenschutzrecht:artDerFestlegung:SO_KlassifizNachBodenschutzrecht:20000</gml:identifier>
          <gml:name>Altablagerung</gml:name>
        </ListedValueDefinition>
      </gml:dictionaryEntry>
      <gml:dictionaryEntry>
        <ListedValueDefinition gml:id="xplan_SO_Bodenschutzrecht_artDerFestlegung_SO_KlassifizNachBodenschutzrecht_20001">
          <gml:identifier codeSpace="urn:citgml">urn:xplan:enum:xplan:SO_Bodenschutzrecht:artDerFestlegung:SO_KlassifizNachBodenschutzrecht:20001</gml:identifier>
          <gml:name>Altstandort</gml:name>
        </ListedValueDefinition>
      </gml:dictionaryEntry>
      <gml:dictionaryEntry>
        <ListedValueDefinition gml:id="xplan_SO_Bodenschutzrecht_artDerFestlegung_SO_KlassifizNachBodenschutzrecht_20002">
          <gml:identifier codeSpace="urn:citgml">urn:xplan:enum:xplan:SO_Bodenschutzrecht:artDerFestlegung:SO_KlassifizNachBodenschutzrecht:20002</gml:identifier>
          <gml:name>AltstandortAufAltablagerung</gml:name>
        </ListedValueDefinition>
      </gml:dictionaryEntry>
      <def:cardinality>0..1</def:cardinality>
      <def:valueTypeName>SO_KlassifizNachBodenschutzrecht</def:valueTypeName>
      <def:type>attribute</def:type>
    </def:PropertyDefinition>
  </gml:dictionaryEntry>
  <gml:dictionaryEntry>
    <def:PropertyDefinition gml:id="xplan_SO_Bodenschutzrecht_detailArtDerFestlegung">
      <gml:description>Detaillierte Klassifizierung der Festlegung</gml:description>
      <gml:identifier codeSpace="urn:citgml">urn:xplan:element:xplan:SO_Bodenschutzrecht:attribute:detailArtDerFestlegung</gml:identifier>
      <gml:name>xplan:detailArtDerFestlegung</gml:name>
      <def:cardinality>0..1</def:cardinality>
      <def:valueTypeName>SO_DetailKlassifizNachBodenschutzrecht</def:valueTypeName>
      <def:type>attribute</def:type>
    </def:PropertyDefinition>
  </gml:dictionaryEntry>
  <gml:dictionaryEntry>
    <def:PropertyDefinition gml:id="xplan_SO_Bodenschutzrecht_istVerdachtsflaeche">
      <gml:description>Angabe ob es sich um eine Verdachtsfläche handelt.</gml:description>
      <gml:identifier codeSpace="urn:citgml">urn:xplan:element:xplan:SO_Bodenschutzrecht:attribute:istVerdachtsflaeche</gml:identifier>
      <gml:name>xplan:istVerdachtsflaeche</gml:name>
      <gml:dictionaryEntry>
        <ListedValueDefinition gml:id="_SO_Bodenschutzrecht_istVerdachtsflaeche_Boolean_1">
          <gml:identifier codeSpace="urn:citgml">urn:xplan:enum::SO_Bodenschutzrecht:istVerdachtsflaeche:Boolean:1</gml:identifier>
          <gml:name>TRUE</gml:name>
        </ListedValueDefinition>
      </gml:dictionaryEntry>
      <gml:dictionaryEntry>
        <ListedValueDefinition gml:id="_SO_Bodenschutzrecht_istVerdachtsflaeche_Boolean_0">
          <gml:identifier codeSpace="urn:citgml">urn:xplan:enum::SO_Bodenschutzrecht:istVerdachtsflaeche:Boolean:0</gml:identifier>
          <gml:name>FALSE</gml:name>
        </ListedValueDefinition>
      </gml:dictionaryEntry>
      <def:cardinality>0..1</def:cardinality>
      <def:valueTypeName>Boolean</def:valueTypeName>
      <def:type>attribute</def:type>
    </def:PropertyDefinition>
  </gml:dictionaryEntry>
  <gml:dictionaryEntry>
    <def:PropertyDefinition gml:id="xplan_SO_Bodenschutzrecht_name">
      <gml:description>Informelle Bezeichnung der Festlegung.</gml:description>
      <gml:identifier codeSpace="urn:citgml">urn:xplan:element:xplan:SO_Bodenschutzrecht:attribute:name</gml:identifier>
      <gml:name>xplan:name</gml:name>
      <def:cardinality>0..1</def:cardinality>
      <def:valueTypeRef xlink:href="urn:xplan:element::CharacterString" />
      <def:type>attribute</def:type>
    </def:PropertyDefinition>
  </gml:dictionaryEntry>
  <gml:dictionaryEntry>
    <def:PropertyDefinition gml:id="xplan_SO_Bodenschutzrecht_nummer">
      <gml:description />
      <gml:identifier codeSpace="urn:citgml">urn:xplan:element:xplan:SO_Bodenschutzrecht:attribute:nummer</gml:identifier>
      <gml:name>xplan:nummer</gml:name>
      <def:cardinality>0..1</def:cardinality>
      <def:valueTypeRef xlink:href="urn:xplan:element::CharacterString" />
      <def:type>attribute</def:type>
    </def:PropertyDefinition>
  </gml:dictionaryEntry>
  <def:classification>featureType</def:classification>
  <def:supertypeRef xlink:href="urn:xplan:element:xplan:SO_Geometrieobjekt" />
</TypeDefinition>