﻿<!--Erzeugt mit KIT (www.kit.edu) UmlToXmlTransformation-Software, Erstellungsdatum: 09.09.2013 11:09:13-->
<TypeDefinition xmlns="http://www.interactive-instruments.de/ShapeChange/Definitions/0.5" xmlns:def="http://www.interactive-instruments.de/ShapeChange/Definitions/0.5" xmlns:gml="http://www.opengis.net/gml/3.2" xmlns:xlink="http://www.w3.org/1999/xlink" xmlns:xsi="http://www.w3.org/2001/XMLSchema-instance" xsi:schemaLocation="http://www.interactive-instruments.de/ShapeChange/Definitions/0.5 ../xsd/ShapeChangeDefinitions.xsd" gml:id="xplan_LP_WasserrechtSchutzgebiet">
  <gml:description />
  <gml:identifier codeSpace="urn:citgml">urn:xplan:element:xplan:LP_WasserrechtSchutzgebiet</gml:identifier>
  <gml:name>xplan:LP_WasserrechtSchutzgebiet</gml:name>
  <gml:dictionaryEntry>
    <def:PropertyDefinition gml:id="xplan_LP_WasserrechtSchutzgebiet_typ">
      <gml:description>Typ des Schutzobjektes.</gml:description>
      <gml:identifier codeSpace="urn:citgml">urn:xplan:element:xplan:LP_WasserrechtSchutzgebiet:attribute:typ</gml:identifier>
      <gml:name>xplan:typ</gml:name>
      <gml:dictionaryEntry>
        <ListedValueDefinition gml:id="xplan_LP_WasserrechtSchutzgebiet_typ_LP_WasserrechtSchutzgebietTypen_1000">
          <gml:identifier codeSpace="urn:citgml">urn:xplan:enum:xplan:LP_WasserrechtSchutzgebiet:typ:LP_WasserrechtSchutzgebietTypen:1000</gml:identifier>
          <gml:name>GrundQuellwasser</gml:name>
        </ListedValueDefinition>
      </gml:dictionaryEntry>
      <gml:dictionaryEntry>
        <ListedValueDefinition gml:id="xplan_LP_WasserrechtSchutzgebiet_typ_LP_WasserrechtSchutzgebietTypen_2000">
          <gml:identifier codeSpace="urn:citgml">urn:xplan:enum:xplan:LP_WasserrechtSchutzgebiet:typ:LP_WasserrechtSchutzgebietTypen:2000</gml:identifier>
          <gml:name>Oberflaechengewaesser</gml:name>
        </ListedValueDefinition>
      </gml:dictionaryEntry>
      <gml:dictionaryEntry>
        <ListedValueDefinition gml:id="xplan_LP_WasserrechtSchutzgebiet_typ_LP_WasserrechtSchutzgebietTypen_3000">
          <gml:identifier codeSpace="urn:citgml">urn:xplan:enum:xplan:LP_WasserrechtSchutzgebiet:typ:LP_WasserrechtSchutzgebietTypen:3000</gml:identifier>
          <gml:name>Heilquellen</gml:name>
        </ListedValueDefinition>
      </gml:dictionaryEntry>
      <gml:dictionaryEntry>
        <ListedValueDefinition gml:id="xplan_LP_WasserrechtSchutzgebiet_typ_LP_WasserrechtSchutzgebietTypen_9999">
          <gml:identifier codeSpace="urn:citgml">urn:xplan:enum:xplan:LP_WasserrechtSchutzgebiet:typ:LP_WasserrechtSchutzgebietTypen:9999</gml:identifier>
          <gml:name>Sonstiges</gml:name>
        </ListedValueDefinition>
      </gml:dictionaryEntry>
      <def:cardinality>0..1</def:cardinality>
      <def:valueTypeName>LP_WasserrechtSchutzgebietTypen</def:valueTypeName>
      <def:type>attribute</def:type>
    </def:PropertyDefinition>
  </gml:dictionaryEntry>
  <gml:dictionaryEntry>
    <def:PropertyDefinition gml:id="xplan_LP_WasserrechtSchutzgebiet_detailTyp">
      <gml:description>Über eine CodeList definierter zusätzlicher Typ des Schutzobjektes.</gml:description>
      <gml:identifier codeSpace="urn:citgml">urn:xplan:element:xplan:LP_WasserrechtSchutzgebiet:attribute:detailTyp</gml:identifier>
      <gml:name>xplan:detailTyp</gml:name>
      <def:cardinality>0..1</def:cardinality>
      <def:valueTypeName>LP_WasserrechtSchutzgebietDetailTypen</def:valueTypeName>
      <def:type>attribute</def:type>
    </def:PropertyDefinition>
  </gml:dictionaryEntry>
  <gml:dictionaryEntry>
    <def:PropertyDefinition gml:id="xplan_LP_WasserrechtSchutzgebiet_eigenname">
      <gml:description>Eigennahme des Schutzgebietes.</gml:description>
      <gml:identifier codeSpace="urn:citgml">urn:xplan:element:xplan:LP_WasserrechtSchutzgebiet:attribute:eigenname</gml:identifier>
      <gml:name>xplan:eigenname</gml:name>
      <def:cardinality>0..1</def:cardinality>
      <def:valueTypeRef xlink:href="urn:xplan:element::CharacterString" />
      <def:type>attribute</def:type>
    </def:PropertyDefinition>
  </gml:dictionaryEntry>
  <def:classification>featureType</def:classification>
  <def:supertypeRef xlink:href="urn:xplan:element:xplan:LP_Geometrieobjekt" />
</TypeDefinition>