﻿<!--Erzeugt mit KIT (www.kit.edu) UmlToXmlTransformation-Software, Erstellungsdatum: 09.09.2013 11:08:39-->
<TypeDefinition xmlns="http://www.interactive-instruments.de/ShapeChange/Definitions/0.5" xmlns:def="http://www.interactive-instruments.de/ShapeChange/Definitions/0.5" xmlns:gml="http://www.opengis.net/gml/3.2" xmlns:xlink="http://www.w3.org/1999/xlink" xmlns:xsi="http://www.w3.org/2001/XMLSchema-instance" xsi:schemaLocation="http://www.interactive-instruments.de/ShapeChange/Definitions/0.5 ../xsd/ShapeChangeDefinitions.xsd" gml:id="xplan_BP_UeberbaubareGrundstuecksFlaeche">
  <gml:description>Festsetzung der überbaubaren Grundstücksfläche (§9, Abs. 1, Nr. 2 BauGB). Über die Attribute &lt;i&gt;geschossMin &lt;/i&gt;und &lt;i&gt;geschossMax &lt;/i&gt;kann die Festsetzung auf einen Bereich von Geschossen beschränkt werden. Wenn eine Einschränkung der Festsetzung durch expliziter Höhenangaben erfolgen soll, ist dazu die Oberklassen-Relation &lt;i&gt;hoehenangabe &lt;/i&gt;auf den komplexen Datentyp &lt;i&gt;XP_Hoehenangabe &lt;/i&gt;zu verwenden. 
</gml:description>
  <gml:identifier codeSpace="urn:citgml">urn:xplan:element:xplan:BP_UeberbaubareGrundstuecksFlaeche</gml:identifier>
  <gml:name>xplan:BP_UeberbaubareGrundstuecksFlaeche</gml:name>
  <gml:dictionaryEntry>
    <def:PropertyDefinition gml:id="xplan_BP_UeberbaubareGrundstuecksFlaeche_MaxZahlWohnungen">
      <gml:description>Höchstzulässige Zahl der Wohnungen in Wohngebäuden</gml:description>
      <gml:identifier codeSpace="urn:citgml">urn:xplan:element:xplan:BP_UeberbaubareGrundstuecksFlaeche:attribute:MaxZahlWohnungen</gml:identifier>
      <gml:name>xplan:MaxZahlWohnungen</gml:name>
      <def:cardinality>0..1</def:cardinality>
      <def:valueTypeName>Integer</def:valueTypeName>
      <def:type>attribute</def:type>
    </def:PropertyDefinition>
  </gml:dictionaryEntry>
  <gml:dictionaryEntry>
    <def:PropertyDefinition gml:id="xplan_BP_UeberbaubareGrundstuecksFlaeche_Fmin">
      <gml:description>Mindestmaß für die Größe (Fläche) eines Baugrundstücks.</gml:description>
      <gml:identifier codeSpace="urn:citgml">urn:xplan:element:xplan:BP_UeberbaubareGrundstuecksFlaeche:attribute:Fmin</gml:identifier>
      <gml:name>xplan:Fmin</gml:name>
      <def:cardinality>0..1</def:cardinality>
      <def:valueTypeName>Area</def:valueTypeName>
      <def:type>attribute</def:type>
    </def:PropertyDefinition>
  </gml:dictionaryEntry>
  <gml:dictionaryEntry>
    <def:PropertyDefinition gml:id="xplan_BP_UeberbaubareGrundstuecksFlaeche_Fmax">
      <gml:description>Höchstmaß für die Größe (Fläche) eines Baugrundstücks.</gml:description>
      <gml:identifier codeSpace="urn:citgml">urn:xplan:element:xplan:BP_UeberbaubareGrundstuecksFlaeche:attribute:Fmax</gml:identifier>
      <gml:name>xplan:Fmax</gml:name>
      <def:cardinality>0..1</def:cardinality>
      <def:valueTypeName>Area</def:valueTypeName>
      <def:type>attribute</def:type>
    </def:PropertyDefinition>
  </gml:dictionaryEntry>
  <gml:dictionaryEntry>
    <def:PropertyDefinition gml:id="xplan_BP_UeberbaubareGrundstuecksFlaeche_Bmin">
      <gml:description>Minimale Breite von Baugrundstücken</gml:description>
      <gml:identifier codeSpace="urn:citgml">urn:xplan:element:xplan:BP_UeberbaubareGrundstuecksFlaeche:attribute:Bmin</gml:identifier>
      <gml:name>xplan:Bmin</gml:name>
      <def:cardinality>0..1</def:cardinality>
      <def:valueTypeName>Length</def:valueTypeName>
      <def:type>attribute</def:type>
    </def:PropertyDefinition>
  </gml:dictionaryEntry>
  <gml:dictionaryEntry>
    <def:PropertyDefinition gml:id="xplan_BP_UeberbaubareGrundstuecksFlaeche_Bmax">
      <gml:description>Maximale Breite von Baugrundstücken.</gml:description>
      <gml:identifier codeSpace="urn:citgml">urn:xplan:element:xplan:BP_UeberbaubareGrundstuecksFlaeche:attribute:Bmax</gml:identifier>
      <gml:name>xplan:Bmax</gml:name>
      <def:cardinality>0..1</def:cardinality>
      <def:valueTypeName>Length</def:valueTypeName>
      <def:type>attribute</def:type>
    </def:PropertyDefinition>
  </gml:dictionaryEntry>
  <gml:dictionaryEntry>
    <def:PropertyDefinition gml:id="xplan_BP_UeberbaubareGrundstuecksFlaeche_Tmin">
      <gml:description>Minimale Tiefe von Baugrundstücken.</gml:description>
      <gml:identifier codeSpace="urn:citgml">urn:xplan:element:xplan:BP_UeberbaubareGrundstuecksFlaeche:attribute:Tmin</gml:identifier>
      <gml:name>xplan:Tmin</gml:name>
      <def:cardinality>0..1</def:cardinality>
      <def:valueTypeName>Length</def:valueTypeName>
      <def:type>attribute</def:type>
    </def:PropertyDefinition>
  </gml:dictionaryEntry>
  <gml:dictionaryEntry>
    <def:PropertyDefinition gml:id="xplan_BP_UeberbaubareGrundstuecksFlaeche_Tmax">
      <gml:description>Maximale Tiefe von Baugrundstücken.</gml:description>
      <gml:identifier codeSpace="urn:citgml">urn:xplan:element:xplan:BP_UeberbaubareGrundstuecksFlaeche:attribute:Tmax</gml:identifier>
      <gml:name>xplan:Tmax</gml:name>
      <def:cardinality>0..1</def:cardinality>
      <def:valueTypeName>Length</def:valueTypeName>
      <def:type>attribute</def:type>
    </def:PropertyDefinition>
  </gml:dictionaryEntry>
  <gml:dictionaryEntry>
    <def:PropertyDefinition gml:id="xplan_BP_UeberbaubareGrundstuecksFlaeche_GFZmin">
      <gml:description>Minimal zulässige Geschossflächenzahl .</gml:description>
      <gml:identifier codeSpace="urn:citgml">urn:xplan:element:xplan:BP_UeberbaubareGrundstuecksFlaeche:attribute:GFZmin</gml:identifier>
      <gml:name>xplan:GFZmin</gml:name>
      <def:cardinality>0..1</def:cardinality>
      <def:valueTypeName>Decimal</def:valueTypeName>
      <def:type>attribute</def:type>
    </def:PropertyDefinition>
  </gml:dictionaryEntry>
  <gml:dictionaryEntry>
    <def:PropertyDefinition gml:id="xplan_BP_UeberbaubareGrundstuecksFlaeche_GFZmax">
      <gml:description>Maximal zulässige Geschossflächenzahl bei einer Bereichsangabe. Das Attribut GFZmin muss ebenfalls belegt sein.</gml:description>
      <gml:identifier codeSpace="urn:citgml">urn:xplan:element:xplan:BP_UeberbaubareGrundstuecksFlaeche:attribute:GFZmax</gml:identifier>
      <gml:name>xplan:GFZmax</gml:name>
      <def:cardinality>0..1</def:cardinality>
      <def:valueTypeName>Decimal</def:valueTypeName>
      <def:type>attribute</def:type>
    </def:PropertyDefinition>
  </gml:dictionaryEntry>
  <gml:dictionaryEntry>
    <def:PropertyDefinition gml:id="xplan_BP_UeberbaubareGrundstuecksFlaeche_GFZ">
      <gml:description>Maximal zulässige Geschossflächenzahl.</gml:description>
      <gml:identifier codeSpace="urn:citgml">urn:xplan:element:xplan:BP_UeberbaubareGrundstuecksFlaeche:attribute:GFZ</gml:identifier>
      <gml:name>xplan:GFZ</gml:name>
      <def:cardinality>0..1</def:cardinality>
      <def:valueTypeName>Decimal</def:valueTypeName>
      <def:type>attribute</def:type>
    </def:PropertyDefinition>
  </gml:dictionaryEntry>
  <gml:dictionaryEntry>
    <def:PropertyDefinition gml:id="xplan_BP_UeberbaubareGrundstuecksFlaeche_GFZ_Ausn">
      <gml:description>Maximal zulässige Geschossflächenzahl als Ausnahme.</gml:description>
      <gml:identifier codeSpace="urn:citgml">urn:xplan:element:xplan:BP_UeberbaubareGrundstuecksFlaeche:attribute:GFZ_Ausn</gml:identifier>
      <gml:name>xplan:GFZ_Ausn</gml:name>
      <def:cardinality>0..1</def:cardinality>
      <def:valueTypeName>Decimal</def:valueTypeName>
      <def:type>attribute</def:type>
    </def:PropertyDefinition>
  </gml:dictionaryEntry>
  <gml:dictionaryEntry>
    <def:PropertyDefinition gml:id="xplan_BP_UeberbaubareGrundstuecksFlaeche_GFmin">
      <gml:description>Minimal zulässige Geschossfläche</gml:description>
      <gml:identifier codeSpace="urn:citgml">urn:xplan:element:xplan:BP_UeberbaubareGrundstuecksFlaeche:attribute:GFmin</gml:identifier>
      <gml:name>xplan:GFmin</gml:name>
      <def:cardinality>0..1</def:cardinality>
      <def:valueTypeName>Area</def:valueTypeName>
      <def:type>attribute</def:type>
    </def:PropertyDefinition>
  </gml:dictionaryEntry>
  <gml:dictionaryEntry>
    <def:PropertyDefinition gml:id="xplan_BP_UeberbaubareGrundstuecksFlaeche_GFmax">
      <gml:description>Maximal zulässige Geschossfläche bei einer Bereichsabgabe. Das Attribut GFmin muss ebenfalls belegt sein.</gml:description>
      <gml:identifier codeSpace="urn:citgml">urn:xplan:element:xplan:BP_UeberbaubareGrundstuecksFlaeche:attribute:GFmax</gml:identifier>
      <gml:name>xplan:GFmax</gml:name>
      <def:cardinality>0..1</def:cardinality>
      <def:valueTypeName>Area</def:valueTypeName>
      <def:type>attribute</def:type>
    </def:PropertyDefinition>
  </gml:dictionaryEntry>
  <gml:dictionaryEntry>
    <def:PropertyDefinition gml:id="xplan_BP_UeberbaubareGrundstuecksFlaeche_GF">
      <gml:description>Maximal zulässige Geschossfläche.</gml:description>
      <gml:identifier codeSpace="urn:citgml">urn:xplan:element:xplan:BP_UeberbaubareGrundstuecksFlaeche:attribute:GF</gml:identifier>
      <gml:name>xplan:GF</gml:name>
      <def:cardinality>0..1</def:cardinality>
      <def:valueTypeName>Area</def:valueTypeName>
      <def:type>attribute</def:type>
    </def:PropertyDefinition>
  </gml:dictionaryEntry>
  <gml:dictionaryEntry>
    <def:PropertyDefinition gml:id="xplan_BP_UeberbaubareGrundstuecksFlaeche_GF_Ausn">
      <gml:description>Ausnahmsweise maximal zulässige Geschossfläche.</gml:description>
      <gml:identifier codeSpace="urn:citgml">urn:xplan:element:xplan:BP_UeberbaubareGrundstuecksFlaeche:attribute:GF_Ausn</gml:identifier>
      <gml:name>xplan:GF_Ausn</gml:name>
      <def:cardinality>0..1</def:cardinality>
      <def:valueTypeName>Area</def:valueTypeName>
      <def:type>attribute</def:type>
    </def:PropertyDefinition>
  </gml:dictionaryEntry>
  <gml:dictionaryEntry>
    <def:PropertyDefinition gml:id="xplan_BP_UeberbaubareGrundstuecksFlaeche_BMZmin">
      <gml:description>Minimal zulässige Baumassenzahl</gml:description>
      <gml:identifier codeSpace="urn:citgml">urn:xplan:element:xplan:BP_UeberbaubareGrundstuecksFlaeche:attribute:BMZmin</gml:identifier>
      <gml:name>xplan:BMZmin</gml:name>
      <def:cardinality>0..1</def:cardinality>
      <def:valueTypeName>Decimal</def:valueTypeName>
      <def:type>attribute</def:type>
    </def:PropertyDefinition>
  </gml:dictionaryEntry>
  <gml:dictionaryEntry>
    <def:PropertyDefinition gml:id="xplan_BP_UeberbaubareGrundstuecksFlaeche_BMZmax">
      <gml:description>Maximal zulässige Baumassenzahl bei einer Bereichsangabe. Das Attribut BMZmin muss ebenfalls spezifiziert werden.</gml:description>
      <gml:identifier codeSpace="urn:citgml">urn:xplan:element:xplan:BP_UeberbaubareGrundstuecksFlaeche:attribute:BMZmax</gml:identifier>
      <gml:name>xplan:BMZmax</gml:name>
      <def:cardinality>0..1</def:cardinality>
      <def:valueTypeName>Decimal</def:valueTypeName>
      <def:type>attribute</def:type>
    </def:PropertyDefinition>
  </gml:dictionaryEntry>
  <gml:dictionaryEntry>
    <def:PropertyDefinition gml:id="xplan_BP_UeberbaubareGrundstuecksFlaeche_BMZ">
      <gml:description>Maximal zulässige Baumassenzahl.</gml:description>
      <gml:identifier codeSpace="urn:citgml">urn:xplan:element:xplan:BP_UeberbaubareGrundstuecksFlaeche:attribute:BMZ</gml:identifier>
      <gml:name>xplan:BMZ</gml:name>
      <def:cardinality>0..1</def:cardinality>
      <def:valueTypeName>Decimal</def:valueTypeName>
      <def:type>attribute</def:type>
    </def:PropertyDefinition>
  </gml:dictionaryEntry>
  <gml:dictionaryEntry>
    <def:PropertyDefinition gml:id="xplan_BP_UeberbaubareGrundstuecksFlaeche_BMZ_Ausn">
      <gml:description>Ausnahmsweise maximal zulässige Baumassenzahl.</gml:description>
      <gml:identifier codeSpace="urn:citgml">urn:xplan:element:xplan:BP_UeberbaubareGrundstuecksFlaeche:attribute:BMZ_Ausn</gml:identifier>
      <gml:name>xplan:BMZ_Ausn</gml:name>
      <def:cardinality>0..1</def:cardinality>
      <def:valueTypeName>Decimal</def:valueTypeName>
      <def:type>attribute</def:type>
    </def:PropertyDefinition>
  </gml:dictionaryEntry>
  <gml:dictionaryEntry>
    <def:PropertyDefinition gml:id="xplan_BP_UeberbaubareGrundstuecksFlaeche_BMmin">
      <gml:description>Minimal zulässinge Baumasse.</gml:description>
      <gml:identifier codeSpace="urn:citgml">urn:xplan:element:xplan:BP_UeberbaubareGrundstuecksFlaeche:attribute:BMmin</gml:identifier>
      <gml:name>xplan:BMmin</gml:name>
      <def:cardinality>0..1</def:cardinality>
      <def:valueTypeName>Volume</def:valueTypeName>
      <def:type>attribute</def:type>
    </def:PropertyDefinition>
  </gml:dictionaryEntry>
  <gml:dictionaryEntry>
    <def:PropertyDefinition gml:id="xplan_BP_UeberbaubareGrundstuecksFlaeche_BMmax">
      <gml:description>Maximal zulässinge Baumasse bei einer Bereichsangabe. Das Attribut BMmin muss ebenfalls spezifiziert werden.</gml:description>
      <gml:identifier codeSpace="urn:citgml">urn:xplan:element:xplan:BP_UeberbaubareGrundstuecksFlaeche:attribute:BMmax</gml:identifier>
      <gml:name>xplan:BMmax</gml:name>
      <def:cardinality>0..1</def:cardinality>
      <def:valueTypeName>Volume</def:valueTypeName>
      <def:type>attribute</def:type>
    </def:PropertyDefinition>
  </gml:dictionaryEntry>
  <gml:dictionaryEntry>
    <def:PropertyDefinition gml:id="xplan_BP_UeberbaubareGrundstuecksFlaeche_BM">
      <gml:description>Maximal zulässige Baumasse.</gml:description>
      <gml:identifier codeSpace="urn:citgml">urn:xplan:element:xplan:BP_UeberbaubareGrundstuecksFlaeche:attribute:BM</gml:identifier>
      <gml:name>xplan:BM</gml:name>
      <def:cardinality>0..1</def:cardinality>
      <def:valueTypeName>Volume</def:valueTypeName>
      <def:type>attribute</def:type>
    </def:PropertyDefinition>
  </gml:dictionaryEntry>
  <gml:dictionaryEntry>
    <def:PropertyDefinition gml:id="xplan_BP_UeberbaubareGrundstuecksFlaeche_BM_Ausn">
      <gml:description>Ausnahmsweise maximal zulässige Baumasse.</gml:description>
      <gml:identifier codeSpace="urn:citgml">urn:xplan:element:xplan:BP_UeberbaubareGrundstuecksFlaeche:attribute:BM_Ausn</gml:identifier>
      <gml:name>xplan:BM_Ausn</gml:name>
      <def:cardinality>0..1</def:cardinality>
      <def:valueTypeName>Volume</def:valueTypeName>
      <def:type>attribute</def:type>
    </def:PropertyDefinition>
  </gml:dictionaryEntry>
  <gml:dictionaryEntry>
    <def:PropertyDefinition gml:id="xplan_BP_UeberbaubareGrundstuecksFlaeche_GRZmin">
      <gml:description>Minimal zulässige Grundflächenzahl.</gml:description>
      <gml:identifier codeSpace="urn:citgml">urn:xplan:element:xplan:BP_UeberbaubareGrundstuecksFlaeche:attribute:GRZmin</gml:identifier>
      <gml:name>xplan:GRZmin</gml:name>
      <def:cardinality>0..1</def:cardinality>
      <def:valueTypeName>Decimal</def:valueTypeName>
      <def:type>attribute</def:type>
    </def:PropertyDefinition>
  </gml:dictionaryEntry>
  <gml:dictionaryEntry>
    <def:PropertyDefinition gml:id="xplan_BP_UeberbaubareGrundstuecksFlaeche_GRZmax">
      <gml:description>Maximal zulässige Grundflächenzahl bei einer Bereichsangabe.  Das Attribut GRZmin muss ebenfalls spezifiziert werden.</gml:description>
      <gml:identifier codeSpace="urn:citgml">urn:xplan:element:xplan:BP_UeberbaubareGrundstuecksFlaeche:attribute:GRZmax</gml:identifier>
      <gml:name>xplan:GRZmax</gml:name>
      <def:cardinality>0..1</def:cardinality>
      <def:valueTypeName>Decimal</def:valueTypeName>
      <def:type>attribute</def:type>
    </def:PropertyDefinition>
  </gml:dictionaryEntry>
  <gml:dictionaryEntry>
    <def:PropertyDefinition gml:id="xplan_BP_UeberbaubareGrundstuecksFlaeche_GRZ">
      <gml:description>Maximal zulässige Grundflächenzahl</gml:description>
      <gml:identifier codeSpace="urn:citgml">urn:xplan:element:xplan:BP_UeberbaubareGrundstuecksFlaeche:attribute:GRZ</gml:identifier>
      <gml:name>xplan:GRZ</gml:name>
      <def:cardinality>0..1</def:cardinality>
      <def:valueTypeName>Decimal</def:valueTypeName>
      <def:type>attribute</def:type>
    </def:PropertyDefinition>
  </gml:dictionaryEntry>
  <gml:dictionaryEntry>
    <def:PropertyDefinition gml:id="xplan_BP_UeberbaubareGrundstuecksFlaeche_GRZ_Ausn">
      <gml:description>Ausnahmsweise maximal zulässige Grundflächenzahl.</gml:description>
      <gml:identifier codeSpace="urn:citgml">urn:xplan:element:xplan:BP_UeberbaubareGrundstuecksFlaeche:attribute:GRZ_Ausn</gml:identifier>
      <gml:name>xplan:GRZ_Ausn</gml:name>
      <def:cardinality>0..1</def:cardinality>
      <def:valueTypeName>Decimal</def:valueTypeName>
      <def:type>attribute</def:type>
    </def:PropertyDefinition>
  </gml:dictionaryEntry>
  <gml:dictionaryEntry>
    <def:PropertyDefinition gml:id="xplan_BP_UeberbaubareGrundstuecksFlaeche_GRmin">
      <gml:description>Minimal zulässige Grundfläche.</gml:description>
      <gml:identifier codeSpace="urn:citgml">urn:xplan:element:xplan:BP_UeberbaubareGrundstuecksFlaeche:attribute:GRmin</gml:identifier>
      <gml:name>xplan:GRmin</gml:name>
      <def:cardinality>0..1</def:cardinality>
      <def:valueTypeName>Area</def:valueTypeName>
      <def:type>attribute</def:type>
    </def:PropertyDefinition>
  </gml:dictionaryEntry>
  <gml:dictionaryEntry>
    <def:PropertyDefinition gml:id="xplan_BP_UeberbaubareGrundstuecksFlaeche_GRmax">
      <gml:description>Maximal zulässige Grundfläche bei einer Bereichsangabe. Das Attribut GRmin muss ebenfalls spezifiziert werden.</gml:description>
      <gml:identifier codeSpace="urn:citgml">urn:xplan:element:xplan:BP_UeberbaubareGrundstuecksFlaeche:attribute:GRmax</gml:identifier>
      <gml:name>xplan:GRmax</gml:name>
      <def:cardinality>0..1</def:cardinality>
      <def:valueTypeName>Area</def:valueTypeName>
      <def:type>attribute</def:type>
    </def:PropertyDefinition>
  </gml:dictionaryEntry>
  <gml:dictionaryEntry>
    <def:PropertyDefinition gml:id="xplan_BP_UeberbaubareGrundstuecksFlaeche_GR">
      <gml:description>Maximal zulässige Grundfläche.</gml:description>
      <gml:identifier codeSpace="urn:citgml">urn:xplan:element:xplan:BP_UeberbaubareGrundstuecksFlaeche:attribute:GR</gml:identifier>
      <gml:name>xplan:GR</gml:name>
      <def:cardinality>0..1</def:cardinality>
      <def:valueTypeName>Area</def:valueTypeName>
      <def:type>attribute</def:type>
    </def:PropertyDefinition>
  </gml:dictionaryEntry>
  <gml:dictionaryEntry>
    <def:PropertyDefinition gml:id="xplan_BP_UeberbaubareGrundstuecksFlaeche_GR_Ausn">
      <gml:description>Ausnahmsweise maximal zulässige Grundfläche.</gml:description>
      <gml:identifier codeSpace="urn:citgml">urn:xplan:element:xplan:BP_UeberbaubareGrundstuecksFlaeche:attribute:GR_Ausn</gml:identifier>
      <gml:name>xplan:GR_Ausn</gml:name>
      <def:cardinality>0..1</def:cardinality>
      <def:valueTypeName>Area</def:valueTypeName>
      <def:type>attribute</def:type>
    </def:PropertyDefinition>
  </gml:dictionaryEntry>
  <gml:dictionaryEntry>
    <def:PropertyDefinition gml:id="xplan_BP_UeberbaubareGrundstuecksFlaeche_Zmin">
      <gml:description>Minimal zulässige Zahl der oberirdischen Vollgeschosse.</gml:description>
      <gml:identifier codeSpace="urn:citgml">urn:xplan:element:xplan:BP_UeberbaubareGrundstuecksFlaeche:attribute:Zmin</gml:identifier>
      <gml:name>xplan:Zmin</gml:name>
      <def:cardinality>0..1</def:cardinality>
      <def:valueTypeName>Integer</def:valueTypeName>
      <def:type>attribute</def:type>
    </def:PropertyDefinition>
  </gml:dictionaryEntry>
  <gml:dictionaryEntry>
    <def:PropertyDefinition gml:id="xplan_BP_UeberbaubareGrundstuecksFlaeche_Zmax">
      <gml:description>Maximal zulässige Zahl der oberirdischen Vollgeschosse bei einer Bereichsangabe. Das Attribut Zmin muss ebenfalls belegt sein.</gml:description>
      <gml:identifier codeSpace="urn:citgml">urn:xplan:element:xplan:BP_UeberbaubareGrundstuecksFlaeche:attribute:Zmax</gml:identifier>
      <gml:name>xplan:Zmax</gml:name>
      <def:cardinality>0..1</def:cardinality>
      <def:valueTypeName>Integer</def:valueTypeName>
      <def:type>attribute</def:type>
    </def:PropertyDefinition>
  </gml:dictionaryEntry>
  <gml:dictionaryEntry>
    <def:PropertyDefinition gml:id="xplan_BP_UeberbaubareGrundstuecksFlaeche_Zzwingend">
      <gml:description>Zwingend vorgeschriebene Zahl der oberirdischen Vollgeschosse.</gml:description>
      <gml:identifier codeSpace="urn:citgml">urn:xplan:element:xplan:BP_UeberbaubareGrundstuecksFlaeche:attribute:Zzwingend</gml:identifier>
      <gml:name>xplan:Zzwingend</gml:name>
      <def:cardinality>0..1</def:cardinality>
      <def:valueTypeName>Integer</def:valueTypeName>
      <def:type>attribute</def:type>
    </def:PropertyDefinition>
  </gml:dictionaryEntry>
  <gml:dictionaryEntry>
    <def:PropertyDefinition gml:id="xplan_BP_UeberbaubareGrundstuecksFlaeche_Z">
      <gml:description>Maximalzahl der oberirdischen Vollgeschosse.</gml:description>
      <gml:identifier codeSpace="urn:citgml">urn:xplan:element:xplan:BP_UeberbaubareGrundstuecksFlaeche:attribute:Z</gml:identifier>
      <gml:name>xplan:Z</gml:name>
      <def:cardinality>0..1</def:cardinality>
      <def:valueTypeName>Integer</def:valueTypeName>
      <def:type>attribute</def:type>
    </def:PropertyDefinition>
  </gml:dictionaryEntry>
  <gml:dictionaryEntry>
    <def:PropertyDefinition gml:id="xplan_BP_UeberbaubareGrundstuecksFlaeche_Z_Ausn">
      <gml:description>Ausnahmsweise maximal zulässige Zahl der oberirdischen Vollgeschosse.</gml:description>
      <gml:identifier codeSpace="urn:citgml">urn:xplan:element:xplan:BP_UeberbaubareGrundstuecksFlaeche:attribute:Z_Ausn</gml:identifier>
      <gml:name>xplan:Z_Ausn</gml:name>
      <def:cardinality>0..1</def:cardinality>
      <def:valueTypeName>Integer</def:valueTypeName>
      <def:type>attribute</def:type>
    </def:PropertyDefinition>
  </gml:dictionaryEntry>
  <gml:dictionaryEntry>
    <def:PropertyDefinition gml:id="xplan_BP_UeberbaubareGrundstuecksFlaeche_Z_Staffel">
      <gml:description>Maximalzahl von oberirdischen zurückgesetzten Vollgeschossen als Staffelgeschoss..</gml:description>
      <gml:identifier codeSpace="urn:citgml">urn:xplan:element:xplan:BP_UeberbaubareGrundstuecksFlaeche:attribute:Z_Staffel</gml:identifier>
      <gml:name>xplan:Z_Staffel</gml:name>
      <def:cardinality>0..1</def:cardinality>
      <def:valueTypeName>Integer</def:valueTypeName>
      <def:type>attribute</def:type>
    </def:PropertyDefinition>
  </gml:dictionaryEntry>
  <gml:dictionaryEntry>
    <def:PropertyDefinition gml:id="xplan_BP_UeberbaubareGrundstuecksFlaeche_Z_Dach">
      <gml:description>Maximalzahl der zusätzlich erlaubten Dachgeschosse, die gleichzeitig Vollgeschosse sind.</gml:description>
      <gml:identifier codeSpace="urn:citgml">urn:xplan:element:xplan:BP_UeberbaubareGrundstuecksFlaeche:attribute:Z_Dach</gml:identifier>
      <gml:name>xplan:Z_Dach</gml:name>
      <def:cardinality>0..1</def:cardinality>
      <def:valueTypeName>Integer</def:valueTypeName>
      <def:type>attribute</def:type>
    </def:PropertyDefinition>
  </gml:dictionaryEntry>
  <gml:dictionaryEntry>
    <def:PropertyDefinition gml:id="xplan_BP_UeberbaubareGrundstuecksFlaeche_ZUmin">
      <gml:description>Minimal zulässige Zahl der unterirdischen Geschosse.</gml:description>
      <gml:identifier codeSpace="urn:citgml">urn:xplan:element:xplan:BP_UeberbaubareGrundstuecksFlaeche:attribute:ZUmin</gml:identifier>
      <gml:name>xplan:ZUmin</gml:name>
      <def:cardinality>0..1</def:cardinality>
      <def:valueTypeName>Integer</def:valueTypeName>
      <def:type>attribute</def:type>
    </def:PropertyDefinition>
  </gml:dictionaryEntry>
  <gml:dictionaryEntry>
    <def:PropertyDefinition gml:id="xplan_BP_UeberbaubareGrundstuecksFlaeche_ZUmax">
      <gml:description>Maximal zulässige Zahl der unterirdischen Geschosse bei einer Bereichsangabe. Das Attribut ZUmin muss ebenfalls belegt sein.</gml:description>
      <gml:identifier codeSpace="urn:citgml">urn:xplan:element:xplan:BP_UeberbaubareGrundstuecksFlaeche:attribute:ZUmax</gml:identifier>
      <gml:name>xplan:ZUmax</gml:name>
      <def:cardinality>0..1</def:cardinality>
      <def:valueTypeName>Integer</def:valueTypeName>
      <def:type>attribute</def:type>
    </def:PropertyDefinition>
  </gml:dictionaryEntry>
  <gml:dictionaryEntry>
    <def:PropertyDefinition gml:id="xplan_BP_UeberbaubareGrundstuecksFlaeche_ZUzwingend">
      <gml:description>Zwingend vorgeschriebene Zahl der unterirdischen Geschosse.</gml:description>
      <gml:identifier codeSpace="urn:citgml">urn:xplan:element:xplan:BP_UeberbaubareGrundstuecksFlaeche:attribute:ZUzwingend</gml:identifier>
      <gml:name>xplan:ZUzwingend</gml:name>
      <def:cardinality>0..1</def:cardinality>
      <def:valueTypeName>Integer</def:valueTypeName>
      <def:type>attribute</def:type>
    </def:PropertyDefinition>
  </gml:dictionaryEntry>
  <gml:dictionaryEntry>
    <def:PropertyDefinition gml:id="xplan_BP_UeberbaubareGrundstuecksFlaeche_ZU">
      <gml:description>Maximal zulässige Zahl der unterirdischen Geschosse.</gml:description>
      <gml:identifier codeSpace="urn:citgml">urn:xplan:element:xplan:BP_UeberbaubareGrundstuecksFlaeche:attribute:ZU</gml:identifier>
      <gml:name>xplan:ZU</gml:name>
      <def:cardinality>0..1</def:cardinality>
      <def:valueTypeName>Integer</def:valueTypeName>
      <def:type>attribute</def:type>
    </def:PropertyDefinition>
  </gml:dictionaryEntry>
  <gml:dictionaryEntry>
    <def:PropertyDefinition gml:id="xplan_BP_UeberbaubareGrundstuecksFlaeche_ZU_Ausn">
      <gml:description>Ausnahmsweise maximal zulässige Zahl der unterirdischen Geschosse.</gml:description>
      <gml:identifier codeSpace="urn:citgml">urn:xplan:element:xplan:BP_UeberbaubareGrundstuecksFlaeche:attribute:ZU_Ausn</gml:identifier>
      <gml:name>xplan:ZU_Ausn</gml:name>
      <def:cardinality>0..1</def:cardinality>
      <def:valueTypeName>Integer</def:valueTypeName>
      <def:type>attribute</def:type>
    </def:PropertyDefinition>
  </gml:dictionaryEntry>
  <gml:dictionaryEntry>
    <def:PropertyDefinition gml:id="xplan_BP_UeberbaubareGrundstuecksFlaeche_geschossMin">
      <gml:description>Gibt bei geschossweiser Festsetzung die Nummer des Geschosses an, ab den die Festsetzung gilt. Wenn das Attribut nicht belegt ist, gilt die Festsetzung für alle Geschosse bis einschl. geschossMax.</gml:description>
      <gml:identifier codeSpace="urn:citgml">urn:xplan:element:xplan:BP_UeberbaubareGrundstuecksFlaeche:attribute:geschossMin</gml:identifier>
      <gml:name>xplan:geschossMin</gml:name>
      <def:cardinality>0..1</def:cardinality>
      <def:valueTypeRef xlink:href="urn:xplan:element::Integer" />
      <def:type>attribute</def:type>
    </def:PropertyDefinition>
  </gml:dictionaryEntry>
  <gml:dictionaryEntry>
    <def:PropertyDefinition gml:id="xplan_BP_UeberbaubareGrundstuecksFlaeche_geschossMax">
      <gml:description>Gibt bei geschossweiser Feststzung die Nummer des Geschosses an, bis zu der die Festsetzung gilt. Wenn das Attribut nicht belegt ist, gilt die Festsetzung für alle Geschosse ab einschl. geschossMin.</gml:description>
      <gml:identifier codeSpace="urn:citgml">urn:xplan:element:xplan:BP_UeberbaubareGrundstuecksFlaeche:attribute:geschossMax</gml:identifier>
      <gml:name>xplan:geschossMax</gml:name>
      <def:cardinality>0..1</def:cardinality>
      <def:valueTypeRef xlink:href="urn:xplan:element::Integer" />
      <def:type>attribute</def:type>
    </def:PropertyDefinition>
  </gml:dictionaryEntry>
  <gml:dictionaryEntry>
    <def:PropertyDefinition gml:id="xplan_BP_UeberbaubareGrundstuecksFlaeche_baugrenze">
      <gml:description />
      <gml:identifier codeSpace="urn:citgml">urn:xplan:element:xplan:BP_UeberbaubareGrundstuecksFlaeche:association-role:baugrenze</gml:identifier>
      <gml:name>xplan:baugrenze</gml:name>
      <def:cardinality>0..*</def:cardinality>
      <def:valueTypeRef xlink:href="urn:xplan:element:xplan:BP_BauGrenze" />
      <def:type>associationRole</def:type>
    </def:PropertyDefinition>
  </gml:dictionaryEntry>
  <gml:dictionaryEntry>
    <def:PropertyDefinition gml:id="xplan_BP_UeberbaubareGrundstuecksFlaeche_baulinie">
      <gml:description />
      <gml:identifier codeSpace="urn:citgml">urn:xplan:element:xplan:BP_UeberbaubareGrundstuecksFlaeche:association-role:baulinie</gml:identifier>
      <gml:name>xplan:baulinie</gml:name>
      <def:cardinality>0..*</def:cardinality>
      <def:valueTypeRef xlink:href="urn:xplan:element:xplan:BP_BauLinie" />
      <def:type>associationRole</def:type>
    </def:PropertyDefinition>
  </gml:dictionaryEntry>
  <def:classification>featureType</def:classification>
  <def:supertypeRef xlink:href="urn:xplan:element:xplan:BP_Ueberlagerungsobjekt" />
</TypeDefinition>