﻿<!--Erzeugt mit KIT (www.kit.edu) UmlToXmlTransformation-Software, Erstellungsdatum: 24.08.2012 09:29:24-->
<TypeDefinition xmlns="http://www.interactive-instruments.de/ShapeChange/Definitions/0.5" xmlns:def="http://www.interactive-instruments.de/ShapeChange/Definitions/0.5" xmlns:gml="http://www.opengis.net/gml/3.2" xmlns:xlink="http://www.w3.org/1999/xlink" xmlns:xsi="http://www.w3.org/2001/XMLSchema-instance" xsi:schemaLocation="http://www.interactive-instruments.de/ShapeChange/Definitions/0.5 ../xsd/ShapeChangeDefinitions.xsd" gml:id="xplanNSM_RP_Wasserschutz">
  <gml:description />
  <gml:identifier codeSpace="urn:citgml">urn:xplan:element:xplanNSM:RP_Wasserschutz</gml:identifier>
  <gml:name>xplanNSM:RP_Wasserschutz</gml:name>
  <gml:dictionaryEntry>
    <def:PropertyDefinition gml:id="xplanNSM_RP_Wasserschutz_zweckbestimmungWS">
      <gml:description />
      <gml:identifier codeSpace="urn:citgml">urn:xplan:element:xplanNSM:RP_Wasserschutz:attribute:zweckbestimmungWS</gml:identifier>
      <gml:name>xplanNSM:zweckbestimmungWS</gml:name>
      <gml:dictionaryEntry>
        <ListedValueDefinition gml:id="xplanNSM_RP_Wasserschutz_zweckbestimmungWS_RP_NSM_ZweckbestimmungWasserschutz_1000">
          <gml:identifier codeSpace="urn:citgml">urn:xplan:enum:xplanNSM:RP_Wasserschutz:zweckbestimmungWS:RP_NSM_ZweckbestimmungWasserschutz:1000</gml:identifier>
          <gml:name>Grundwasserschutz</gml:name>
        </ListedValueDefinition>
      </gml:dictionaryEntry>
      <gml:dictionaryEntry>
        <ListedValueDefinition gml:id="xplanNSM_RP_Wasserschutz_zweckbestimmungWS_RP_NSM_ZweckbestimmungWasserschutz_2000">
          <gml:identifier codeSpace="urn:citgml">urn:xplan:enum:xplanNSM:RP_Wasserschutz:zweckbestimmungWS:RP_NSM_ZweckbestimmungWasserschutz:2000</gml:identifier>
          <gml:name>Trinkwassergewinnung</gml:name>
        </ListedValueDefinition>
      </gml:dictionaryEntry>
      <gml:dictionaryEntry>
        <ListedValueDefinition gml:id="xplanNSM_RP_Wasserschutz_zweckbestimmungWS_RP_NSM_ZweckbestimmungWasserschutz_3000">
          <gml:identifier codeSpace="urn:citgml">urn:xplan:enum:xplanNSM:RP_Wasserschutz:zweckbestimmungWS:RP_NSM_ZweckbestimmungWasserschutz:3000</gml:identifier>
          <gml:name>Heilquelle</gml:name>
        </ListedValueDefinition>
      </gml:dictionaryEntry>
      <def:cardinality>0..1</def:cardinality>
      <def:valueTypeName>RP_NSM_ZweckbestimmungWasserschutz</def:valueTypeName>
      <def:type>attribute</def:type>
    </def:PropertyDefinition>
  </gml:dictionaryEntry>
  <def:classification />
  <def:supertypeRef xlink:href="urn:xplan:element:xplan:RP_Wasserschutz" />
</TypeDefinition>