﻿<!--Erzeugt mit KIT (www.kit.edu) UmlToXmlTransformation-Software, Erstellungsdatum: 24.08.2012 09:29:21-->
<TypeDefinition xmlns="http://www.interactive-instruments.de/ShapeChange/Definitions/0.5" xmlns:def="http://www.interactive-instruments.de/ShapeChange/Definitions/0.5" xmlns:gml="http://www.opengis.net/gml/3.2" xmlns:xlink="http://www.w3.org/1999/xlink" xmlns:xsi="http://www.w3.org/2001/XMLSchema-instance" xsi:schemaLocation="http://www.interactive-instruments.de/ShapeChange/Definitions/0.5 ../xsd/ShapeChangeDefinitions.xsd" gml:id="xplan_LP_NRW_SonstigeMassnahme">
  <gml:description />
  <gml:identifier codeSpace="urn:citgml">urn:xplan:element:xplan:LP_NRW_SonstigeMassnahme</gml:identifier>
  <gml:name>xplan:LP_NRW_SonstigeMassnahme</gml:name>
  <gml:dictionaryEntry>
    <def:PropertyDefinition gml:id="xplan_LP_NRW_SonstigeMassnahme_detailMassnahme">
      <gml:description />
      <gml:identifier codeSpace="urn:citgml">urn:xplan:element:xplan:LP_NRW_SonstigeMassnahme:attribute:detailMassnahme</gml:identifier>
      <gml:name>xplan:detailMassnahme</gml:name>
      <def:cardinality>0..1</def:cardinality>
      <def:valueTypeName>LP_NRW_DetailSonstigeMassnahmen</def:valueTypeName>
      <def:type>attribute</def:type>
    </def:PropertyDefinition>
  </gml:dictionaryEntry>
  <def:classification>featureType</def:classification>
  <def:supertypeRef xlink:href="urn:xplan:element:xplan:LP_SchutzPflegeEntwicklung" />
</TypeDefinition>