﻿<!--Erzeugt mit KIT (www.kit.edu) UmlToXmlTransformation-Software, Erstellungsdatum: 09.09.2013 11:08:47-->
<TypeDefinition xmlns="http://www.interactive-instruments.de/ShapeChange/Definitions/0.5" xmlns:def="http://www.interactive-instruments.de/ShapeChange/Definitions/0.5" xmlns:gml="http://www.opengis.net/gml/3.2" xmlns:xlink="http://www.w3.org/1999/xlink" xmlns:xsi="http://www.w3.org/2001/XMLSchema-instance" xsi:schemaLocation="http://www.interactive-instruments.de/ShapeChange/Definitions/0.5 ../xsd/ShapeChangeDefinitions.xsd" gml:id="xplan_BP_Wegerecht">
  <gml:description>Festsetzung von Flächen, die mit Geh-, Fahr-, und Leitungsrechten zugunsten der Allgemeinheit, eines Erschließungsträgers, oder eines beschränkten Personenkreises belastet sind  (§ 9 Abs. 1 Nr. 21 und Abs. 6 BauGB).
</gml:description>
  <gml:identifier codeSpace="urn:citgml">urn:xplan:element:xplan:BP_Wegerecht</gml:identifier>
  <gml:name>xplan:BP_Wegerecht</gml:name>
  <gml:dictionaryEntry>
    <def:PropertyDefinition gml:id="xplan_BP_Wegerecht_typ">
      <gml:description>Typ des Wegerechts</gml:description>
      <gml:identifier codeSpace="urn:citgml">urn:xplan:element:xplan:BP_Wegerecht:attribute:typ</gml:identifier>
      <gml:name>xplan:typ</gml:name>
      <gml:dictionaryEntry>
        <ListedValueDefinition gml:id="xplan_BP_Wegerecht_typ_BP_WegerechtTypen_1000">
          <gml:description>Gehrecht</gml:description>
          <gml:identifier codeSpace="urn:citgml">urn:xplan:enum:xplan:BP_Wegerecht:typ:BP_WegerechtTypen:1000</gml:identifier>
          <gml:name>Gehrecht</gml:name>
        </ListedValueDefinition>
      </gml:dictionaryEntry>
      <gml:dictionaryEntry>
        <ListedValueDefinition gml:id="xplan_BP_Wegerecht_typ_BP_WegerechtTypen_2000">
          <gml:description>Fahrrecht</gml:description>
          <gml:identifier codeSpace="urn:citgml">urn:xplan:enum:xplan:BP_Wegerecht:typ:BP_WegerechtTypen:2000</gml:identifier>
          <gml:name>Fahrrecht</gml:name>
        </ListedValueDefinition>
      </gml:dictionaryEntry>
      <gml:dictionaryEntry>
        <ListedValueDefinition gml:id="xplan_BP_Wegerecht_typ_BP_WegerechtTypen_3000">
          <gml:description>Geh- und Fahrrecht</gml:description>
          <gml:identifier codeSpace="urn:citgml">urn:xplan:enum:xplan:BP_Wegerecht:typ:BP_WegerechtTypen:3000</gml:identifier>
          <gml:name>GehFahrrecht</gml:name>
        </ListedValueDefinition>
      </gml:dictionaryEntry>
      <gml:dictionaryEntry>
        <ListedValueDefinition gml:id="xplan_BP_Wegerecht_typ_BP_WegerechtTypen_4000">
          <gml:identifier codeSpace="urn:citgml">urn:xplan:enum:xplan:BP_Wegerecht:typ:BP_WegerechtTypen:4000</gml:identifier>
          <gml:name>Leitungsrecht</gml:name>
        </ListedValueDefinition>
      </gml:dictionaryEntry>
      <gml:dictionaryEntry>
        <ListedValueDefinition gml:id="xplan_BP_Wegerecht_typ_BP_WegerechtTypen_4100">
          <gml:description>Geh- und Leitungsrecht</gml:description>
          <gml:identifier codeSpace="urn:citgml">urn:xplan:enum:xplan:BP_Wegerecht:typ:BP_WegerechtTypen:4100</gml:identifier>
          <gml:name>GehLeitungsrecht</gml:name>
        </ListedValueDefinition>
      </gml:dictionaryEntry>
      <gml:dictionaryEntry>
        <ListedValueDefinition gml:id="xplan_BP_Wegerecht_typ_BP_WegerechtTypen_4200">
          <gml:description>Fahr- und Leitungsrecht</gml:description>
          <gml:identifier codeSpace="urn:citgml">urn:xplan:enum:xplan:BP_Wegerecht:typ:BP_WegerechtTypen:4200</gml:identifier>
          <gml:name>FahrLeitungsrecht</gml:name>
        </ListedValueDefinition>
      </gml:dictionaryEntry>
      <gml:dictionaryEntry>
        <ListedValueDefinition gml:id="xplan_BP_Wegerecht_typ_BP_WegerechtTypen_5000">
          <gml:description>Geh-, Fahr- und Leitungsrecht</gml:description>
          <gml:identifier codeSpace="urn:citgml">urn:xplan:enum:xplan:BP_Wegerecht:typ:BP_WegerechtTypen:5000</gml:identifier>
          <gml:name>GehFahrLeitungsrecht</gml:name>
        </ListedValueDefinition>
      </gml:dictionaryEntry>
      <def:cardinality>0..1</def:cardinality>
      <def:valueTypeName>BP_WegerechtTypen</def:valueTypeName>
      <def:type>attribute</def:type>
    </def:PropertyDefinition>
  </gml:dictionaryEntry>
  <gml:dictionaryEntry>
    <def:PropertyDefinition gml:id="xplan_BP_Wegerecht_zugunstenVon">
      <gml:description>Inhaber der Rechte.</gml:description>
      <gml:identifier codeSpace="urn:citgml">urn:xplan:element:xplan:BP_Wegerecht:attribute:zugunstenVon</gml:identifier>
      <gml:name>xplan:zugunstenVon</gml:name>
      <def:cardinality>0..1</def:cardinality>
      <def:valueTypeRef xlink:href="urn:xplan:element::CharacterString" />
      <def:type>attribute</def:type>
    </def:PropertyDefinition>
  </gml:dictionaryEntry>
  <gml:dictionaryEntry>
    <def:PropertyDefinition gml:id="xplan_BP_Wegerecht_thema">
      <gml:description>Beschreibung des Rechtes.</gml:description>
      <gml:identifier codeSpace="urn:citgml">urn:xplan:element:xplan:BP_Wegerecht:attribute:thema</gml:identifier>
      <gml:name>xplan:thema</gml:name>
      <def:cardinality>0..1</def:cardinality>
      <def:valueTypeRef xlink:href="urn:xplan:element::CharacterString" />
      <def:type>attribute</def:type>
    </def:PropertyDefinition>
  </gml:dictionaryEntry>
  <gml:dictionaryEntry>
    <def:PropertyDefinition gml:id="xplan_BP_Wegerecht_breite">
      <gml:description>Breite des Wegerechts bei linienförmiger Ausweisung der Geometrie.</gml:description>
      <gml:identifier codeSpace="urn:citgml">urn:xplan:element:xplan:BP_Wegerecht:attribute:breite</gml:identifier>
      <gml:name>xplan:breite</gml:name>
      <def:cardinality>0..1</def:cardinality>
      <def:valueTypeRef xlink:href="urn:xplan:element::Length" />
      <def:type>attribute</def:type>
    </def:PropertyDefinition>
  </gml:dictionaryEntry>
  <def:classification>featureType</def:classification>
  <def:supertypeRef xlink:href="urn:xplan:element:xplan:BP_Geometrieobjekt" />
</TypeDefinition>