﻿<!--Erzeugt mit KIT (www.kit.edu) UmlToXmlTransformation-Software, Erstellungsdatum: 09.09.2013 11:08:31-->
<TypeDefinition xmlns="http://www.interactive-instruments.de/ShapeChange/Definitions/0.5" xmlns:def="http://www.interactive-instruments.de/ShapeChange/Definitions/0.5" xmlns:gml="http://www.opengis.net/gml/3.2" xmlns:xlink="http://www.w3.org/1999/xlink" xmlns:xsi="http://www.w3.org/2001/XMLSchema-instance" xsi:schemaLocation="http://www.interactive-instruments.de/ShapeChange/Definitions/0.5 ../xsd/ShapeChangeDefinitions.xsd" gml:id="xplan_BP_Objekt">
  <gml:description>Basisklasse für alle raumbezogenen Festsetzungen, Hinweise, Vermerke und Kennzeichnungen eines Bebauungsplans.</gml:description>
  <gml:identifier codeSpace="urn:citgml">urn:xplan:element:xplan:BP_Objekt</gml:identifier>
  <gml:name>xplan:BP_Objekt</gml:name>
  <gml:dictionaryEntry>
    <def:PropertyDefinition gml:id="xplan_BP_Objekt_rechtscharakter">
      <gml:description>Rechtliche Charakterisierung des Planinhaltes.</gml:description>
      <gml:identifier codeSpace="urn:citgml">urn:xplan:element:xplan:BP_Objekt:attribute:rechtscharakter</gml:identifier>
      <gml:name>xplan:rechtscharakter</gml:name>
      <gml:dictionaryEntry>
        <ListedValueDefinition gml:id="xplan_BP_Objekt_rechtscharakter_BP_Rechtscharakter_1000">
          <gml:identifier codeSpace="urn:citgml">urn:xplan:enum:xplan:BP_Objekt:rechtscharakter:BP_Rechtscharakter:1000</gml:identifier>
          <gml:name>Festsetzung</gml:name>
        </ListedValueDefinition>
      </gml:dictionaryEntry>
      <gml:dictionaryEntry>
        <ListedValueDefinition gml:id="xplan_BP_Objekt_rechtscharakter_BP_Rechtscharakter_3000">
          <gml:identifier codeSpace="urn:citgml">urn:xplan:enum:xplan:BP_Objekt:rechtscharakter:BP_Rechtscharakter:3000</gml:identifier>
          <gml:name>Hinweis</gml:name>
        </ListedValueDefinition>
      </gml:dictionaryEntry>
      <gml:dictionaryEntry>
        <ListedValueDefinition gml:id="xplan_BP_Objekt_rechtscharakter_BP_Rechtscharakter_4000">
          <gml:identifier codeSpace="urn:citgml">urn:xplan:enum:xplan:BP_Objekt:rechtscharakter:BP_Rechtscharakter:4000</gml:identifier>
          <gml:name>Vermerk</gml:name>
        </ListedValueDefinition>
      </gml:dictionaryEntry>
      <gml:dictionaryEntry>
        <ListedValueDefinition gml:id="xplan_BP_Objekt_rechtscharakter_BP_Rechtscharakter_5000">
          <gml:identifier codeSpace="urn:citgml">urn:xplan:enum:xplan:BP_Objekt:rechtscharakter:BP_Rechtscharakter:5000</gml:identifier>
          <gml:name>Kennzeichnung</gml:name>
        </ListedValueDefinition>
      </gml:dictionaryEntry>
      <def:cardinality>0..1</def:cardinality>
      <def:valueTypeName>BP_Rechtscharakter</def:valueTypeName>
      <def:type>attribute</def:type>
    </def:PropertyDefinition>
  </gml:dictionaryEntry>
  <gml:dictionaryEntry>
    <def:PropertyDefinition gml:id="xplan_BP_Objekt_startBedingung">
      <gml:description>Notwendige Bedingung für die Wirksamkeit einer Festsetzung.</gml:description>
      <gml:identifier codeSpace="urn:citgml">urn:xplan:element:xplan:BP_Objekt:attribute:startBedingung</gml:identifier>
      <gml:name>xplan:startBedingung</gml:name>
      <def:cardinality>0..1</def:cardinality>
      <def:valueTypeRef xlink:href="urn:xplan:element:xplan:BP_WirksamkeitBedingung" />
      <def:type>attribute</def:type>
    </def:PropertyDefinition>
  </gml:dictionaryEntry>
  <gml:dictionaryEntry>
    <def:PropertyDefinition gml:id="xplan_BP_Objekt_endeBedingung">
      <gml:description>Notwendige Bedingung für das Ende der Wirksamkeit einer Festsetzung</gml:description>
      <gml:identifier codeSpace="urn:citgml">urn:xplan:element:xplan:BP_Objekt:attribute:endeBedingung</gml:identifier>
      <gml:name>xplan:endeBedingung</gml:name>
      <def:cardinality>0..1</def:cardinality>
      <def:valueTypeRef xlink:href="urn:xplan:element:xplan:BP_WirksamkeitBedingung" />
      <def:type>attribute</def:type>
    </def:PropertyDefinition>
  </gml:dictionaryEntry>
  <gml:dictionaryEntry>
    <def:PropertyDefinition gml:id="xplan_BP_Objekt_wirdAusgeglichenDurchFlaeche">
      <gml:description />
      <gml:identifier codeSpace="urn:citgml">urn:xplan:element:xplan:BP_Objekt:association-role:wirdAusgeglichenDurchFlaeche</gml:identifier>
      <gml:name>xplan:wirdAusgeglichenDurchFlaeche</gml:name>
      <def:cardinality>0..*</def:cardinality>
      <def:valueTypeRef xlink:href="urn:xplan:element:xplan:BP_AusgleichsFlaeche" />
      <def:type>associationRole</def:type>
    </def:PropertyDefinition>
  </gml:dictionaryEntry>
  <gml:dictionaryEntry>
    <def:PropertyDefinition gml:id="xplan_BP_Objekt_wirdAusgeglichenDurchABE">
      <gml:description />
      <gml:identifier codeSpace="urn:citgml">urn:xplan:element:xplan:BP_Objekt:association-role:wirdAusgeglichenDurchABE</gml:identifier>
      <gml:name>xplan:wirdAusgeglichenDurchABE</gml:name>
      <def:cardinality>0..*</def:cardinality>
      <def:valueTypeRef xlink:href="urn:xplan:element:xplan:BP_AnpflanzungBindungErhaltung" />
      <def:type>associationRole</def:type>
    </def:PropertyDefinition>
  </gml:dictionaryEntry>
  <gml:dictionaryEntry>
    <def:PropertyDefinition gml:id="xplan_BP_Objekt_wirdAusgeglichenDurchSPEMassnahme">
      <gml:description />
      <gml:identifier codeSpace="urn:citgml">urn:xplan:element:xplan:BP_Objekt:association-role:wirdAusgeglichenDurchSPEMassnahme</gml:identifier>
      <gml:name>xplan:wirdAusgeglichenDurchSPEMassnahme</gml:name>
      <def:cardinality>0..*</def:cardinality>
      <def:valueTypeRef xlink:href="urn:xplan:element:xplan:BP_SchutzPflegeEntwicklungsMassnahme" />
      <def:type>associationRole</def:type>
    </def:PropertyDefinition>
  </gml:dictionaryEntry>
  <gml:dictionaryEntry>
    <def:PropertyDefinition gml:id="xplan_BP_Objekt_wirdAusgeglichenDurchSPEFlaeche">
      <gml:description />
      <gml:identifier codeSpace="urn:citgml">urn:xplan:element:xplan:BP_Objekt:association-role:wirdAusgeglichenDurchSPEFlaeche</gml:identifier>
      <gml:name>xplan:wirdAusgeglichenDurchSPEFlaeche</gml:name>
      <def:cardinality>0..*</def:cardinality>
      <def:valueTypeRef xlink:href="urn:xplan:element:xplan:BP_SchutzPflegeEntwicklungsFlaeche" />
      <def:type>associationRole</def:type>
    </def:PropertyDefinition>
  </gml:dictionaryEntry>
  <gml:dictionaryEntry>
    <def:PropertyDefinition gml:id="xplan_BP_Objekt_wirdAusgeglichenDurchMassnahme">
      <gml:description />
      <gml:identifier codeSpace="urn:citgml">urn:xplan:element:xplan:BP_Objekt:association-role:wirdAusgeglichenDurchMassnahme</gml:identifier>
      <gml:name>xplan:wirdAusgeglichenDurchMassnahme</gml:name>
      <def:cardinality>0..*</def:cardinality>
      <def:valueTypeRef xlink:href="urn:xplan:element:xplan:BP_AusgleichsMassnahme" />
      <def:type>associationRole</def:type>
    </def:PropertyDefinition>
  </gml:dictionaryEntry>
  <gml:dictionaryEntry>
    <def:PropertyDefinition gml:id="xplan_BP_Objekt_gehoertZuBP_Bereich">
      <gml:description />
      <gml:identifier codeSpace="urn:citgml">urn:xplan:element:xplan:BP_Objekt:association-role:gehoertZuBP_Bereich</gml:identifier>
      <gml:name>xplan:gehoertZuBP_Bereich</gml:name>
      <def:cardinality>0..*</def:cardinality>
      <def:valueTypeRef xlink:href="urn:xplan:element:xplan:BP_Bereich" />
      <def:type>associationRole</def:type>
    </def:PropertyDefinition>
  </gml:dictionaryEntry>
  <def:classification>featureType</def:classification>
  <def:supertypeRef xlink:href="urn:xplan:element:xplan:XP_Objekt" />
</TypeDefinition>