﻿<!--Erzeugt mit KIT (www.kit.edu) UmlToXmlTransformation-Software, Erstellungsdatum: 09.09.2013 11:09:12-->
<TypeDefinition xmlns="http://www.interactive-instruments.de/ShapeChange/Definitions/0.5" xmlns:def="http://www.interactive-instruments.de/ShapeChange/Definitions/0.5" xmlns:gml="http://www.opengis.net/gml/3.2" xmlns:xlink="http://www.w3.org/1999/xlink" xmlns:xsi="http://www.w3.org/2001/XMLSchema-instance" xsi:schemaLocation="http://www.interactive-instruments.de/ShapeChange/Definitions/0.5 ../xsd/ShapeChangeDefinitions.xsd" gml:id="xplan_LP_NutzungserfordernisRegelung">
  <gml:description>Flächen mit Nutzungserfordernissen und Nutzungsregelungen zum Schutz, zur Pflege und zur Entwicklung von Natur und Landschaft.</gml:description>
  <gml:identifier codeSpace="urn:citgml">urn:xplan:element:xplan:LP_NutzungserfordernisRegelung</gml:identifier>
  <gml:name>xplan:LP_NutzungserfordernisRegelung</gml:name>
  <gml:dictionaryEntry>
    <def:PropertyDefinition gml:id="xplan_LP_NutzungserfordernisRegelung_ziel">
      <gml:description>Unterscheidung nach den Zielen "Schutz, Pflege" und "Entwicklung".</gml:description>
      <gml:identifier codeSpace="urn:citgml">urn:xplan:element:xplan:LP_NutzungserfordernisRegelung:attribute:ziel</gml:identifier>
      <gml:name>xplan:ziel</gml:name>
      <gml:dictionaryEntry>
        <ListedValueDefinition gml:id="xplan_LP_NutzungserfordernisRegelung_ziel_XP_SPEZiele_1000">
          <gml:identifier codeSpace="urn:citgml">urn:xplan:enum:xplan:LP_NutzungserfordernisRegelung:ziel:XP_SPEZiele:1000</gml:identifier>
          <gml:name>SchutzPflege</gml:name>
        </ListedValueDefinition>
      </gml:dictionaryEntry>
      <gml:dictionaryEntry>
        <ListedValueDefinition gml:id="xplan_LP_NutzungserfordernisRegelung_ziel_XP_SPEZiele_2000">
          <gml:identifier codeSpace="urn:citgml">urn:xplan:enum:xplan:LP_NutzungserfordernisRegelung:ziel:XP_SPEZiele:2000</gml:identifier>
          <gml:name>Entwicklung</gml:name>
        </ListedValueDefinition>
      </gml:dictionaryEntry>
      <gml:dictionaryEntry>
        <ListedValueDefinition gml:id="xplan_LP_NutzungserfordernisRegelung_ziel_XP_SPEZiele_3000">
          <gml:identifier codeSpace="urn:citgml">urn:xplan:enum:xplan:LP_NutzungserfordernisRegelung:ziel:XP_SPEZiele:3000</gml:identifier>
          <gml:name>Anlage</gml:name>
        </ListedValueDefinition>
      </gml:dictionaryEntry>
      <gml:dictionaryEntry>
        <ListedValueDefinition gml:id="xplan_LP_NutzungserfordernisRegelung_ziel_XP_SPEZiele_4000">
          <gml:identifier codeSpace="urn:citgml">urn:xplan:enum:xplan:LP_NutzungserfordernisRegelung:ziel:XP_SPEZiele:4000</gml:identifier>
          <gml:name>SchutzPflegeEntwicklung</gml:name>
        </ListedValueDefinition>
      </gml:dictionaryEntry>
      <gml:dictionaryEntry>
        <ListedValueDefinition gml:id="xplan_LP_NutzungserfordernisRegelung_ziel_XP_SPEZiele_9999">
          <gml:identifier codeSpace="urn:citgml">urn:xplan:enum:xplan:LP_NutzungserfordernisRegelung:ziel:XP_SPEZiele:9999</gml:identifier>
          <gml:name>Sonstiges</gml:name>
        </ListedValueDefinition>
      </gml:dictionaryEntry>
      <def:cardinality>0..1</def:cardinality>
      <def:valueTypeName>XP_SPEZiele</def:valueTypeName>
      <def:type>attribute</def:type>
    </def:PropertyDefinition>
  </gml:dictionaryEntry>
  <gml:dictionaryEntry>
    <def:PropertyDefinition gml:id="xplan_LP_NutzungserfordernisRegelung_regelung">
      <gml:description>Nutzungsregelung (Klassifikation).</gml:description>
      <gml:identifier codeSpace="urn:citgml">urn:xplan:element:xplan:LP_NutzungserfordernisRegelung:attribute:regelung</gml:identifier>
      <gml:name>xplan:regelung</gml:name>
      <gml:dictionaryEntry>
        <ListedValueDefinition gml:id="xplan_LP_NutzungserfordernisRegelung_regelung_LP_Regelungen_1000">
          <gml:identifier codeSpace="urn:citgml">urn:xplan:enum:xplan:LP_NutzungserfordernisRegelung:regelung:LP_Regelungen:1000</gml:identifier>
          <gml:name>Gruenlandumbruchverbot</gml:name>
        </ListedValueDefinition>
      </gml:dictionaryEntry>
      <gml:dictionaryEntry>
        <ListedValueDefinition gml:id="xplan_LP_NutzungserfordernisRegelung_regelung_LP_Regelungen_9999">
          <gml:identifier codeSpace="urn:citgml">urn:xplan:enum:xplan:LP_NutzungserfordernisRegelung:regelung:LP_Regelungen:9999</gml:identifier>
          <gml:name>Sonstiges</gml:name>
        </ListedValueDefinition>
      </gml:dictionaryEntry>
      <def:cardinality>0..1</def:cardinality>
      <def:valueTypeName>LP_Regelungen</def:valueTypeName>
      <def:type>attribute</def:type>
    </def:PropertyDefinition>
  </gml:dictionaryEntry>
  <gml:dictionaryEntry>
    <def:PropertyDefinition gml:id="xplan_LP_NutzungserfordernisRegelung_erfordernisRegelung">
      <gml:description>Nutzungserfordernis oder -Regelung (Textform).</gml:description>
      <gml:identifier codeSpace="urn:citgml">urn:xplan:element:xplan:LP_NutzungserfordernisRegelung:attribute:erfordernisRegelung</gml:identifier>
      <gml:name>xplan:erfordernisRegelung</gml:name>
      <def:cardinality>0..1</def:cardinality>
      <def:valueTypeRef xlink:href="urn:xplan:element::CharacterString" />
      <def:type>attribute</def:type>
    </def:PropertyDefinition>
  </gml:dictionaryEntry>
  <gml:dictionaryEntry>
    <def:PropertyDefinition gml:id="xplan_LP_NutzungserfordernisRegelung_erfordernisRegelungKuerzel">
      <gml:description>Nutzungserfordernis oder -Regelung (Kürzel).</gml:description>
      <gml:identifier codeSpace="urn:citgml">urn:xplan:element:xplan:LP_NutzungserfordernisRegelung:attribute:erfordernisRegelungKuerzel</gml:identifier>
      <gml:name>xplan:erfordernisRegelungKuerzel</gml:name>
      <def:cardinality>0..1</def:cardinality>
      <def:valueTypeRef xlink:href="urn:xplan:element::CharacterString" />
      <def:type>attribute</def:type>
    </def:PropertyDefinition>
  </gml:dictionaryEntry>
  <def:classification>featureType</def:classification>
  <def:supertypeRef xlink:href="urn:xplan:element:xplan:LP_Geometrieobjekt" />
</TypeDefinition>