﻿<!--Erzeugt mit KIT (www.kit.edu) UmlToXmlTransformation-Software, Erstellungsdatum: 09.09.2013 11:08:47-->
<TypeDefinition xmlns="http://www.interactive-instruments.de/ShapeChange/Definitions/0.5" xmlns:def="http://www.interactive-instruments.de/ShapeChange/Definitions/0.5" xmlns:gml="http://www.opengis.net/gml/3.2" xmlns:xlink="http://www.w3.org/1999/xlink" xmlns:xsi="http://www.w3.org/2001/XMLSchema-instance" xsi:schemaLocation="http://www.interactive-instruments.de/ShapeChange/Definitions/0.5 ../xsd/ShapeChangeDefinitions.xsd" gml:id="xplan_BP_HoehenMass">
  <gml:description>Festsetzungen nach §9 Abs. 1 Nr. 1 BauGB für übereinanderliegende Geschosse und Ebenen und sonstige Teile baulicher Anlagen (§9 Abs.3 BauGB), sowie Hinweise auf Geländehöhen.
</gml:description>
  <gml:identifier codeSpace="urn:citgml">urn:xplan:element:xplan:BP_HoehenMass</gml:identifier>
  <gml:name>xplan:BP_HoehenMass</gml:name>
  <def:classification>featureType</def:classification>
  <def:supertypeRef xlink:href="urn:xplan:element:xplan:BP_Geometrieobjekt" />
</TypeDefinition>