﻿<!--Erzeugt mit KIT (www.kit.edu) UmlToXmlTransformation-Software, Erstellungsdatum: 24.08.2012 09:29:23-->
<TypeDefinition xmlns="http://www.interactive-instruments.de/ShapeChange/Definitions/0.5" xmlns:def="http://www.interactive-instruments.de/ShapeChange/Definitions/0.5" xmlns:gml="http://www.opengis.net/gml/3.2" xmlns:xlink="http://www.w3.org/1999/xlink" xmlns:xsi="http://www.w3.org/2001/XMLSchema-instance" xsi:schemaLocation="http://www.interactive-instruments.de/ShapeChange/Definitions/0.5 ../xsd/ShapeChangeDefinitions.xsd" gml:id="xplanNSM_RP_Landwirtschaft">
  <gml:description />
  <gml:identifier codeSpace="urn:citgml">urn:xplan:element:xplanNSM:RP_Landwirtschaft</gml:identifier>
  <gml:name>xplanNSM:RP_Landwirtschaft</gml:name>
  <gml:dictionaryEntry>
    <def:PropertyDefinition gml:id="xplanNSM_RP_Landwirtschaft_typLW">
      <gml:description />
      <gml:identifier codeSpace="urn:citgml">urn:xplan:element:xplanNSM:RP_Landwirtschaft:attribute:typLW</gml:identifier>
      <gml:name>xplanNSM:typLW</gml:name>
      <gml:dictionaryEntry>
        <ListedValueDefinition gml:id="xplanNSM_RP_Landwirtschaft_typLW_RP_NSM_LandwirtschaftTypen_1000">
          <gml:identifier codeSpace="urn:citgml">urn:xplan:enum:xplanNSM:RP_Landwirtschaft:typLW:RP_NSM_LandwirtschaftTypen:1000</gml:identifier>
          <gml:name>AufGrundHohenErtragspotentials</gml:name>
        </ListedValueDefinition>
      </gml:dictionaryEntry>
      <gml:dictionaryEntry>
        <ListedValueDefinition gml:id="xplanNSM_RP_Landwirtschaft_typLW_RP_NSM_LandwirtschaftTypen_2000">
          <gml:identifier codeSpace="urn:citgml">urn:xplan:enum:xplanNSM:RP_Landwirtschaft:typLW:RP_NSM_LandwirtschaftTypen:2000</gml:identifier>
          <gml:name>AufGrundBesondererFunktionen</gml:name>
        </ListedValueDefinition>
      </gml:dictionaryEntry>
      <gml:dictionaryEntry>
        <ListedValueDefinition gml:id="xplanNSM_RP_Landwirtschaft_typLW_RP_NSM_LandwirtschaftTypen_3000">
          <gml:identifier codeSpace="urn:citgml">urn:xplan:enum:xplanNSM:RP_Landwirtschaft:typLW:RP_NSM_LandwirtschaftTypen:3000</gml:identifier>
          <gml:name>Fischerei</gml:name>
        </ListedValueDefinition>
      </gml:dictionaryEntry>
      <gml:dictionaryEntry>
        <ListedValueDefinition gml:id="xplanNSM_RP_Landwirtschaft_typLW_RP_NSM_LandwirtschaftTypen_RP_NSM_LandwirtschaftTypen">
          <gml:identifier codeSpace="urn:citgml">urn:xplan:enum:xplanNSM:RP_Landwirtschaft:typLW:RP_NSM_LandwirtschaftTypen:RP_NSM_LandwirtschaftTypen</gml:identifier>
          <gml:name>RP_NSM_LandwirtschaftTypen</gml:name>
        </ListedValueDefinition>
      </gml:dictionaryEntry>
      <def:cardinality>0..1</def:cardinality>
      <def:valueTypeName>RP_NSM_LandwirtschaftTypen</def:valueTypeName>
      <def:type>attribute</def:type>
    </def:PropertyDefinition>
  </gml:dictionaryEntry>
  <def:classification />
  <def:supertypeRef xlink:href="urn:xplan:element:xplan:RP_Landwirtschaft" />
</TypeDefinition>