﻿<!--Erzeugt mit KIT (www.kit.edu) UmlToXmlTransformation-Software, Erstellungsdatum: 09.09.2013 11:09:18-->
<TypeDefinition xmlns="http://www.interactive-instruments.de/ShapeChange/Definitions/0.5" xmlns:def="http://www.interactive-instruments.de/ShapeChange/Definitions/0.5" xmlns:gml="http://www.opengis.net/gml/3.2" xmlns:xlink="http://www.w3.org/1999/xlink" xmlns:xsi="http://www.w3.org/2001/XMLSchema-instance" xsi:schemaLocation="http://www.interactive-instruments.de/ShapeChange/Definitions/0.5 ../xsd/ShapeChangeDefinitions.xsd" gml:id="xplan_SO_Grenze">
  <gml:description>Grenze einer Verwaltungseinheit oder sonstige Grenze in rambezogenen Plänen..</gml:description>
  <gml:identifier codeSpace="urn:citgml">urn:xplan:element:xplan:SO_Grenze</gml:identifier>
  <gml:name>xplan:SO_Grenze</gml:name>
  <gml:dictionaryEntry>
    <def:PropertyDefinition gml:id="xplan_SO_Grenze_typ">
      <gml:description>Typ der Grenze</gml:description>
      <gml:identifier codeSpace="urn:citgml">urn:xplan:element:xplan:SO_Grenze:attribute:typ</gml:identifier>
      <gml:name>xplan:typ</gml:name>
      <gml:dictionaryEntry>
        <ListedValueDefinition gml:id="xplan_SO_Grenze_typ_XP_GrenzeTypen_1000">
          <gml:identifier codeSpace="urn:citgml">urn:xplan:enum:xplan:SO_Grenze:typ:XP_GrenzeTypen:1000</gml:identifier>
          <gml:name>Bundesgrenze</gml:name>
        </ListedValueDefinition>
      </gml:dictionaryEntry>
      <gml:dictionaryEntry>
        <ListedValueDefinition gml:id="xplan_SO_Grenze_typ_XP_GrenzeTypen_1100">
          <gml:identifier codeSpace="urn:citgml">urn:xplan:enum:xplan:SO_Grenze:typ:XP_GrenzeTypen:1100</gml:identifier>
          <gml:name>Landesgrenze</gml:name>
        </ListedValueDefinition>
      </gml:dictionaryEntry>
      <gml:dictionaryEntry>
        <ListedValueDefinition gml:id="xplan_SO_Grenze_typ_XP_GrenzeTypen_1200">
          <gml:identifier codeSpace="urn:citgml">urn:xplan:enum:xplan:SO_Grenze:typ:XP_GrenzeTypen:1200</gml:identifier>
          <gml:name>Regierungsbezirksgrenze</gml:name>
        </ListedValueDefinition>
      </gml:dictionaryEntry>
      <gml:dictionaryEntry>
        <ListedValueDefinition gml:id="xplan_SO_Grenze_typ_XP_GrenzeTypen_1250">
          <gml:identifier codeSpace="urn:citgml">urn:xplan:enum:xplan:SO_Grenze:typ:XP_GrenzeTypen:1250</gml:identifier>
          <gml:name>Bezirksgrenze</gml:name>
        </ListedValueDefinition>
      </gml:dictionaryEntry>
      <gml:dictionaryEntry>
        <ListedValueDefinition gml:id="xplan_SO_Grenze_typ_XP_GrenzeTypen_1300">
          <gml:identifier codeSpace="urn:citgml">urn:xplan:enum:xplan:SO_Grenze:typ:XP_GrenzeTypen:1300</gml:identifier>
          <gml:name>Kreisgrenze</gml:name>
        </ListedValueDefinition>
      </gml:dictionaryEntry>
      <gml:dictionaryEntry>
        <ListedValueDefinition gml:id="xplan_SO_Grenze_typ_XP_GrenzeTypen_1400">
          <gml:identifier codeSpace="urn:citgml">urn:xplan:enum:xplan:SO_Grenze:typ:XP_GrenzeTypen:1400</gml:identifier>
          <gml:name>Gemeindegrenze</gml:name>
        </ListedValueDefinition>
      </gml:dictionaryEntry>
      <gml:dictionaryEntry>
        <ListedValueDefinition gml:id="xplan_SO_Grenze_typ_XP_GrenzeTypen_1450">
          <gml:identifier codeSpace="urn:citgml">urn:xplan:enum:xplan:SO_Grenze:typ:XP_GrenzeTypen:1450</gml:identifier>
          <gml:name>Verbandsgemeindegrenze</gml:name>
        </ListedValueDefinition>
      </gml:dictionaryEntry>
      <gml:dictionaryEntry>
        <ListedValueDefinition gml:id="xplan_SO_Grenze_typ_XP_GrenzeTypen_1500">
          <gml:identifier codeSpace="urn:citgml">urn:xplan:enum:xplan:SO_Grenze:typ:XP_GrenzeTypen:1500</gml:identifier>
          <gml:name>Samtgemeindegrenze</gml:name>
        </ListedValueDefinition>
      </gml:dictionaryEntry>
      <gml:dictionaryEntry>
        <ListedValueDefinition gml:id="xplan_SO_Grenze_typ_XP_GrenzeTypen_1510">
          <gml:identifier codeSpace="urn:citgml">urn:xplan:enum:xplan:SO_Grenze:typ:XP_GrenzeTypen:1510</gml:identifier>
          <gml:name>Mitgliedsgemeindegrenze</gml:name>
        </ListedValueDefinition>
      </gml:dictionaryEntry>
      <gml:dictionaryEntry>
        <ListedValueDefinition gml:id="xplan_SO_Grenze_typ_XP_GrenzeTypen_1550">
          <gml:identifier codeSpace="urn:citgml">urn:xplan:enum:xplan:SO_Grenze:typ:XP_GrenzeTypen:1550</gml:identifier>
          <gml:name>Amtsgrenze</gml:name>
        </ListedValueDefinition>
      </gml:dictionaryEntry>
      <gml:dictionaryEntry>
        <ListedValueDefinition gml:id="xplan_SO_Grenze_typ_XP_GrenzeTypen_1600">
          <gml:identifier codeSpace="urn:citgml">urn:xplan:enum:xplan:SO_Grenze:typ:XP_GrenzeTypen:1600</gml:identifier>
          <gml:name>Stadtteilgrenze</gml:name>
        </ListedValueDefinition>
      </gml:dictionaryEntry>
      <gml:dictionaryEntry>
        <ListedValueDefinition gml:id="xplan_SO_Grenze_typ_XP_GrenzeTypen_2000">
          <gml:description>Hinweis auf eine vorgeschlagene Grundstücksgrenze im BPlan.</gml:description>
          <gml:identifier codeSpace="urn:citgml">urn:xplan:enum:xplan:SO_Grenze:typ:XP_GrenzeTypen:2000</gml:identifier>
          <gml:name>VorgeschlageneGrundstuecksgrenze</gml:name>
        </ListedValueDefinition>
      </gml:dictionaryEntry>
      <gml:dictionaryEntry>
        <ListedValueDefinition gml:id="xplan_SO_Grenze_typ_XP_GrenzeTypen_2100">
          <gml:description>Hinweis auf den Geltungsbereich eines bestehenden BPlan.</gml:description>
          <gml:identifier codeSpace="urn:citgml">urn:xplan:enum:xplan:SO_Grenze:typ:XP_GrenzeTypen:2100</gml:identifier>
          <gml:name>GrenzeBestehenderBebauungsplan</gml:name>
        </ListedValueDefinition>
      </gml:dictionaryEntry>
      <gml:dictionaryEntry>
        <ListedValueDefinition gml:id="xplan_SO_Grenze_typ_XP_GrenzeTypen_9999">
          <gml:identifier codeSpace="urn:citgml">urn:xplan:enum:xplan:SO_Grenze:typ:XP_GrenzeTypen:9999</gml:identifier>
          <gml:name>SonstGrenze</gml:name>
        </ListedValueDefinition>
      </gml:dictionaryEntry>
      <def:cardinality>0..1</def:cardinality>
      <def:valueTypeName>XP_GrenzeTypen</def:valueTypeName>
      <def:type>attribute</def:type>
    </def:PropertyDefinition>
  </gml:dictionaryEntry>
  <gml:dictionaryEntry>
    <def:PropertyDefinition gml:id="xplan_SO_Grenze_sonstTyp">
      <gml:description />
      <gml:identifier codeSpace="urn:citgml">urn:xplan:element:xplan:SO_Grenze:attribute:sonstTyp</gml:identifier>
      <gml:name>xplan:sonstTyp</gml:name>
      <def:cardinality>0..1</def:cardinality>
      <def:valueTypeName>SO_SonstGrenzeTypen</def:valueTypeName>
      <def:type>attribute</def:type>
    </def:PropertyDefinition>
  </gml:dictionaryEntry>
  <def:classification>featureType</def:classification>
  <def:supertypeRef xlink:href="urn:xplan:element:xplan:SO_Linienobjekt" />
</TypeDefinition>