﻿<!--Erzeugt mit KIT (www.kit.edu) UmlToXmlTransformation-Software, Erstellungsdatum: 09.09.2013 11:09:14-->
<TypeDefinition xmlns="http://www.interactive-instruments.de/ShapeChange/Definitions/0.5" xmlns:def="http://www.interactive-instruments.de/ShapeChange/Definitions/0.5" xmlns:gml="http://www.opengis.net/gml/3.2" xmlns:xlink="http://www.w3.org/1999/xlink" xmlns:xsi="http://www.w3.org/2001/XMLSchema-instance" xsi:schemaLocation="http://www.interactive-instruments.de/ShapeChange/Definitions/0.5 ../xsd/ShapeChangeDefinitions.xsd" gml:id="xplan_LP_ZuBegruenendeGrundstueckflaeche">
  <gml:description>Zu begrünende Grundstücksfläche
</gml:description>
  <gml:identifier codeSpace="urn:citgml">urn:xplan:element:xplan:LP_ZuBegruenendeGrundstueckflaeche</gml:identifier>
  <gml:name>xplan:LP_ZuBegruenendeGrundstueckflaeche</gml:name>
  <gml:dictionaryEntry>
    <def:PropertyDefinition gml:id="xplan_LP_ZuBegruenendeGrundstueckflaeche_gruenflaechenFaktor">
      <gml:description>&lt;font color="#404040"&gt;Angabe des Verhältnisses zwischen einem Flächenanteil Grün und einer bebauten Fläche (auch als Biotopflächenfaktor bekannt)&lt;/font&gt;</gml:description>
      <gml:identifier codeSpace="urn:citgml">urn:xplan:element:xplan:LP_ZuBegruenendeGrundstueckflaeche:attribute:gruenflaechenFaktor</gml:identifier>
      <gml:name>xplan:gruenflaechenFaktor</gml:name>
      <def:cardinality>0..1</def:cardinality>
      <def:valueTypeRef xlink:href="urn:xplan:element::Decimal" />
      <def:type>attribute</def:type>
    </def:PropertyDefinition>
  </gml:dictionaryEntry>
  <gml:dictionaryEntry>
    <def:PropertyDefinition gml:id="xplan_LP_ZuBegruenendeGrundstueckflaeche_gaertnerischanzulegen">
      <gml:description>Angabe in wie weit ein Grünfläche gärtnerish anzulegen ist.</gml:description>
      <gml:identifier codeSpace="urn:citgml">urn:xplan:element:xplan:LP_ZuBegruenendeGrundstueckflaeche:attribute:gaertnerischanzulegen</gml:identifier>
      <gml:name>xplan:gaertnerischanzulegen</gml:name>
      <gml:dictionaryEntry>
        <ListedValueDefinition gml:id="_LP_ZuBegruenendeGrundstueckflaeche_gaertnerischanzulegen_Boolean_1">
          <gml:identifier codeSpace="urn:citgml">urn:xplan:enum::LP_ZuBegruenendeGrundstueckflaeche:gaertnerischanzulegen:Boolean:1</gml:identifier>
          <gml:name>TRUE</gml:name>
        </ListedValueDefinition>
      </gml:dictionaryEntry>
      <gml:dictionaryEntry>
        <ListedValueDefinition gml:id="_LP_ZuBegruenendeGrundstueckflaeche_gaertnerischanzulegen_Boolean_0">
          <gml:identifier codeSpace="urn:citgml">urn:xplan:enum::LP_ZuBegruenendeGrundstueckflaeche:gaertnerischanzulegen:Boolean:0</gml:identifier>
          <gml:name>FALSE</gml:name>
        </ListedValueDefinition>
      </gml:dictionaryEntry>
      <def:cardinality>0..1</def:cardinality>
      <def:valueTypeName>Boolean</def:valueTypeName>
      <def:type>attribute</def:type>
    </def:PropertyDefinition>
  </gml:dictionaryEntry>
  <def:classification>featureType</def:classification>
  <def:supertypeRef xlink:href="urn:xplan:element:xplan:LP_Flaechenobjekt" />
</TypeDefinition>