﻿<!--Erzeugt mit KIT (www.kit.edu) UmlToXmlTransformation-Software, Erstellungsdatum: 09.09.2013 11:08:44-->
<TypeDefinition xmlns="http://www.interactive-instruments.de/ShapeChange/Definitions/0.5" xmlns:def="http://www.interactive-instruments.de/ShapeChange/Definitions/0.5" xmlns:gml="http://www.opengis.net/gml/3.2" xmlns:xlink="http://www.w3.org/1999/xlink" xmlns:xsi="http://www.w3.org/2001/XMLSchema-instance" xsi:schemaLocation="http://www.interactive-instruments.de/ShapeChange/Definitions/0.5 ../xsd/ShapeChangeDefinitions.xsd" gml:id="xplan_BP_Landwirtschaft">
  <gml:description>Festsetzungen für die Landwirtschaft  (§9, Abs. 1, Nr. 18a BauGB)
</gml:description>
  <gml:identifier codeSpace="urn:citgml">urn:xplan:element:xplan:BP_Landwirtschaft</gml:identifier>
  <gml:name>xplan:BP_Landwirtschaft</gml:name>
  <gml:dictionaryEntry>
    <def:PropertyDefinition gml:id="xplan_BP_Landwirtschaft_zweckbestimmung">
      <gml:description>Zweckbestimmungen der Ausweisung.
</gml:description>
      <gml:identifier codeSpace="urn:citgml">urn:xplan:element:xplan:BP_Landwirtschaft:attribute:zweckbestimmung</gml:identifier>
      <gml:name>xplan:zweckbestimmung</gml:name>
      <gml:dictionaryEntry>
        <ListedValueDefinition gml:id="xplan_BP_Landwirtschaft_zweckbestimmung_XP_ZweckbestimmungLandwirtschaft_1000">
          <gml:description>Allgemeine Landwirtschaft</gml:description>
          <gml:identifier codeSpace="urn:citgml">urn:xplan:enum:xplan:BP_Landwirtschaft:zweckbestimmung:XP_ZweckbestimmungLandwirtschaft:1000</gml:identifier>
          <gml:name>LandwirtschaftAllgemein</gml:name>
        </ListedValueDefinition>
      </gml:dictionaryEntry>
      <gml:dictionaryEntry>
        <ListedValueDefinition gml:id="xplan_BP_Landwirtschaft_zweckbestimmung_XP_ZweckbestimmungLandwirtschaft_1100">
          <gml:description>Ackerbau</gml:description>
          <gml:identifier codeSpace="urn:citgml">urn:xplan:enum:xplan:BP_Landwirtschaft:zweckbestimmung:XP_ZweckbestimmungLandwirtschaft:1100</gml:identifier>
          <gml:name>Ackerbau</gml:name>
        </ListedValueDefinition>
      </gml:dictionaryEntry>
      <gml:dictionaryEntry>
        <ListedValueDefinition gml:id="xplan_BP_Landwirtschaft_zweckbestimmung_XP_ZweckbestimmungLandwirtschaft_1200">
          <gml:description>Wiesen- und Weidewirtschaft</gml:description>
          <gml:identifier codeSpace="urn:citgml">urn:xplan:enum:xplan:BP_Landwirtschaft:zweckbestimmung:XP_ZweckbestimmungLandwirtschaft:1200</gml:identifier>
          <gml:name>WiesenWeidewirtschaft</gml:name>
        </ListedValueDefinition>
      </gml:dictionaryEntry>
      <gml:dictionaryEntry>
        <ListedValueDefinition gml:id="xplan_BP_Landwirtschaft_zweckbestimmung_XP_ZweckbestimmungLandwirtschaft_1300">
          <gml:description>Gartenbauliche Erzeugung</gml:description>
          <gml:identifier codeSpace="urn:citgml">urn:xplan:enum:xplan:BP_Landwirtschaft:zweckbestimmung:XP_ZweckbestimmungLandwirtschaft:1300</gml:identifier>
          <gml:name>GartenbaulicheErzeugung</gml:name>
        </ListedValueDefinition>
      </gml:dictionaryEntry>
      <gml:dictionaryEntry>
        <ListedValueDefinition gml:id="xplan_BP_Landwirtschaft_zweckbestimmung_XP_ZweckbestimmungLandwirtschaft_1400">
          <gml:description>Obstbau</gml:description>
          <gml:identifier codeSpace="urn:citgml">urn:xplan:enum:xplan:BP_Landwirtschaft:zweckbestimmung:XP_ZweckbestimmungLandwirtschaft:1400</gml:identifier>
          <gml:name>Obstbau</gml:name>
        </ListedValueDefinition>
      </gml:dictionaryEntry>
      <gml:dictionaryEntry>
        <ListedValueDefinition gml:id="xplan_BP_Landwirtschaft_zweckbestimmung_XP_ZweckbestimmungLandwirtschaft_1500">
          <gml:description>Weinbau</gml:description>
          <gml:identifier codeSpace="urn:citgml">urn:xplan:enum:xplan:BP_Landwirtschaft:zweckbestimmung:XP_ZweckbestimmungLandwirtschaft:1500</gml:identifier>
          <gml:name>Weinbau</gml:name>
        </ListedValueDefinition>
      </gml:dictionaryEntry>
      <gml:dictionaryEntry>
        <ListedValueDefinition gml:id="xplan_BP_Landwirtschaft_zweckbestimmung_XP_ZweckbestimmungLandwirtschaft_1600">
          <gml:description>Imkerei</gml:description>
          <gml:identifier codeSpace="urn:citgml">urn:xplan:enum:xplan:BP_Landwirtschaft:zweckbestimmung:XP_ZweckbestimmungLandwirtschaft:1600</gml:identifier>
          <gml:name>Imkerei</gml:name>
        </ListedValueDefinition>
      </gml:dictionaryEntry>
      <gml:dictionaryEntry>
        <ListedValueDefinition gml:id="xplan_BP_Landwirtschaft_zweckbestimmung_XP_ZweckbestimmungLandwirtschaft_1700">
          <gml:description>Binnenfischerei</gml:description>
          <gml:identifier codeSpace="urn:citgml">urn:xplan:enum:xplan:BP_Landwirtschaft:zweckbestimmung:XP_ZweckbestimmungLandwirtschaft:1700</gml:identifier>
          <gml:name>Binnenfischerei</gml:name>
        </ListedValueDefinition>
      </gml:dictionaryEntry>
      <gml:dictionaryEntry>
        <ListedValueDefinition gml:id="xplan_BP_Landwirtschaft_zweckbestimmung_XP_ZweckbestimmungLandwirtschaft_9999">
          <gml:description>Sonstiges</gml:description>
          <gml:identifier codeSpace="urn:citgml">urn:xplan:enum:xplan:BP_Landwirtschaft:zweckbestimmung:XP_ZweckbestimmungLandwirtschaft:9999</gml:identifier>
          <gml:name>Sonstiges</gml:name>
        </ListedValueDefinition>
      </gml:dictionaryEntry>
      <def:cardinality>0..*</def:cardinality>
      <def:valueTypeName>XP_ZweckbestimmungLandwirtschaft</def:valueTypeName>
      <def:type>attribute</def:type>
    </def:PropertyDefinition>
  </gml:dictionaryEntry>
  <gml:dictionaryEntry>
    <def:PropertyDefinition gml:id="xplan_BP_Landwirtschaft_weitereZweckbestimmung1">
      <gml:description>Weitere Zweckbestimmung der Ausweisung. &lt;b&gt;Dies Attribut ist ab Version 4.1 als "veraltet" gekennzeichnet, es sollte stattdessen &lt;/b&gt;&lt;b&gt;&lt;i&gt;zweckbestimmung &lt;/i&gt;&lt;/b&gt;&lt;b&gt;mehrfach belegt werden.&lt;/b&gt;
</gml:description>
      <gml:identifier codeSpace="urn:citgml">urn:xplan:element:xplan:BP_Landwirtschaft:attribute:weitereZweckbestimmung1</gml:identifier>
      <gml:name>xplan:weitereZweckbestimmung1</gml:name>
      <gml:dictionaryEntry>
        <ListedValueDefinition gml:id="xplan_BP_Landwirtschaft_weitereZweckbestimmung1_XP_ZweckbestimmungLandwirtschaft_1000">
          <gml:description>Allgemeine Landwirtschaft</gml:description>
          <gml:identifier codeSpace="urn:citgml">urn:xplan:enum:xplan:BP_Landwirtschaft:weitereZweckbestimmung1:XP_ZweckbestimmungLandwirtschaft:1000</gml:identifier>
          <gml:name>LandwirtschaftAllgemein</gml:name>
        </ListedValueDefinition>
      </gml:dictionaryEntry>
      <gml:dictionaryEntry>
        <ListedValueDefinition gml:id="xplan_BP_Landwirtschaft_weitereZweckbestimmung1_XP_ZweckbestimmungLandwirtschaft_1100">
          <gml:description>Ackerbau</gml:description>
          <gml:identifier codeSpace="urn:citgml">urn:xplan:enum:xplan:BP_Landwirtschaft:weitereZweckbestimmung1:XP_ZweckbestimmungLandwirtschaft:1100</gml:identifier>
          <gml:name>Ackerbau</gml:name>
        </ListedValueDefinition>
      </gml:dictionaryEntry>
      <gml:dictionaryEntry>
        <ListedValueDefinition gml:id="xplan_BP_Landwirtschaft_weitereZweckbestimmung1_XP_ZweckbestimmungLandwirtschaft_1200">
          <gml:description>Wiesen- und Weidewirtschaft</gml:description>
          <gml:identifier codeSpace="urn:citgml">urn:xplan:enum:xplan:BP_Landwirtschaft:weitereZweckbestimmung1:XP_ZweckbestimmungLandwirtschaft:1200</gml:identifier>
          <gml:name>WiesenWeidewirtschaft</gml:name>
        </ListedValueDefinition>
      </gml:dictionaryEntry>
      <gml:dictionaryEntry>
        <ListedValueDefinition gml:id="xplan_BP_Landwirtschaft_weitereZweckbestimmung1_XP_ZweckbestimmungLandwirtschaft_1300">
          <gml:description>Gartenbauliche Erzeugung</gml:description>
          <gml:identifier codeSpace="urn:citgml">urn:xplan:enum:xplan:BP_Landwirtschaft:weitereZweckbestimmung1:XP_ZweckbestimmungLandwirtschaft:1300</gml:identifier>
          <gml:name>GartenbaulicheErzeugung</gml:name>
        </ListedValueDefinition>
      </gml:dictionaryEntry>
      <gml:dictionaryEntry>
        <ListedValueDefinition gml:id="xplan_BP_Landwirtschaft_weitereZweckbestimmung1_XP_ZweckbestimmungLandwirtschaft_1400">
          <gml:description>Obstbau</gml:description>
          <gml:identifier codeSpace="urn:citgml">urn:xplan:enum:xplan:BP_Landwirtschaft:weitereZweckbestimmung1:XP_ZweckbestimmungLandwirtschaft:1400</gml:identifier>
          <gml:name>Obstbau</gml:name>
        </ListedValueDefinition>
      </gml:dictionaryEntry>
      <gml:dictionaryEntry>
        <ListedValueDefinition gml:id="xplan_BP_Landwirtschaft_weitereZweckbestimmung1_XP_ZweckbestimmungLandwirtschaft_1500">
          <gml:description>Weinbau</gml:description>
          <gml:identifier codeSpace="urn:citgml">urn:xplan:enum:xplan:BP_Landwirtschaft:weitereZweckbestimmung1:XP_ZweckbestimmungLandwirtschaft:1500</gml:identifier>
          <gml:name>Weinbau</gml:name>
        </ListedValueDefinition>
      </gml:dictionaryEntry>
      <gml:dictionaryEntry>
        <ListedValueDefinition gml:id="xplan_BP_Landwirtschaft_weitereZweckbestimmung1_XP_ZweckbestimmungLandwirtschaft_1600">
          <gml:description>Imkerei</gml:description>
          <gml:identifier codeSpace="urn:citgml">urn:xplan:enum:xplan:BP_Landwirtschaft:weitereZweckbestimmung1:XP_ZweckbestimmungLandwirtschaft:1600</gml:identifier>
          <gml:name>Imkerei</gml:name>
        </ListedValueDefinition>
      </gml:dictionaryEntry>
      <gml:dictionaryEntry>
        <ListedValueDefinition gml:id="xplan_BP_Landwirtschaft_weitereZweckbestimmung1_XP_ZweckbestimmungLandwirtschaft_1700">
          <gml:description>Binnenfischerei</gml:description>
          <gml:identifier codeSpace="urn:citgml">urn:xplan:enum:xplan:BP_Landwirtschaft:weitereZweckbestimmung1:XP_ZweckbestimmungLandwirtschaft:1700</gml:identifier>
          <gml:name>Binnenfischerei</gml:name>
        </ListedValueDefinition>
      </gml:dictionaryEntry>
      <gml:dictionaryEntry>
        <ListedValueDefinition gml:id="xplan_BP_Landwirtschaft_weitereZweckbestimmung1_XP_ZweckbestimmungLandwirtschaft_9999">
          <gml:description>Sonstiges</gml:description>
          <gml:identifier codeSpace="urn:citgml">urn:xplan:enum:xplan:BP_Landwirtschaft:weitereZweckbestimmung1:XP_ZweckbestimmungLandwirtschaft:9999</gml:identifier>
          <gml:name>Sonstiges</gml:name>
        </ListedValueDefinition>
      </gml:dictionaryEntry>
      <def:cardinality>0..1</def:cardinality>
      <def:valueTypeName>XP_ZweckbestimmungLandwirtschaft</def:valueTypeName>
      <def:type>attribute</def:type>
    </def:PropertyDefinition>
  </gml:dictionaryEntry>
  <gml:dictionaryEntry>
    <def:PropertyDefinition gml:id="xplan_BP_Landwirtschaft_weitereZweckbestimmung2">
      <gml:description>Weitere Zweckbestimmung der Ausweisung. &lt;b&gt;Dies Attribut ist ab Version 4.1 als "veraltet" gekennzeichnet, es sollte stattdessen &lt;/b&gt;&lt;b&gt;&lt;i&gt;zweckbestimmung &lt;/i&gt;&lt;/b&gt;&lt;b&gt;mehrfach belegt werden.&lt;/b&gt;
</gml:description>
      <gml:identifier codeSpace="urn:citgml">urn:xplan:element:xplan:BP_Landwirtschaft:attribute:weitereZweckbestimmung2</gml:identifier>
      <gml:name>xplan:weitereZweckbestimmung2</gml:name>
      <gml:dictionaryEntry>
        <ListedValueDefinition gml:id="xplan_BP_Landwirtschaft_weitereZweckbestimmung2_XP_ZweckbestimmungLandwirtschaft_1000">
          <gml:description>Allgemeine Landwirtschaft</gml:description>
          <gml:identifier codeSpace="urn:citgml">urn:xplan:enum:xplan:BP_Landwirtschaft:weitereZweckbestimmung2:XP_ZweckbestimmungLandwirtschaft:1000</gml:identifier>
          <gml:name>LandwirtschaftAllgemein</gml:name>
        </ListedValueDefinition>
      </gml:dictionaryEntry>
      <gml:dictionaryEntry>
        <ListedValueDefinition gml:id="xplan_BP_Landwirtschaft_weitereZweckbestimmung2_XP_ZweckbestimmungLandwirtschaft_1100">
          <gml:description>Ackerbau</gml:description>
          <gml:identifier codeSpace="urn:citgml">urn:xplan:enum:xplan:BP_Landwirtschaft:weitereZweckbestimmung2:XP_ZweckbestimmungLandwirtschaft:1100</gml:identifier>
          <gml:name>Ackerbau</gml:name>
        </ListedValueDefinition>
      </gml:dictionaryEntry>
      <gml:dictionaryEntry>
        <ListedValueDefinition gml:id="xplan_BP_Landwirtschaft_weitereZweckbestimmung2_XP_ZweckbestimmungLandwirtschaft_1200">
          <gml:description>Wiesen- und Weidewirtschaft</gml:description>
          <gml:identifier codeSpace="urn:citgml">urn:xplan:enum:xplan:BP_Landwirtschaft:weitereZweckbestimmung2:XP_ZweckbestimmungLandwirtschaft:1200</gml:identifier>
          <gml:name>WiesenWeidewirtschaft</gml:name>
        </ListedValueDefinition>
      </gml:dictionaryEntry>
      <gml:dictionaryEntry>
        <ListedValueDefinition gml:id="xplan_BP_Landwirtschaft_weitereZweckbestimmung2_XP_ZweckbestimmungLandwirtschaft_1300">
          <gml:description>Gartenbauliche Erzeugung</gml:description>
          <gml:identifier codeSpace="urn:citgml">urn:xplan:enum:xplan:BP_Landwirtschaft:weitereZweckbestimmung2:XP_ZweckbestimmungLandwirtschaft:1300</gml:identifier>
          <gml:name>GartenbaulicheErzeugung</gml:name>
        </ListedValueDefinition>
      </gml:dictionaryEntry>
      <gml:dictionaryEntry>
        <ListedValueDefinition gml:id="xplan_BP_Landwirtschaft_weitereZweckbestimmung2_XP_ZweckbestimmungLandwirtschaft_1400">
          <gml:description>Obstbau</gml:description>
          <gml:identifier codeSpace="urn:citgml">urn:xplan:enum:xplan:BP_Landwirtschaft:weitereZweckbestimmung2:XP_ZweckbestimmungLandwirtschaft:1400</gml:identifier>
          <gml:name>Obstbau</gml:name>
        </ListedValueDefinition>
      </gml:dictionaryEntry>
      <gml:dictionaryEntry>
        <ListedValueDefinition gml:id="xplan_BP_Landwirtschaft_weitereZweckbestimmung2_XP_ZweckbestimmungLandwirtschaft_1500">
          <gml:description>Weinbau</gml:description>
          <gml:identifier codeSpace="urn:citgml">urn:xplan:enum:xplan:BP_Landwirtschaft:weitereZweckbestimmung2:XP_ZweckbestimmungLandwirtschaft:1500</gml:identifier>
          <gml:name>Weinbau</gml:name>
        </ListedValueDefinition>
      </gml:dictionaryEntry>
      <gml:dictionaryEntry>
        <ListedValueDefinition gml:id="xplan_BP_Landwirtschaft_weitereZweckbestimmung2_XP_ZweckbestimmungLandwirtschaft_1600">
          <gml:description>Imkerei</gml:description>
          <gml:identifier codeSpace="urn:citgml">urn:xplan:enum:xplan:BP_Landwirtschaft:weitereZweckbestimmung2:XP_ZweckbestimmungLandwirtschaft:1600</gml:identifier>
          <gml:name>Imkerei</gml:name>
        </ListedValueDefinition>
      </gml:dictionaryEntry>
      <gml:dictionaryEntry>
        <ListedValueDefinition gml:id="xplan_BP_Landwirtschaft_weitereZweckbestimmung2_XP_ZweckbestimmungLandwirtschaft_1700">
          <gml:description>Binnenfischerei</gml:description>
          <gml:identifier codeSpace="urn:citgml">urn:xplan:enum:xplan:BP_Landwirtschaft:weitereZweckbestimmung2:XP_ZweckbestimmungLandwirtschaft:1700</gml:identifier>
          <gml:name>Binnenfischerei</gml:name>
        </ListedValueDefinition>
      </gml:dictionaryEntry>
      <gml:dictionaryEntry>
        <ListedValueDefinition gml:id="xplan_BP_Landwirtschaft_weitereZweckbestimmung2_XP_ZweckbestimmungLandwirtschaft_9999">
          <gml:description>Sonstiges</gml:description>
          <gml:identifier codeSpace="urn:citgml">urn:xplan:enum:xplan:BP_Landwirtschaft:weitereZweckbestimmung2:XP_ZweckbestimmungLandwirtschaft:9999</gml:identifier>
          <gml:name>Sonstiges</gml:name>
        </ListedValueDefinition>
      </gml:dictionaryEntry>
      <def:cardinality>0..1</def:cardinality>
      <def:valueTypeName>XP_ZweckbestimmungLandwirtschaft</def:valueTypeName>
      <def:type>attribute</def:type>
    </def:PropertyDefinition>
  </gml:dictionaryEntry>
  <gml:dictionaryEntry>
    <def:PropertyDefinition gml:id="xplan_BP_Landwirtschaft_weitereZweckbestimmung3">
      <gml:description>Weitere Zweckbestimmung der Ausweisung. &lt;b&gt;Dies Attribut ist ab Version 4.1 als "veraltet" gekennzeichnet, es sollte stattdessen &lt;/b&gt;&lt;b&gt;&lt;i&gt;zweckbestimmung &lt;/i&gt;&lt;/b&gt;&lt;b&gt;mehrfach belegt werden.&lt;/b&gt;
</gml:description>
      <gml:identifier codeSpace="urn:citgml">urn:xplan:element:xplan:BP_Landwirtschaft:attribute:weitereZweckbestimmung3</gml:identifier>
      <gml:name>xplan:weitereZweckbestimmung3</gml:name>
      <gml:dictionaryEntry>
        <ListedValueDefinition gml:id="xplan_BP_Landwirtschaft_weitereZweckbestimmung3_XP_ZweckbestimmungLandwirtschaft_1000">
          <gml:description>Allgemeine Landwirtschaft</gml:description>
          <gml:identifier codeSpace="urn:citgml">urn:xplan:enum:xplan:BP_Landwirtschaft:weitereZweckbestimmung3:XP_ZweckbestimmungLandwirtschaft:1000</gml:identifier>
          <gml:name>LandwirtschaftAllgemein</gml:name>
        </ListedValueDefinition>
      </gml:dictionaryEntry>
      <gml:dictionaryEntry>
        <ListedValueDefinition gml:id="xplan_BP_Landwirtschaft_weitereZweckbestimmung3_XP_ZweckbestimmungLandwirtschaft_1100">
          <gml:description>Ackerbau</gml:description>
          <gml:identifier codeSpace="urn:citgml">urn:xplan:enum:xplan:BP_Landwirtschaft:weitereZweckbestimmung3:XP_ZweckbestimmungLandwirtschaft:1100</gml:identifier>
          <gml:name>Ackerbau</gml:name>
        </ListedValueDefinition>
      </gml:dictionaryEntry>
      <gml:dictionaryEntry>
        <ListedValueDefinition gml:id="xplan_BP_Landwirtschaft_weitereZweckbestimmung3_XP_ZweckbestimmungLandwirtschaft_1200">
          <gml:description>Wiesen- und Weidewirtschaft</gml:description>
          <gml:identifier codeSpace="urn:citgml">urn:xplan:enum:xplan:BP_Landwirtschaft:weitereZweckbestimmung3:XP_ZweckbestimmungLandwirtschaft:1200</gml:identifier>
          <gml:name>WiesenWeidewirtschaft</gml:name>
        </ListedValueDefinition>
      </gml:dictionaryEntry>
      <gml:dictionaryEntry>
        <ListedValueDefinition gml:id="xplan_BP_Landwirtschaft_weitereZweckbestimmung3_XP_ZweckbestimmungLandwirtschaft_1300">
          <gml:description>Gartenbauliche Erzeugung</gml:description>
          <gml:identifier codeSpace="urn:citgml">urn:xplan:enum:xplan:BP_Landwirtschaft:weitereZweckbestimmung3:XP_ZweckbestimmungLandwirtschaft:1300</gml:identifier>
          <gml:name>GartenbaulicheErzeugung</gml:name>
        </ListedValueDefinition>
      </gml:dictionaryEntry>
      <gml:dictionaryEntry>
        <ListedValueDefinition gml:id="xplan_BP_Landwirtschaft_weitereZweckbestimmung3_XP_ZweckbestimmungLandwirtschaft_1400">
          <gml:description>Obstbau</gml:description>
          <gml:identifier codeSpace="urn:citgml">urn:xplan:enum:xplan:BP_Landwirtschaft:weitereZweckbestimmung3:XP_ZweckbestimmungLandwirtschaft:1400</gml:identifier>
          <gml:name>Obstbau</gml:name>
        </ListedValueDefinition>
      </gml:dictionaryEntry>
      <gml:dictionaryEntry>
        <ListedValueDefinition gml:id="xplan_BP_Landwirtschaft_weitereZweckbestimmung3_XP_ZweckbestimmungLandwirtschaft_1500">
          <gml:description>Weinbau</gml:description>
          <gml:identifier codeSpace="urn:citgml">urn:xplan:enum:xplan:BP_Landwirtschaft:weitereZweckbestimmung3:XP_ZweckbestimmungLandwirtschaft:1500</gml:identifier>
          <gml:name>Weinbau</gml:name>
        </ListedValueDefinition>
      </gml:dictionaryEntry>
      <gml:dictionaryEntry>
        <ListedValueDefinition gml:id="xplan_BP_Landwirtschaft_weitereZweckbestimmung3_XP_ZweckbestimmungLandwirtschaft_1600">
          <gml:description>Imkerei</gml:description>
          <gml:identifier codeSpace="urn:citgml">urn:xplan:enum:xplan:BP_Landwirtschaft:weitereZweckbestimmung3:XP_ZweckbestimmungLandwirtschaft:1600</gml:identifier>
          <gml:name>Imkerei</gml:name>
        </ListedValueDefinition>
      </gml:dictionaryEntry>
      <gml:dictionaryEntry>
        <ListedValueDefinition gml:id="xplan_BP_Landwirtschaft_weitereZweckbestimmung3_XP_ZweckbestimmungLandwirtschaft_1700">
          <gml:description>Binnenfischerei</gml:description>
          <gml:identifier codeSpace="urn:citgml">urn:xplan:enum:xplan:BP_Landwirtschaft:weitereZweckbestimmung3:XP_ZweckbestimmungLandwirtschaft:1700</gml:identifier>
          <gml:name>Binnenfischerei</gml:name>
        </ListedValueDefinition>
      </gml:dictionaryEntry>
      <gml:dictionaryEntry>
        <ListedValueDefinition gml:id="xplan_BP_Landwirtschaft_weitereZweckbestimmung3_XP_ZweckbestimmungLandwirtschaft_9999">
          <gml:description>Sonstiges</gml:description>
          <gml:identifier codeSpace="urn:citgml">urn:xplan:enum:xplan:BP_Landwirtschaft:weitereZweckbestimmung3:XP_ZweckbestimmungLandwirtschaft:9999</gml:identifier>
          <gml:name>Sonstiges</gml:name>
        </ListedValueDefinition>
      </gml:dictionaryEntry>
      <def:cardinality>0..1</def:cardinality>
      <def:valueTypeName>XP_ZweckbestimmungLandwirtschaft</def:valueTypeName>
      <def:type>attribute</def:type>
    </def:PropertyDefinition>
  </gml:dictionaryEntry>
  <gml:dictionaryEntry>
    <def:PropertyDefinition gml:id="xplan_BP_Landwirtschaft_detaillierteZweckbestimmung">
      <gml:description>Über eine CodeList definierte zusätzliche Zweckbestimmungen.
</gml:description>
      <gml:identifier codeSpace="urn:citgml">urn:xplan:element:xplan:BP_Landwirtschaft:attribute:detaillierteZweckbestimmung</gml:identifier>
      <gml:name>xplan:detaillierteZweckbestimmung</gml:name>
      <def:cardinality>0..*</def:cardinality>
      <def:valueTypeName>BP_DetailZweckbestLandwirtschaft</def:valueTypeName>
      <def:type>attribute</def:type>
    </def:PropertyDefinition>
  </gml:dictionaryEntry>
  <gml:dictionaryEntry>
    <def:PropertyDefinition gml:id="xplan_BP_Landwirtschaft_weitereDetailZweckbestimmung1">
      <gml:description>Über eine CodeList definierte zusätzliche Zweckbestimmung. &lt;b&gt;Dies Attribut ist ab Version 4.1 als "veraltet" gekennzeichnet, es sollte stattdessen &lt;/b&gt;&lt;b&gt;&lt;i&gt;detaillierteZweckbestimmung &lt;/i&gt;&lt;/b&gt;&lt;b&gt;mehrfach belegt werden.&lt;/b&gt;
</gml:description>
      <gml:identifier codeSpace="urn:citgml">urn:xplan:element:xplan:BP_Landwirtschaft:attribute:weitereDetailZweckbestimmung1</gml:identifier>
      <gml:name>xplan:weitereDetailZweckbestimmung1</gml:name>
      <def:cardinality>0..1</def:cardinality>
      <def:valueTypeName>BP_DetailZweckbestLandwirtschaft</def:valueTypeName>
      <def:type>attribute</def:type>
    </def:PropertyDefinition>
  </gml:dictionaryEntry>
  <gml:dictionaryEntry>
    <def:PropertyDefinition gml:id="xplan_BP_Landwirtschaft_weitereDetailZweckbestimmung2">
      <gml:description>Über eine CodeList definierte zusätzliche Zweckbestimmung. &lt;b&gt;Dies Attribut ist ab Version 4.1 als "veraltet" gekennzeichnet, es sollte stattdessen &lt;/b&gt;&lt;b&gt;&lt;i&gt;detaillierteZweckbestimmung &lt;/i&gt;&lt;/b&gt;&lt;b&gt;mehrfach belegt werden.&lt;/b&gt;
</gml:description>
      <gml:identifier codeSpace="urn:citgml">urn:xplan:element:xplan:BP_Landwirtschaft:attribute:weitereDetailZweckbestimmung2</gml:identifier>
      <gml:name>xplan:weitereDetailZweckbestimmung2</gml:name>
      <def:cardinality>0..1</def:cardinality>
      <def:valueTypeName>BP_DetailZweckbestLandwirtschaft</def:valueTypeName>
      <def:type>attribute</def:type>
    </def:PropertyDefinition>
  </gml:dictionaryEntry>
  <gml:dictionaryEntry>
    <def:PropertyDefinition gml:id="xplan_BP_Landwirtschaft_weitereDetailZweckbestimmung3">
      <gml:description>Über eine CodeList definierte zusätzliche Zweckbestimmung. &lt;b&gt;Dies Attribut ist ab Version 4.1 als "veraltet" gekennzeichnet, es sollte stattdessen &lt;/b&gt;&lt;b&gt;&lt;i&gt;detaillierteZweckbestimmung &lt;/i&gt;&lt;/b&gt;&lt;b&gt;mehrfach belegt werden.&lt;/b&gt;
</gml:description>
      <gml:identifier codeSpace="urn:citgml">urn:xplan:element:xplan:BP_Landwirtschaft:attribute:weitereDetailZweckbestimmung3</gml:identifier>
      <gml:name>xplan:weitereDetailZweckbestimmung3</gml:name>
      <def:cardinality>0..1</def:cardinality>
      <def:valueTypeName>BP_DetailZweckbestLandwirtschaft</def:valueTypeName>
      <def:type>attribute</def:type>
    </def:PropertyDefinition>
  </gml:dictionaryEntry>
  <def:classification>featureType</def:classification>
  <def:supertypeRef xlink:href="urn:xplan:element:xplan:BP_Geometrieobjekt" />
</TypeDefinition>