﻿<!--Erzeugt mit KIT (www.kit.edu) UmlToXmlTransformation-Software, Erstellungsdatum: 24.08.2012 09:29:26-->
<TypeDefinition xmlns="http://www.interactive-instruments.de/ShapeChange/Definitions/0.5" xmlns:def="http://www.interactive-instruments.de/ShapeChange/Definitions/0.5" xmlns:gml="http://www.opengis.net/gml/3.2" xmlns:xlink="http://www.w3.org/1999/xlink" xmlns:xsi="http://www.w3.org/2001/XMLSchema-instance" xsi:schemaLocation="http://www.interactive-instruments.de/ShapeChange/Definitions/0.5 ../xsd/ShapeChangeDefinitions.xsd" gml:id="xplanNSM_RP_NSM_ASB">
  <gml:description />
  <gml:identifier codeSpace="urn:citgml">urn:xplan:element:xplanNSM:RP_NSM_ASB</gml:identifier>
  <gml:name>xplanNSM:RP_NSM_ASB</gml:name>
  <gml:dictionaryEntry>
    <def:PropertyDefinition gml:id="xplanNSM_RP_NSM_ASB_zweckbindungASB">
      <gml:description />
      <gml:identifier codeSpace="urn:citgml">urn:xplan:element:xplanNSM:RP_NSM_ASB:attribute:zweckbindungASB</gml:identifier>
      <gml:name>xplanNSM:zweckbindungASB</gml:name>
      <gml:dictionaryEntry>
        <ListedValueDefinition gml:id="xplanNSM_RP_NSM_ASB_zweckbindungASB_RP_NSM_ASB_Zweckbindungen_1000">
          <gml:identifier codeSpace="urn:citgml">urn:xplan:enum:xplanNSM:RP_NSM_ASB:zweckbindungASB:RP_NSM_ASB_Zweckbindungen:1000</gml:identifier>
          <gml:name>Wohnfunktion</gml:name>
        </ListedValueDefinition>
      </gml:dictionaryEntry>
      <gml:dictionaryEntry>
        <ListedValueDefinition gml:id="xplanNSM_RP_NSM_ASB_zweckbindungASB_RP_NSM_ASB_Zweckbindungen_2000">
          <gml:identifier codeSpace="urn:citgml">urn:xplan:enum:xplanNSM:RP_NSM_ASB:zweckbindungASB:RP_NSM_ASB_Zweckbindungen:2000</gml:identifier>
          <gml:name>GewerbeDienstleistungsfunktion</gml:name>
        </ListedValueDefinition>
      </gml:dictionaryEntry>
      <gml:dictionaryEntry>
        <ListedValueDefinition gml:id="xplanNSM_RP_NSM_ASB_zweckbindungASB_RP_NSM_ASB_Zweckbindungen_3000">
          <gml:identifier codeSpace="urn:citgml">urn:xplan:enum:xplanNSM:RP_NSM_ASB:zweckbindungASB:RP_NSM_ASB_Zweckbindungen:3000</gml:identifier>
          <gml:name>WohnGewerbeDienstleistungsfunktion</gml:name>
        </ListedValueDefinition>
      </gml:dictionaryEntry>
      <gml:dictionaryEntry>
        <ListedValueDefinition gml:id="xplanNSM_RP_NSM_ASB_zweckbindungASB_RP_NSM_ASB_Zweckbindungen_4000">
          <gml:identifier codeSpace="urn:citgml">urn:xplan:enum:xplanNSM:RP_NSM_ASB:zweckbindungASB:RP_NSM_ASB_Zweckbindungen:4000</gml:identifier>
          <gml:name>UeberoertlVersorgungsfunktionLaendlRaum</gml:name>
        </ListedValueDefinition>
      </gml:dictionaryEntry>
      <gml:dictionaryEntry>
        <ListedValueDefinition gml:id="xplanNSM_RP_NSM_ASB_zweckbindungASB_RP_NSM_ASB_Zweckbindungen_5000">
          <gml:identifier codeSpace="urn:citgml">urn:xplan:enum:xplanNSM:RP_NSM_ASB:zweckbindungASB:RP_NSM_ASB_Zweckbindungen:5000</gml:identifier>
          <gml:name>Baugebietsgrenze</gml:name>
        </ListedValueDefinition>
      </gml:dictionaryEntry>
      <gml:dictionaryEntry>
        <ListedValueDefinition gml:id="xplanNSM_RP_NSM_ASB_zweckbindungASB_RP_NSM_ASB_Zweckbindungen_6000">
          <gml:identifier codeSpace="urn:citgml">urn:xplan:enum:xplanNSM:RP_NSM_ASB:zweckbindungASB:RP_NSM_ASB_Zweckbindungen:6000</gml:identifier>
          <gml:name>Siedlungsgebiet</gml:name>
        </ListedValueDefinition>
      </gml:dictionaryEntry>
      <gml:dictionaryEntry>
        <ListedValueDefinition gml:id="xplanNSM_RP_NSM_ASB_zweckbindungASB_RP_NSM_ASB_Zweckbindungen_6001">
          <gml:identifier codeSpace="urn:citgml">urn:xplan:enum:xplanNSM:RP_NSM_ASB:zweckbindungASB:RP_NSM_ASB_Zweckbindungen:6001</gml:identifier>
          <gml:name>Siedlungsschwerpunkt</gml:name>
        </ListedValueDefinition>
      </gml:dictionaryEntry>
      <def:cardinality>0..1</def:cardinality>
      <def:valueTypeName>RP_NSM_ASB_Zweckbindungen</def:valueTypeName>
      <def:type>attribute</def:type>
    </def:PropertyDefinition>
  </gml:dictionaryEntry>
  <def:classification>featureType</def:classification>
  <def:supertypeRef xlink:href="urn:xplan:element:xplan:RP_GemeindeFunktionSiedlungsentwicklung" />
</TypeDefinition>