﻿<!--Erzeugt mit KIT (www.kit.edu) UmlToXmlTransformation-Software, Erstellungsdatum: 09.09.2013 11:08:30-->
<TypeDefinition xmlns="http://www.interactive-instruments.de/ShapeChange/Definitions/0.5" xmlns:def="http://www.interactive-instruments.de/ShapeChange/Definitions/0.5" xmlns:gml="http://www.opengis.net/gml/3.2" xmlns:xlink="http://www.w3.org/1999/xlink" xmlns:xsi="http://www.w3.org/2001/XMLSchema-instance" xsi:schemaLocation="http://www.interactive-instruments.de/ShapeChange/Definitions/0.5 ../xsd/ShapeChangeDefinitions.xsd" gml:id="xplan_XP_Praesentationsobjekt">
  <gml:description>Entspricht der ALKIS-Objektklasse AP_Darstellung mit dem Unterschied, dass auf das Attribut "positionierungssregel" verzichtet wurde.  Die Klasse darf nur als gebundenes Präsentationsobjekt verwendet werden. Die Standard-Darstellung des verbundenen Fachobjekts wird dann durch die über stylesheetId spezifizierte Darstellung ersetzt. Die Umsetzung dieses Konzeptes ist der Implementierung überlassen.
</gml:description>
  <gml:identifier codeSpace="urn:citgml">urn:xplan:element:xplan:XP_Praesentationsobjekt</gml:identifier>
  <gml:name>xplan:XP_Praesentationsobjekt</gml:name>
  <def:classification>featureType</def:classification>
  <def:supertypeRef xlink:href="urn:xplan:element:xplan:XP_AbstraktesPraesentationsobjekt" />
</TypeDefinition>