﻿<!--Erzeugt mit KIT (www.kit.edu) UmlToXmlTransformation-Software, Erstellungsdatum: 24.08.2012 09:29:20-->
<TypeDefinition xmlns="http://www.interactive-instruments.de/ShapeChange/Definitions/0.5" xmlns:def="http://www.interactive-instruments.de/ShapeChange/Definitions/0.5" xmlns:gml="http://www.opengis.net/gml/3.2" xmlns:xlink="http://www.w3.org/1999/xlink" xmlns:xsi="http://www.w3.org/2001/XMLSchema-instance" xsi:schemaLocation="http://www.interactive-instruments.de/ShapeChange/Definitions/0.5 ../xsd/ShapeChangeDefinitions.xsd" gml:id="xplan_LP_NRW_Brachflaeche">
  <gml:description>Brachfläche i.S.v. § 24 LG.
</gml:description>
  <gml:identifier codeSpace="urn:citgml">urn:xplan:element:xplan:LP_NRW_Brachflaeche</gml:identifier>
  <gml:name>xplan:LP_NRW_Brachflaeche</gml:name>
  <gml:dictionaryEntry>
    <def:PropertyDefinition gml:id="xplan_LP_NRW_Brachflaeche_zweckbestimmung">
      <gml:description />
      <gml:identifier codeSpace="urn:citgml">urn:xplan:element:xplan:LP_NRW_Brachflaeche:attribute:zweckbestimmung</gml:identifier>
      <gml:name>xplan:zweckbestimmung</gml:name>
      <gml:dictionaryEntry>
        <ListedValueDefinition gml:id="xplan_LP_NRW_Brachflaeche_zweckbestimmung_LP_NRW_ZweckbestimmungBrachflaeche_1000">
          <gml:identifier codeSpace="urn:citgml">urn:xplan:enum:xplan:LP_NRW_Brachflaeche:zweckbestimmung:LP_NRW_ZweckbestimmungBrachflaeche:1000</gml:identifier>
          <gml:name>NatuerlicheEntwicklung</gml:name>
        </ListedValueDefinition>
      </gml:dictionaryEntry>
      <gml:dictionaryEntry>
        <ListedValueDefinition gml:id="xplan_LP_NRW_Brachflaeche_zweckbestimmung_LP_NRW_ZweckbestimmungBrachflaeche_2000">
          <gml:identifier codeSpace="urn:citgml">urn:xplan:enum:xplan:LP_NRW_Brachflaeche:zweckbestimmung:LP_NRW_ZweckbestimmungBrachflaeche:2000</gml:identifier>
          <gml:name>BewirtschaftungPflegeNutzung</gml:name>
        </ListedValueDefinition>
      </gml:dictionaryEntry>
      <gml:dictionaryEntry>
        <ListedValueDefinition gml:id="xplan_LP_NRW_Brachflaeche_zweckbestimmung_LP_NRW_ZweckbestimmungBrachflaeche_9999">
          <gml:identifier codeSpace="urn:citgml">urn:xplan:enum:xplan:LP_NRW_Brachflaeche:zweckbestimmung:LP_NRW_ZweckbestimmungBrachflaeche:9999</gml:identifier>
          <gml:name>Sonstiges</gml:name>
        </ListedValueDefinition>
      </gml:dictionaryEntry>
      <def:cardinality>0..1</def:cardinality>
      <def:valueTypeName>LP_NRW_ZweckbestimmungBrachflaeche</def:valueTypeName>
      <def:type>attribute</def:type>
    </def:PropertyDefinition>
  </gml:dictionaryEntry>
  <def:classification>featureType</def:classification>
  <def:supertypeRef xlink:href="urn:xplan:element:xplan:LP_NutzungserfordernisRegelung" />
</TypeDefinition>