﻿<!--Erzeugt mit KIT (www.kit.edu) UmlToXmlTransformation-Software, Erstellungsdatum: 09.09.2013 11:08:39-->
<TypeDefinition xmlns="http://www.interactive-instruments.de/ShapeChange/Definitions/0.5" xmlns:def="http://www.interactive-instruments.de/ShapeChange/Definitions/0.5" xmlns:gml="http://www.opengis.net/gml/3.2" xmlns:xlink="http://www.w3.org/1999/xlink" xmlns:xsi="http://www.w3.org/2001/XMLSchema-instance" xsi:schemaLocation="http://www.interactive-instruments.de/ShapeChange/Definitions/0.5 ../xsd/ShapeChangeDefinitions.xsd" gml:id="xplan_BP_DenkmalschutzEinzelanlage">
  <gml:description>Denkmalgeschützte Einzelanlage, sofern es sich um eine Festsetzung des Bebauungsplans handelt (§9 Abs. 4 BauGB - landesrechtliche Regelung).
</gml:description>
  <gml:identifier codeSpace="urn:citgml">urn:xplan:element:xplan:BP_DenkmalschutzEinzelanlage</gml:identifier>
  <gml:name>xplan:BP_DenkmalschutzEinzelanlage</gml:name>
  <gml:dictionaryEntry>
    <def:PropertyDefinition gml:id="xplan_BP_DenkmalschutzEinzelanlage_denkmal">
      <gml:description>Nähere Bezeichnung des Denkmals.</gml:description>
      <gml:identifier codeSpace="urn:citgml">urn:xplan:element:xplan:BP_DenkmalschutzEinzelanlage:attribute:denkmal</gml:identifier>
      <gml:name>xplan:denkmal</gml:name>
      <def:cardinality>0..1</def:cardinality>
      <def:valueTypeRef xlink:href="urn:xplan:element::CharacterString" />
      <def:type>attribute</def:type>
    </def:PropertyDefinition>
  </gml:dictionaryEntry>
  <def:classification>featureType</def:classification>
  <def:supertypeRef xlink:href="urn:xplan:element:xplan:BP_Geometrieobjekt" />
</TypeDefinition>