﻿<!--Erzeugt mit KIT (www.kit.edu) UmlToXmlTransformation-Software, Erstellungsdatum: 09.09.2013 11:08:30-->
<TypeDefinition xmlns="http://www.interactive-instruments.de/ShapeChange/Definitions/0.5" xmlns:def="http://www.interactive-instruments.de/ShapeChange/Definitions/0.5" xmlns:gml="http://www.opengis.net/gml/3.2" xmlns:xlink="http://www.w3.org/1999/xlink" xmlns:xsi="http://www.w3.org/2001/XMLSchema-instance" xsi:schemaLocation="http://www.interactive-instruments.de/ShapeChange/Definitions/0.5 ../xsd/ShapeChangeDefinitions.xsd" gml:id="xplan_BP_Bereich">
  <gml:description>Diese Klasse modelliert einen Bereich eines Bebauungsplans, z.B. eine vertikale Ebene.
</gml:description>
  <gml:identifier codeSpace="urn:citgml">urn:xplan:element:xplan:BP_Bereich</gml:identifier>
  <gml:name>xplan:BP_Bereich</gml:name>
  <gml:dictionaryEntry>
    <def:PropertyDefinition gml:id="xplan_BP_Bereich_versionBauNVO">
      <gml:description>Benutzte Version der BauNVO</gml:description>
      <gml:identifier codeSpace="urn:citgml">urn:xplan:element:xplan:BP_Bereich:attribute:versionBauNVO</gml:identifier>
      <gml:name>xplan:versionBauNVO</gml:name>
      <gml:dictionaryEntry>
        <ListedValueDefinition gml:id="xplan_BP_Bereich_versionBauNVO_XP_VersionBauNVO_1000">
          <gml:identifier codeSpace="urn:citgml">urn:xplan:enum:xplan:BP_Bereich:versionBauNVO:XP_VersionBauNVO:1000</gml:identifier>
          <gml:name>Version_1962</gml:name>
        </ListedValueDefinition>
      </gml:dictionaryEntry>
      <gml:dictionaryEntry>
        <ListedValueDefinition gml:id="xplan_BP_Bereich_versionBauNVO_XP_VersionBauNVO_2000">
          <gml:identifier codeSpace="urn:citgml">urn:xplan:enum:xplan:BP_Bereich:versionBauNVO:XP_VersionBauNVO:2000</gml:identifier>
          <gml:name>Version_1968</gml:name>
        </ListedValueDefinition>
      </gml:dictionaryEntry>
      <gml:dictionaryEntry>
        <ListedValueDefinition gml:id="xplan_BP_Bereich_versionBauNVO_XP_VersionBauNVO_3000">
          <gml:identifier codeSpace="urn:citgml">urn:xplan:enum:xplan:BP_Bereich:versionBauNVO:XP_VersionBauNVO:3000</gml:identifier>
          <gml:name>Version_1977</gml:name>
        </ListedValueDefinition>
      </gml:dictionaryEntry>
      <gml:dictionaryEntry>
        <ListedValueDefinition gml:id="xplan_BP_Bereich_versionBauNVO_XP_VersionBauNVO_4000">
          <gml:identifier codeSpace="urn:citgml">urn:xplan:enum:xplan:BP_Bereich:versionBauNVO:XP_VersionBauNVO:4000</gml:identifier>
          <gml:name>Version_1990</gml:name>
        </ListedValueDefinition>
      </gml:dictionaryEntry>
      <gml:dictionaryEntry>
        <ListedValueDefinition gml:id="xplan_BP_Bereich_versionBauNVO_XP_VersionBauNVO_9999">
          <gml:identifier codeSpace="urn:citgml">urn:xplan:enum:xplan:BP_Bereich:versionBauNVO:XP_VersionBauNVO:9999</gml:identifier>
          <gml:name>AndereGesetzlicheBestimmung</gml:name>
        </ListedValueDefinition>
      </gml:dictionaryEntry>
      <def:cardinality>0..1</def:cardinality>
      <def:valueTypeName>XP_VersionBauNVO</def:valueTypeName>
      <def:type>attribute</def:type>
    </def:PropertyDefinition>
  </gml:dictionaryEntry>
  <gml:dictionaryEntry>
    <def:PropertyDefinition gml:id="xplan_BP_Bereich_versionBauNVOText">
      <gml:description>Textliche Spezifikation einer anderen Gesetzesgrundlage als der BauNVO. In diesem Fall muss das Attribut versionBauNVO den Wert 9999 haben.</gml:description>
      <gml:identifier codeSpace="urn:citgml">urn:xplan:element:xplan:BP_Bereich:attribute:versionBauNVOText</gml:identifier>
      <gml:name>xplan:versionBauNVOText</gml:name>
      <def:cardinality>0..1</def:cardinality>
      <def:valueTypeRef xlink:href="urn:xplan:element::CharacterString" />
      <def:type>attribute</def:type>
    </def:PropertyDefinition>
  </gml:dictionaryEntry>
  <gml:dictionaryEntry>
    <def:PropertyDefinition gml:id="xplan_BP_Bereich_versionBauGB">
      <gml:description>Datum der zugrunde liegenden Version des BauGB.</gml:description>
      <gml:identifier codeSpace="urn:citgml">urn:xplan:element:xplan:BP_Bereich:attribute:versionBauGB</gml:identifier>
      <gml:name>xplan:versionBauGB</gml:name>
      <def:cardinality>0..1</def:cardinality>
      <def:valueTypeRef xlink:href="urn:xplan:element::Date" />
      <def:type>attribute</def:type>
    </def:PropertyDefinition>
  </gml:dictionaryEntry>
  <gml:dictionaryEntry>
    <def:PropertyDefinition gml:id="xplan_BP_Bereich_versionBauGBText">
      <gml:description>Zugrunde liegende Version des BauGB.</gml:description>
      <gml:identifier codeSpace="urn:citgml">urn:xplan:element:xplan:BP_Bereich:attribute:versionBauGBText</gml:identifier>
      <gml:name>xplan:versionBauGBText</gml:name>
      <def:cardinality>0..1</def:cardinality>
      <def:valueTypeRef xlink:href="urn:xplan:element::CharacterString" />
      <def:type>attribute</def:type>
    </def:PropertyDefinition>
  </gml:dictionaryEntry>
  <gml:dictionaryEntry>
    <def:PropertyDefinition gml:id="xplan_BP_Bereich_gehoertZuPlan">
      <gml:description />
      <gml:identifier codeSpace="urn:citgml">urn:xplan:element:xplan:BP_Bereich:association-role:gehoertZuPlan</gml:identifier>
      <gml:name>xplan:gehoertZuPlan</gml:name>
      <def:cardinality>1</def:cardinality>
      <def:valueTypeRef xlink:href="urn:xplan:element:xplan:BP_Plan" />
      <def:type>associationRole</def:type>
    </def:PropertyDefinition>
  </gml:dictionaryEntry>
  <gml:dictionaryEntry>
    <def:PropertyDefinition gml:id="xplan_BP_Bereich_inhaltBPlan">
      <gml:description />
      <gml:identifier codeSpace="urn:citgml">urn:xplan:element:xplan:BP_Bereich:association-role:inhaltBPlan</gml:identifier>
      <gml:name>xplan:inhaltBPlan</gml:name>
      <def:cardinality>0..*</def:cardinality>
      <def:valueTypeRef xlink:href="urn:xplan:element:xplan:BP_Objekt" />
      <def:type>associationRole</def:type>
    </def:PropertyDefinition>
  </gml:dictionaryEntry>
  <gml:dictionaryEntry>
    <def:PropertyDefinition gml:id="xplan_BP_Bereich_rasterAenderung">
      <gml:description />
      <gml:identifier codeSpace="urn:citgml">urn:xplan:element:xplan:BP_Bereich:association-role:rasterAenderung</gml:identifier>
      <gml:name>xplan:rasterAenderung</gml:name>
      <def:cardinality>0..*</def:cardinality>
      <def:valueTypeRef xlink:href="urn:xplan:element:xplan:BP_RasterplanAenderung" />
      <def:type>associationRole</def:type>
    </def:PropertyDefinition>
  </gml:dictionaryEntry>
  <def:classification>featureType</def:classification>
  <def:supertypeRef xlink:href="urn:xplan:element:xplan:XP_Bereich" />
</TypeDefinition>