﻿<!--Erzeugt mit KIT (www.kit.edu) UmlToXmlTransformation-Software, Erstellungsdatum: 09.09.2013 11:08:50-->
<TypeDefinition xmlns="http://www.interactive-instruments.de/ShapeChange/Definitions/0.5" xmlns:def="http://www.interactive-instruments.de/ShapeChange/Definitions/0.5" xmlns:gml="http://www.opengis.net/gml/3.2" xmlns:xlink="http://www.w3.org/1999/xlink" xmlns:xsi="http://www.w3.org/2001/XMLSchema-instance" xsi:schemaLocation="http://www.interactive-instruments.de/ShapeChange/Definitions/0.5 ../xsd/ShapeChangeDefinitions.xsd" gml:id="xplan_BP_Strassenkoerper">
  <gml:description>Flächen für Aufschüttungen, Abgrabungen und Stützmauern, soweit sie zur Herstellung des Straßenkörpers erforderlich sind (§9, Abs. 1, Nr. 26 BauGB).
</gml:description>
  <gml:identifier codeSpace="urn:citgml">urn:xplan:element:xplan:BP_Strassenkoerper</gml:identifier>
  <gml:name>xplan:BP_Strassenkoerper</gml:name>
  <gml:dictionaryEntry>
    <def:PropertyDefinition gml:id="xplan_BP_Strassenkoerper_typ">
      <gml:description>Notwendige Maßnahme zur Herstellung des Straßenkörpers.</gml:description>
      <gml:identifier codeSpace="urn:citgml">urn:xplan:element:xplan:BP_Strassenkoerper:attribute:typ</gml:identifier>
      <gml:name>xplan:typ</gml:name>
      <gml:dictionaryEntry>
        <ListedValueDefinition gml:id="xplan_BP_Strassenkoerper_typ_BP_StrassenkoerperHerstellung_1000">
          <gml:identifier codeSpace="urn:citgml">urn:xplan:enum:xplan:BP_Strassenkoerper:typ:BP_StrassenkoerperHerstellung:1000</gml:identifier>
          <gml:name>Aufschuettung</gml:name>
        </ListedValueDefinition>
      </gml:dictionaryEntry>
      <gml:dictionaryEntry>
        <ListedValueDefinition gml:id="xplan_BP_Strassenkoerper_typ_BP_StrassenkoerperHerstellung_2000">
          <gml:identifier codeSpace="urn:citgml">urn:xplan:enum:xplan:BP_Strassenkoerper:typ:BP_StrassenkoerperHerstellung:2000</gml:identifier>
          <gml:name>Abgrabung</gml:name>
        </ListedValueDefinition>
      </gml:dictionaryEntry>
      <gml:dictionaryEntry>
        <ListedValueDefinition gml:id="xplan_BP_Strassenkoerper_typ_BP_StrassenkoerperHerstellung_3000">
          <gml:identifier codeSpace="urn:citgml">urn:xplan:enum:xplan:BP_Strassenkoerper:typ:BP_StrassenkoerperHerstellung:3000</gml:identifier>
          <gml:name>Stuetzmauer</gml:name>
        </ListedValueDefinition>
      </gml:dictionaryEntry>
      <def:cardinality>1</def:cardinality>
      <def:valueTypeName>BP_StrassenkoerperHerstellung</def:valueTypeName>
      <def:type>attribute</def:type>
    </def:PropertyDefinition>
  </gml:dictionaryEntry>
  <def:classification>featureType</def:classification>
  <def:supertypeRef xlink:href="urn:xplan:element:xplan:BP_Geometrieobjekt" />
</TypeDefinition>