﻿<!--Erzeugt mit KIT (www.kit.edu) UmlToXmlTransformation-Software, Erstellungsdatum: 09.09.2013 11:08:26-->
<TypeDefinition xmlns="http://www.interactive-instruments.de/ShapeChange/Definitions/0.5" xmlns:def="http://www.interactive-instruments.de/ShapeChange/Definitions/0.5" xmlns:gml="http://www.opengis.net/gml/3.2" xmlns:xlink="http://www.w3.org/1999/xlink" xmlns:xsi="http://www.w3.org/2001/XMLSchema-instance" xsi:schemaLocation="http://www.interactive-instruments.de/ShapeChange/Definitions/0.5 ../xsd/ShapeChangeDefinitions.xsd" gml:id="xplan_XP_Gemeinde">
  <gml:description>Spezifikation einer Gemeinde
</gml:description>
  <gml:identifier codeSpace="urn:citgml">urn:xplan:element:xplan:XP_Gemeinde</gml:identifier>
  <gml:name>xplan:XP_Gemeinde</gml:name>
  <gml:dictionaryEntry>
    <def:PropertyDefinition gml:id="xplan_XP_Gemeinde_ags">
      <gml:description>Amtlicher Gemeindsschlüssel (früher Gemeinde-Kennziffer)</gml:description>
      <gml:identifier codeSpace="urn:citgml">urn:xplan:element:xplan:XP_Gemeinde:attribute:ags</gml:identifier>
      <gml:name>xplan:ags</gml:name>
      <def:cardinality>0..1</def:cardinality>
      <def:valueTypeRef xlink:href="urn:xplan:element::CharacterString" />
      <def:type>attribute</def:type>
    </def:PropertyDefinition>
  </gml:dictionaryEntry>
  <gml:dictionaryEntry>
    <def:PropertyDefinition gml:id="xplan_XP_Gemeinde_rs">
      <gml:description>Regionalschlüssel</gml:description>
      <gml:identifier codeSpace="urn:citgml">urn:xplan:element:xplan:XP_Gemeinde:attribute:rs</gml:identifier>
      <gml:name>xplan:rs</gml:name>
      <def:cardinality>0..1</def:cardinality>
      <def:valueTypeRef xlink:href="urn:xplan:element::CharacterString" />
      <def:type>attribute</def:type>
    </def:PropertyDefinition>
  </gml:dictionaryEntry>
  <gml:dictionaryEntry>
    <def:PropertyDefinition gml:id="xplan_XP_Gemeinde_gemeindeName">
      <gml:description>Name der Gemeinde.</gml:description>
      <gml:identifier codeSpace="urn:citgml">urn:xplan:element:xplan:XP_Gemeinde:attribute:gemeindeName</gml:identifier>
      <gml:name>xplan:gemeindeName</gml:name>
      <def:cardinality>0..1</def:cardinality>
      <def:valueTypeRef xlink:href="urn:xplan:element::CharacterString" />
      <def:type>attribute</def:type>
    </def:PropertyDefinition>
  </gml:dictionaryEntry>
  <gml:dictionaryEntry>
    <def:PropertyDefinition gml:id="xplan_XP_Gemeinde_ortsteilName">
      <gml:description>Name des Ortsteils</gml:description>
      <gml:identifier codeSpace="urn:citgml">urn:xplan:element:xplan:XP_Gemeinde:attribute:ortsteilName</gml:identifier>
      <gml:name>xplan:ortsteilName</gml:name>
      <def:cardinality>0..1</def:cardinality>
      <def:valueTypeRef xlink:href="urn:xplan:element::CharacterString" />
      <def:type>attribute</def:type>
    </def:PropertyDefinition>
  </gml:dictionaryEntry>
  <def:classification>featureType</def:classification>
</TypeDefinition>