﻿<!--Erzeugt mit KIT (www.kit.edu) UmlToXmlTransformation-Software, Erstellungsdatum: 09.09.2013 11:08:46-->
<TypeDefinition xmlns="http://www.interactive-instruments.de/ShapeChange/Definitions/0.5" xmlns:def="http://www.interactive-instruments.de/ShapeChange/Definitions/0.5" xmlns:gml="http://www.opengis.net/gml/3.2" xmlns:xlink="http://www.w3.org/1999/xlink" xmlns:xsi="http://www.w3.org/2001/XMLSchema-instance" xsi:schemaLocation="http://www.interactive-instruments.de/ShapeChange/Definitions/0.5 ../xsd/ShapeChangeDefinitions.xsd" gml:id="xplan_BP_AbstandsMass">
  <gml:description>Darstellung von Maßpfeilen oder Maßkreisen in BPlänen um eine eindeutige Vermassung einzelner Festsetzungen zu erreichen.
</gml:description>
  <gml:identifier codeSpace="urn:citgml">urn:xplan:element:xplan:BP_AbstandsMass</gml:identifier>
  <gml:name>xplan:BP_AbstandsMass</gml:name>
  <gml:dictionaryEntry>
    <def:PropertyDefinition gml:id="xplan_BP_AbstandsMass_wert">
      <gml:description>Längenangabe des Abstandsmasses.</gml:description>
      <gml:identifier codeSpace="urn:citgml">urn:xplan:element:xplan:BP_AbstandsMass:attribute:wert</gml:identifier>
      <gml:name>xplan:wert</gml:name>
      <def:cardinality>1</def:cardinality>
      <def:valueTypeRef xlink:href="urn:xplan:element::Length" />
      <def:type>attribute</def:type>
    </def:PropertyDefinition>
  </gml:dictionaryEntry>
  <gml:dictionaryEntry>
    <def:PropertyDefinition gml:id="xplan_BP_AbstandsMass_startWinkel">
      <gml:description>Startwinkel für Darstellung eines Abstandsmaßes (nur relevant für Maßkeise)</gml:description>
      <gml:identifier codeSpace="urn:citgml">urn:xplan:element:xplan:BP_AbstandsMass:attribute:startWinkel</gml:identifier>
      <gml:name>xplan:startWinkel</gml:name>
      <def:cardinality>0..1</def:cardinality>
      <def:valueTypeRef xlink:href="urn:xplan:element::Angle" />
      <def:type>attribute</def:type>
    </def:PropertyDefinition>
  </gml:dictionaryEntry>
  <gml:dictionaryEntry>
    <def:PropertyDefinition gml:id="xplan_BP_AbstandsMass_endWinkel">
      <gml:description>Endwinkel für Darstellung eines Abstandsmaße (nur relevant für Maßkreise).</gml:description>
      <gml:identifier codeSpace="urn:citgml">urn:xplan:element:xplan:BP_AbstandsMass:attribute:endWinkel</gml:identifier>
      <gml:name>xplan:endWinkel</gml:name>
      <def:cardinality>0..1</def:cardinality>
      <def:valueTypeRef xlink:href="urn:xplan:element::Angle" />
      <def:type>attribute</def:type>
    </def:PropertyDefinition>
  </gml:dictionaryEntry>
  <def:classification>featureType</def:classification>
  <def:supertypeRef xlink:href="urn:xplan:element:xplan:BP_Geometrieobjekt" />
</TypeDefinition>