﻿<!--Erzeugt mit KIT (www.kit.edu) UmlToXmlTransformation-Software, Erstellungsdatum: 09.09.2013 11:08:25-->
<TypeDefinition xmlns="http://www.interactive-instruments.de/ShapeChange/Definitions/0.5" xmlns:def="http://www.interactive-instruments.de/ShapeChange/Definitions/0.5" xmlns:gml="http://www.opengis.net/gml/3.2" xmlns:xlink="http://www.w3.org/1999/xlink" xmlns:xsi="http://www.w3.org/2001/XMLSchema-instance" xsi:schemaLocation="http://www.interactive-instruments.de/ShapeChange/Definitions/0.5 ../xsd/ShapeChangeDefinitions.xsd" gml:id="xplan_XP_BegruendungAbschnitt">
  <gml:description>Ein Abschnitt der Begründung des Plans.</gml:description>
  <gml:identifier codeSpace="urn:citgml">urn:xplan:element:xplan:XP_BegruendungAbschnitt</gml:identifier>
  <gml:name>xplan:XP_BegruendungAbschnitt</gml:name>
  <gml:dictionaryEntry>
    <def:PropertyDefinition gml:id="xplan_XP_BegruendungAbschnitt_schluessel">
      <gml:description>Schlüssel zur Referenzierung des Abschnitts von einem Fachobjekt aus.</gml:description>
      <gml:identifier codeSpace="urn:citgml">urn:xplan:element:xplan:XP_BegruendungAbschnitt:attribute:schluessel</gml:identifier>
      <gml:name>xplan:schluessel</gml:name>
      <def:cardinality>0..1</def:cardinality>
      <def:valueTypeRef xlink:href="urn:xplan:element::CharacterString" />
      <def:type>attribute</def:type>
    </def:PropertyDefinition>
  </gml:dictionaryEntry>
  <gml:dictionaryEntry>
    <def:PropertyDefinition gml:id="xplan_XP_BegruendungAbschnitt_text">
      <gml:description>Inhalt eines Abschnitts der Begründung.</gml:description>
      <gml:identifier codeSpace="urn:citgml">urn:xplan:element:xplan:XP_BegruendungAbschnitt:attribute:text</gml:identifier>
      <gml:name>xplan:text</gml:name>
      <def:cardinality>0..1</def:cardinality>
      <def:valueTypeRef xlink:href="urn:xplan:element::CharacterString" />
      <def:type>attribute</def:type>
    </def:PropertyDefinition>
  </gml:dictionaryEntry>
  <gml:dictionaryEntry>
    <def:PropertyDefinition gml:id="xplan_XP_BegruendungAbschnitt_refText">
      <gml:description>Referenz auf ein externes Dokument das den Begründungs-Abschnitt enthält.</gml:description>
      <gml:identifier codeSpace="urn:citgml">urn:xplan:element:xplan:XP_BegruendungAbschnitt:attribute:refText</gml:identifier>
      <gml:name>xplan:refText</gml:name>
      <def:cardinality>0..1</def:cardinality>
      <def:valueTypeRef xlink:href="urn:xplan:element:xplan:XP_ExterneReferenz" />
      <def:type>attribute</def:type>
    </def:PropertyDefinition>
  </gml:dictionaryEntry>
  <def:classification>featureType</def:classification>
</TypeDefinition>