﻿<!--Erzeugt mit KIT (www.kit.edu) UmlToXmlTransformation-Software, Erstellungsdatum: 24.08.2012 09:29:20-->
<TypeDefinition xmlns="http://www.interactive-instruments.de/ShapeChange/Definitions/0.5" xmlns:def="http://www.interactive-instruments.de/ShapeChange/Definitions/0.5" xmlns:gml="http://www.opengis.net/gml/3.2" xmlns:xlink="http://www.w3.org/1999/xlink" xmlns:xsi="http://www.w3.org/2001/XMLSchema-instance" xsi:schemaLocation="http://www.interactive-instruments.de/ShapeChange/Definitions/0.5 ../xsd/ShapeChangeDefinitions.xsd" gml:id="xplan_RP_NRW_Laermschutzzone">
  <gml:description />
  <gml:identifier codeSpace="urn:citgml">urn:xplan:element:xplan:RP_NRW_Laermschutzzone</gml:identifier>
  <gml:name>xplan:RP_NRW_Laermschutzzone</gml:name>
  <gml:dictionaryEntry>
    <def:PropertyDefinition gml:id="xplan_RP_NRW_Laermschutzzone_zone">
      <gml:description />
      <gml:identifier codeSpace="urn:citgml">urn:xplan:element:xplan:RP_NRW_Laermschutzzone:attribute:zone</gml:identifier>
      <gml:name>xplan:zone</gml:name>
      <gml:dictionaryEntry>
        <ListedValueDefinition gml:id="xplan_RP_NRW_Laermschutzzone_zone_RP_NRW_LaermschutzzoneTypen_1000">
          <gml:identifier codeSpace="urn:citgml">urn:xplan:enum:xplan:RP_NRW_Laermschutzzone:zone:RP_NRW_LaermschutzzoneTypen:1000</gml:identifier>
          <gml:name>A</gml:name>
        </ListedValueDefinition>
      </gml:dictionaryEntry>
      <gml:dictionaryEntry>
        <ListedValueDefinition gml:id="xplan_RP_NRW_Laermschutzzone_zone_RP_NRW_LaermschutzzoneTypen_2000">
          <gml:identifier codeSpace="urn:citgml">urn:xplan:enum:xplan:RP_NRW_Laermschutzzone:zone:RP_NRW_LaermschutzzoneTypen:2000</gml:identifier>
          <gml:name>B</gml:name>
        </ListedValueDefinition>
      </gml:dictionaryEntry>
      <gml:dictionaryEntry>
        <ListedValueDefinition gml:id="xplan_RP_NRW_Laermschutzzone_zone_RP_NRW_LaermschutzzoneTypen_3000">
          <gml:identifier codeSpace="urn:citgml">urn:xplan:enum:xplan:RP_NRW_Laermschutzzone:zone:RP_NRW_LaermschutzzoneTypen:3000</gml:identifier>
          <gml:name>C</gml:name>
        </ListedValueDefinition>
      </gml:dictionaryEntry>
      <def:cardinality>1</def:cardinality>
      <def:valueTypeName>RP_NRW_LaermschutzzoneTypen</def:valueTypeName>
      <def:type>attribute</def:type>
    </def:PropertyDefinition>
  </gml:dictionaryEntry>
  <def:classification>featureType</def:classification>
  <def:supertypeRef xlink:href="urn:xplan:element:xplan:RP_Laermschutzbereich" />
</TypeDefinition>