﻿<!--Erzeugt mit KIT (www.kit.edu) UmlToXmlTransformation-Software, Erstellungsdatum: 09.09.2013 11:08:50-->
<TypeDefinition xmlns="http://www.interactive-instruments.de/ShapeChange/Definitions/0.5" xmlns:def="http://www.interactive-instruments.de/ShapeChange/Definitions/0.5" xmlns:gml="http://www.opengis.net/gml/3.2" xmlns:xlink="http://www.w3.org/1999/xlink" xmlns:xsi="http://www.w3.org/2001/XMLSchema-instance" xsi:schemaLocation="http://www.interactive-instruments.de/ShapeChange/Definitions/0.5 ../xsd/ShapeChangeDefinitions.xsd" gml:id="xplan_BP_StrassenVerkehrsFlaeche">
  <gml:description>Strassenverkehrsfläche (§9 Abs. 1 Nr. 11 und Abs. 6 BauGB) .
</gml:description>
  <gml:identifier codeSpace="urn:citgml">urn:xplan:element:xplan:BP_StrassenVerkehrsFlaeche</gml:identifier>
  <gml:name>xplan:BP_StrassenVerkehrsFlaeche</gml:name>
  <gml:dictionaryEntry>
    <def:PropertyDefinition gml:id="xplan_BP_StrassenVerkehrsFlaeche_MaxZahlWohnungen">
      <gml:description>Höchstzulässige Zahl der Wohnungen in Wohngebäuden</gml:description>
      <gml:identifier codeSpace="urn:citgml">urn:xplan:element:xplan:BP_StrassenVerkehrsFlaeche:attribute:MaxZahlWohnungen</gml:identifier>
      <gml:name>xplan:MaxZahlWohnungen</gml:name>
      <def:cardinality>0..1</def:cardinality>
      <def:valueTypeName>Integer</def:valueTypeName>
      <def:type>attribute</def:type>
    </def:PropertyDefinition>
  </gml:dictionaryEntry>
  <gml:dictionaryEntry>
    <def:PropertyDefinition gml:id="xplan_BP_StrassenVerkehrsFlaeche_Fmin">
      <gml:description>Mindestmaß für die Größe (Fläche) eines Baugrundstücks.</gml:description>
      <gml:identifier codeSpace="urn:citgml">urn:xplan:element:xplan:BP_StrassenVerkehrsFlaeche:attribute:Fmin</gml:identifier>
      <gml:name>xplan:Fmin</gml:name>
      <def:cardinality>0..1</def:cardinality>
      <def:valueTypeName>Area</def:valueTypeName>
      <def:type>attribute</def:type>
    </def:PropertyDefinition>
  </gml:dictionaryEntry>
  <gml:dictionaryEntry>
    <def:PropertyDefinition gml:id="xplan_BP_StrassenVerkehrsFlaeche_Fmax">
      <gml:description>Höchstmaß für die Größe (Fläche) eines Baugrundstücks.</gml:description>
      <gml:identifier codeSpace="urn:citgml">urn:xplan:element:xplan:BP_StrassenVerkehrsFlaeche:attribute:Fmax</gml:identifier>
      <gml:name>xplan:Fmax</gml:name>
      <def:cardinality>0..1</def:cardinality>
      <def:valueTypeName>Area</def:valueTypeName>
      <def:type>attribute</def:type>
    </def:PropertyDefinition>
  </gml:dictionaryEntry>
  <gml:dictionaryEntry>
    <def:PropertyDefinition gml:id="xplan_BP_StrassenVerkehrsFlaeche_Bmin">
      <gml:description>Minimale Breite von Baugrundstücken</gml:description>
      <gml:identifier codeSpace="urn:citgml">urn:xplan:element:xplan:BP_StrassenVerkehrsFlaeche:attribute:Bmin</gml:identifier>
      <gml:name>xplan:Bmin</gml:name>
      <def:cardinality>0..1</def:cardinality>
      <def:valueTypeName>Length</def:valueTypeName>
      <def:type>attribute</def:type>
    </def:PropertyDefinition>
  </gml:dictionaryEntry>
  <gml:dictionaryEntry>
    <def:PropertyDefinition gml:id="xplan_BP_StrassenVerkehrsFlaeche_Bmax">
      <gml:description>Maximale Breite von Baugrundstücken.</gml:description>
      <gml:identifier codeSpace="urn:citgml">urn:xplan:element:xplan:BP_StrassenVerkehrsFlaeche:attribute:Bmax</gml:identifier>
      <gml:name>xplan:Bmax</gml:name>
      <def:cardinality>0..1</def:cardinality>
      <def:valueTypeName>Length</def:valueTypeName>
      <def:type>attribute</def:type>
    </def:PropertyDefinition>
  </gml:dictionaryEntry>
  <gml:dictionaryEntry>
    <def:PropertyDefinition gml:id="xplan_BP_StrassenVerkehrsFlaeche_Tmin">
      <gml:description>Minimale Tiefe von Baugrundstücken.</gml:description>
      <gml:identifier codeSpace="urn:citgml">urn:xplan:element:xplan:BP_StrassenVerkehrsFlaeche:attribute:Tmin</gml:identifier>
      <gml:name>xplan:Tmin</gml:name>
      <def:cardinality>0..1</def:cardinality>
      <def:valueTypeName>Length</def:valueTypeName>
      <def:type>attribute</def:type>
    </def:PropertyDefinition>
  </gml:dictionaryEntry>
  <gml:dictionaryEntry>
    <def:PropertyDefinition gml:id="xplan_BP_StrassenVerkehrsFlaeche_Tmax">
      <gml:description>Maximale Tiefe von Baugrundstücken.</gml:description>
      <gml:identifier codeSpace="urn:citgml">urn:xplan:element:xplan:BP_StrassenVerkehrsFlaeche:attribute:Tmax</gml:identifier>
      <gml:name>xplan:Tmax</gml:name>
      <def:cardinality>0..1</def:cardinality>
      <def:valueTypeName>Length</def:valueTypeName>
      <def:type>attribute</def:type>
    </def:PropertyDefinition>
  </gml:dictionaryEntry>
  <gml:dictionaryEntry>
    <def:PropertyDefinition gml:id="xplan_BP_StrassenVerkehrsFlaeche_GFZmin">
      <gml:description>Minimal zulässige Geschossflächenzahl .</gml:description>
      <gml:identifier codeSpace="urn:citgml">urn:xplan:element:xplan:BP_StrassenVerkehrsFlaeche:attribute:GFZmin</gml:identifier>
      <gml:name>xplan:GFZmin</gml:name>
      <def:cardinality>0..1</def:cardinality>
      <def:valueTypeName>Decimal</def:valueTypeName>
      <def:type>attribute</def:type>
    </def:PropertyDefinition>
  </gml:dictionaryEntry>
  <gml:dictionaryEntry>
    <def:PropertyDefinition gml:id="xplan_BP_StrassenVerkehrsFlaeche_GFZmax">
      <gml:description>Maximal zulässige Geschossflächenzahl bei einer Bereichsangabe. Das Attribut GFZmin muss ebenfalls belegt sein.</gml:description>
      <gml:identifier codeSpace="urn:citgml">urn:xplan:element:xplan:BP_StrassenVerkehrsFlaeche:attribute:GFZmax</gml:identifier>
      <gml:name>xplan:GFZmax</gml:name>
      <def:cardinality>0..1</def:cardinality>
      <def:valueTypeName>Decimal</def:valueTypeName>
      <def:type>attribute</def:type>
    </def:PropertyDefinition>
  </gml:dictionaryEntry>
  <gml:dictionaryEntry>
    <def:PropertyDefinition gml:id="xplan_BP_StrassenVerkehrsFlaeche_GFZ">
      <gml:description>Maximal zulässige Geschossflächenzahl.</gml:description>
      <gml:identifier codeSpace="urn:citgml">urn:xplan:element:xplan:BP_StrassenVerkehrsFlaeche:attribute:GFZ</gml:identifier>
      <gml:name>xplan:GFZ</gml:name>
      <def:cardinality>0..1</def:cardinality>
      <def:valueTypeName>Decimal</def:valueTypeName>
      <def:type>attribute</def:type>
    </def:PropertyDefinition>
  </gml:dictionaryEntry>
  <gml:dictionaryEntry>
    <def:PropertyDefinition gml:id="xplan_BP_StrassenVerkehrsFlaeche_GFZ_Ausn">
      <gml:description>Maximal zulässige Geschossflächenzahl als Ausnahme.</gml:description>
      <gml:identifier codeSpace="urn:citgml">urn:xplan:element:xplan:BP_StrassenVerkehrsFlaeche:attribute:GFZ_Ausn</gml:identifier>
      <gml:name>xplan:GFZ_Ausn</gml:name>
      <def:cardinality>0..1</def:cardinality>
      <def:valueTypeName>Decimal</def:valueTypeName>
      <def:type>attribute</def:type>
    </def:PropertyDefinition>
  </gml:dictionaryEntry>
  <gml:dictionaryEntry>
    <def:PropertyDefinition gml:id="xplan_BP_StrassenVerkehrsFlaeche_GFmin">
      <gml:description>Minimal zulässige Geschossfläche</gml:description>
      <gml:identifier codeSpace="urn:citgml">urn:xplan:element:xplan:BP_StrassenVerkehrsFlaeche:attribute:GFmin</gml:identifier>
      <gml:name>xplan:GFmin</gml:name>
      <def:cardinality>0..1</def:cardinality>
      <def:valueTypeName>Area</def:valueTypeName>
      <def:type>attribute</def:type>
    </def:PropertyDefinition>
  </gml:dictionaryEntry>
  <gml:dictionaryEntry>
    <def:PropertyDefinition gml:id="xplan_BP_StrassenVerkehrsFlaeche_GFmax">
      <gml:description>Maximal zulässige Geschossfläche bei einer Bereichsabgabe. Das Attribut GFmin muss ebenfalls belegt sein.</gml:description>
      <gml:identifier codeSpace="urn:citgml">urn:xplan:element:xplan:BP_StrassenVerkehrsFlaeche:attribute:GFmax</gml:identifier>
      <gml:name>xplan:GFmax</gml:name>
      <def:cardinality>0..1</def:cardinality>
      <def:valueTypeName>Area</def:valueTypeName>
      <def:type>attribute</def:type>
    </def:PropertyDefinition>
  </gml:dictionaryEntry>
  <gml:dictionaryEntry>
    <def:PropertyDefinition gml:id="xplan_BP_StrassenVerkehrsFlaeche_GF">
      <gml:description>Maximal zulässige Geschossfläche.</gml:description>
      <gml:identifier codeSpace="urn:citgml">urn:xplan:element:xplan:BP_StrassenVerkehrsFlaeche:attribute:GF</gml:identifier>
      <gml:name>xplan:GF</gml:name>
      <def:cardinality>0..1</def:cardinality>
      <def:valueTypeName>Area</def:valueTypeName>
      <def:type>attribute</def:type>
    </def:PropertyDefinition>
  </gml:dictionaryEntry>
  <gml:dictionaryEntry>
    <def:PropertyDefinition gml:id="xplan_BP_StrassenVerkehrsFlaeche_GF_Ausn">
      <gml:description>Ausnahmsweise maximal zulässige Geschossfläche.</gml:description>
      <gml:identifier codeSpace="urn:citgml">urn:xplan:element:xplan:BP_StrassenVerkehrsFlaeche:attribute:GF_Ausn</gml:identifier>
      <gml:name>xplan:GF_Ausn</gml:name>
      <def:cardinality>0..1</def:cardinality>
      <def:valueTypeName>Area</def:valueTypeName>
      <def:type>attribute</def:type>
    </def:PropertyDefinition>
  </gml:dictionaryEntry>
  <gml:dictionaryEntry>
    <def:PropertyDefinition gml:id="xplan_BP_StrassenVerkehrsFlaeche_BMZmin">
      <gml:description>Minimal zulässige Baumassenzahl</gml:description>
      <gml:identifier codeSpace="urn:citgml">urn:xplan:element:xplan:BP_StrassenVerkehrsFlaeche:attribute:BMZmin</gml:identifier>
      <gml:name>xplan:BMZmin</gml:name>
      <def:cardinality>0..1</def:cardinality>
      <def:valueTypeName>Decimal</def:valueTypeName>
      <def:type>attribute</def:type>
    </def:PropertyDefinition>
  </gml:dictionaryEntry>
  <gml:dictionaryEntry>
    <def:PropertyDefinition gml:id="xplan_BP_StrassenVerkehrsFlaeche_BMZmax">
      <gml:description>Maximal zulässige Baumassenzahl bei einer Bereichsangabe. Das Attribut BMZmin muss ebenfalls spezifiziert werden.</gml:description>
      <gml:identifier codeSpace="urn:citgml">urn:xplan:element:xplan:BP_StrassenVerkehrsFlaeche:attribute:BMZmax</gml:identifier>
      <gml:name>xplan:BMZmax</gml:name>
      <def:cardinality>0..1</def:cardinality>
      <def:valueTypeName>Decimal</def:valueTypeName>
      <def:type>attribute</def:type>
    </def:PropertyDefinition>
  </gml:dictionaryEntry>
  <gml:dictionaryEntry>
    <def:PropertyDefinition gml:id="xplan_BP_StrassenVerkehrsFlaeche_BMZ">
      <gml:description>Maximal zulässige Baumassenzahl.</gml:description>
      <gml:identifier codeSpace="urn:citgml">urn:xplan:element:xplan:BP_StrassenVerkehrsFlaeche:attribute:BMZ</gml:identifier>
      <gml:name>xplan:BMZ</gml:name>
      <def:cardinality>0..1</def:cardinality>
      <def:valueTypeName>Decimal</def:valueTypeName>
      <def:type>attribute</def:type>
    </def:PropertyDefinition>
  </gml:dictionaryEntry>
  <gml:dictionaryEntry>
    <def:PropertyDefinition gml:id="xplan_BP_StrassenVerkehrsFlaeche_BMZ_Ausn">
      <gml:description>Ausnahmsweise maximal zulässige Baumassenzahl.</gml:description>
      <gml:identifier codeSpace="urn:citgml">urn:xplan:element:xplan:BP_StrassenVerkehrsFlaeche:attribute:BMZ_Ausn</gml:identifier>
      <gml:name>xplan:BMZ_Ausn</gml:name>
      <def:cardinality>0..1</def:cardinality>
      <def:valueTypeName>Decimal</def:valueTypeName>
      <def:type>attribute</def:type>
    </def:PropertyDefinition>
  </gml:dictionaryEntry>
  <gml:dictionaryEntry>
    <def:PropertyDefinition gml:id="xplan_BP_StrassenVerkehrsFlaeche_BMmin">
      <gml:description>Minimal zulässinge Baumasse.</gml:description>
      <gml:identifier codeSpace="urn:citgml">urn:xplan:element:xplan:BP_StrassenVerkehrsFlaeche:attribute:BMmin</gml:identifier>
      <gml:name>xplan:BMmin</gml:name>
      <def:cardinality>0..1</def:cardinality>
      <def:valueTypeName>Volume</def:valueTypeName>
      <def:type>attribute</def:type>
    </def:PropertyDefinition>
  </gml:dictionaryEntry>
  <gml:dictionaryEntry>
    <def:PropertyDefinition gml:id="xplan_BP_StrassenVerkehrsFlaeche_BMmax">
      <gml:description>Maximal zulässinge Baumasse bei einer Bereichsangabe. Das Attribut BMmin muss ebenfalls spezifiziert werden.</gml:description>
      <gml:identifier codeSpace="urn:citgml">urn:xplan:element:xplan:BP_StrassenVerkehrsFlaeche:attribute:BMmax</gml:identifier>
      <gml:name>xplan:BMmax</gml:name>
      <def:cardinality>0..1</def:cardinality>
      <def:valueTypeName>Volume</def:valueTypeName>
      <def:type>attribute</def:type>
    </def:PropertyDefinition>
  </gml:dictionaryEntry>
  <gml:dictionaryEntry>
    <def:PropertyDefinition gml:id="xplan_BP_StrassenVerkehrsFlaeche_BM">
      <gml:description>Maximal zulässige Baumasse.</gml:description>
      <gml:identifier codeSpace="urn:citgml">urn:xplan:element:xplan:BP_StrassenVerkehrsFlaeche:attribute:BM</gml:identifier>
      <gml:name>xplan:BM</gml:name>
      <def:cardinality>0..1</def:cardinality>
      <def:valueTypeName>Volume</def:valueTypeName>
      <def:type>attribute</def:type>
    </def:PropertyDefinition>
  </gml:dictionaryEntry>
  <gml:dictionaryEntry>
    <def:PropertyDefinition gml:id="xplan_BP_StrassenVerkehrsFlaeche_BM_Ausn">
      <gml:description>Ausnahmsweise maximal zulässige Baumasse.</gml:description>
      <gml:identifier codeSpace="urn:citgml">urn:xplan:element:xplan:BP_StrassenVerkehrsFlaeche:attribute:BM_Ausn</gml:identifier>
      <gml:name>xplan:BM_Ausn</gml:name>
      <def:cardinality>0..1</def:cardinality>
      <def:valueTypeName>Volume</def:valueTypeName>
      <def:type>attribute</def:type>
    </def:PropertyDefinition>
  </gml:dictionaryEntry>
  <gml:dictionaryEntry>
    <def:PropertyDefinition gml:id="xplan_BP_StrassenVerkehrsFlaeche_GRZmin">
      <gml:description>Minimal zulässige Grundflächenzahl.</gml:description>
      <gml:identifier codeSpace="urn:citgml">urn:xplan:element:xplan:BP_StrassenVerkehrsFlaeche:attribute:GRZmin</gml:identifier>
      <gml:name>xplan:GRZmin</gml:name>
      <def:cardinality>0..1</def:cardinality>
      <def:valueTypeName>Decimal</def:valueTypeName>
      <def:type>attribute</def:type>
    </def:PropertyDefinition>
  </gml:dictionaryEntry>
  <gml:dictionaryEntry>
    <def:PropertyDefinition gml:id="xplan_BP_StrassenVerkehrsFlaeche_GRZmax">
      <gml:description>Maximal zulässige Grundflächenzahl bei einer Bereichsangabe.  Das Attribut GRZmin muss ebenfalls spezifiziert werden.</gml:description>
      <gml:identifier codeSpace="urn:citgml">urn:xplan:element:xplan:BP_StrassenVerkehrsFlaeche:attribute:GRZmax</gml:identifier>
      <gml:name>xplan:GRZmax</gml:name>
      <def:cardinality>0..1</def:cardinality>
      <def:valueTypeName>Decimal</def:valueTypeName>
      <def:type>attribute</def:type>
    </def:PropertyDefinition>
  </gml:dictionaryEntry>
  <gml:dictionaryEntry>
    <def:PropertyDefinition gml:id="xplan_BP_StrassenVerkehrsFlaeche_GRZ">
      <gml:description>Maximal zulässige Grundflächenzahl</gml:description>
      <gml:identifier codeSpace="urn:citgml">urn:xplan:element:xplan:BP_StrassenVerkehrsFlaeche:attribute:GRZ</gml:identifier>
      <gml:name>xplan:GRZ</gml:name>
      <def:cardinality>0..1</def:cardinality>
      <def:valueTypeName>Decimal</def:valueTypeName>
      <def:type>attribute</def:type>
    </def:PropertyDefinition>
  </gml:dictionaryEntry>
  <gml:dictionaryEntry>
    <def:PropertyDefinition gml:id="xplan_BP_StrassenVerkehrsFlaeche_GRZ_Ausn">
      <gml:description>Ausnahmsweise maximal zulässige Grundflächenzahl.</gml:description>
      <gml:identifier codeSpace="urn:citgml">urn:xplan:element:xplan:BP_StrassenVerkehrsFlaeche:attribute:GRZ_Ausn</gml:identifier>
      <gml:name>xplan:GRZ_Ausn</gml:name>
      <def:cardinality>0..1</def:cardinality>
      <def:valueTypeName>Decimal</def:valueTypeName>
      <def:type>attribute</def:type>
    </def:PropertyDefinition>
  </gml:dictionaryEntry>
  <gml:dictionaryEntry>
    <def:PropertyDefinition gml:id="xplan_BP_StrassenVerkehrsFlaeche_GRmin">
      <gml:description>Minimal zulässige Grundfläche.</gml:description>
      <gml:identifier codeSpace="urn:citgml">urn:xplan:element:xplan:BP_StrassenVerkehrsFlaeche:attribute:GRmin</gml:identifier>
      <gml:name>xplan:GRmin</gml:name>
      <def:cardinality>0..1</def:cardinality>
      <def:valueTypeName>Area</def:valueTypeName>
      <def:type>attribute</def:type>
    </def:PropertyDefinition>
  </gml:dictionaryEntry>
  <gml:dictionaryEntry>
    <def:PropertyDefinition gml:id="xplan_BP_StrassenVerkehrsFlaeche_GRmax">
      <gml:description>Maximal zulässige Grundfläche bei einer Bereichsangabe. Das Attribut GRmin muss ebenfalls spezifiziert werden.</gml:description>
      <gml:identifier codeSpace="urn:citgml">urn:xplan:element:xplan:BP_StrassenVerkehrsFlaeche:attribute:GRmax</gml:identifier>
      <gml:name>xplan:GRmax</gml:name>
      <def:cardinality>0..1</def:cardinality>
      <def:valueTypeName>Area</def:valueTypeName>
      <def:type>attribute</def:type>
    </def:PropertyDefinition>
  </gml:dictionaryEntry>
  <gml:dictionaryEntry>
    <def:PropertyDefinition gml:id="xplan_BP_StrassenVerkehrsFlaeche_GR">
      <gml:description>Maximal zulässige Grundfläche.</gml:description>
      <gml:identifier codeSpace="urn:citgml">urn:xplan:element:xplan:BP_StrassenVerkehrsFlaeche:attribute:GR</gml:identifier>
      <gml:name>xplan:GR</gml:name>
      <def:cardinality>0..1</def:cardinality>
      <def:valueTypeName>Area</def:valueTypeName>
      <def:type>attribute</def:type>
    </def:PropertyDefinition>
  </gml:dictionaryEntry>
  <gml:dictionaryEntry>
    <def:PropertyDefinition gml:id="xplan_BP_StrassenVerkehrsFlaeche_GR_Ausn">
      <gml:description>Ausnahmsweise maximal zulässige Grundfläche.</gml:description>
      <gml:identifier codeSpace="urn:citgml">urn:xplan:element:xplan:BP_StrassenVerkehrsFlaeche:attribute:GR_Ausn</gml:identifier>
      <gml:name>xplan:GR_Ausn</gml:name>
      <def:cardinality>0..1</def:cardinality>
      <def:valueTypeName>Area</def:valueTypeName>
      <def:type>attribute</def:type>
    </def:PropertyDefinition>
  </gml:dictionaryEntry>
  <gml:dictionaryEntry>
    <def:PropertyDefinition gml:id="xplan_BP_StrassenVerkehrsFlaeche_Zmin">
      <gml:description>Minimal zulässige Zahl der oberirdischen Vollgeschosse.</gml:description>
      <gml:identifier codeSpace="urn:citgml">urn:xplan:element:xplan:BP_StrassenVerkehrsFlaeche:attribute:Zmin</gml:identifier>
      <gml:name>xplan:Zmin</gml:name>
      <def:cardinality>0..1</def:cardinality>
      <def:valueTypeName>Integer</def:valueTypeName>
      <def:type>attribute</def:type>
    </def:PropertyDefinition>
  </gml:dictionaryEntry>
  <gml:dictionaryEntry>
    <def:PropertyDefinition gml:id="xplan_BP_StrassenVerkehrsFlaeche_Zmax">
      <gml:description>Maximal zulässige Zahl der oberirdischen Vollgeschosse bei einer Bereichsangabe. Das Attribut Zmin muss ebenfalls belegt sein.</gml:description>
      <gml:identifier codeSpace="urn:citgml">urn:xplan:element:xplan:BP_StrassenVerkehrsFlaeche:attribute:Zmax</gml:identifier>
      <gml:name>xplan:Zmax</gml:name>
      <def:cardinality>0..1</def:cardinality>
      <def:valueTypeName>Integer</def:valueTypeName>
      <def:type>attribute</def:type>
    </def:PropertyDefinition>
  </gml:dictionaryEntry>
  <gml:dictionaryEntry>
    <def:PropertyDefinition gml:id="xplan_BP_StrassenVerkehrsFlaeche_Zzwingend">
      <gml:description>Zwingend vorgeschriebene Zahl der oberirdischen Vollgeschosse.</gml:description>
      <gml:identifier codeSpace="urn:citgml">urn:xplan:element:xplan:BP_StrassenVerkehrsFlaeche:attribute:Zzwingend</gml:identifier>
      <gml:name>xplan:Zzwingend</gml:name>
      <def:cardinality>0..1</def:cardinality>
      <def:valueTypeName>Integer</def:valueTypeName>
      <def:type>attribute</def:type>
    </def:PropertyDefinition>
  </gml:dictionaryEntry>
  <gml:dictionaryEntry>
    <def:PropertyDefinition gml:id="xplan_BP_StrassenVerkehrsFlaeche_Z">
      <gml:description>Maximalzahl der oberirdischen Vollgeschosse.</gml:description>
      <gml:identifier codeSpace="urn:citgml">urn:xplan:element:xplan:BP_StrassenVerkehrsFlaeche:attribute:Z</gml:identifier>
      <gml:name>xplan:Z</gml:name>
      <def:cardinality>0..1</def:cardinality>
      <def:valueTypeName>Integer</def:valueTypeName>
      <def:type>attribute</def:type>
    </def:PropertyDefinition>
  </gml:dictionaryEntry>
  <gml:dictionaryEntry>
    <def:PropertyDefinition gml:id="xplan_BP_StrassenVerkehrsFlaeche_Z_Ausn">
      <gml:description>Ausnahmsweise maximal zulässige Zahl der oberirdischen Vollgeschosse.</gml:description>
      <gml:identifier codeSpace="urn:citgml">urn:xplan:element:xplan:BP_StrassenVerkehrsFlaeche:attribute:Z_Ausn</gml:identifier>
      <gml:name>xplan:Z_Ausn</gml:name>
      <def:cardinality>0..1</def:cardinality>
      <def:valueTypeName>Integer</def:valueTypeName>
      <def:type>attribute</def:type>
    </def:PropertyDefinition>
  </gml:dictionaryEntry>
  <gml:dictionaryEntry>
    <def:PropertyDefinition gml:id="xplan_BP_StrassenVerkehrsFlaeche_Z_Staffel">
      <gml:description>Maximalzahl von oberirdischen zurückgesetzten Vollgeschossen als Staffelgeschoss..</gml:description>
      <gml:identifier codeSpace="urn:citgml">urn:xplan:element:xplan:BP_StrassenVerkehrsFlaeche:attribute:Z_Staffel</gml:identifier>
      <gml:name>xplan:Z_Staffel</gml:name>
      <def:cardinality>0..1</def:cardinality>
      <def:valueTypeName>Integer</def:valueTypeName>
      <def:type>attribute</def:type>
    </def:PropertyDefinition>
  </gml:dictionaryEntry>
  <gml:dictionaryEntry>
    <def:PropertyDefinition gml:id="xplan_BP_StrassenVerkehrsFlaeche_Z_Dach">
      <gml:description>Maximalzahl der zusätzlich erlaubten Dachgeschosse, die gleichzeitig Vollgeschosse sind.</gml:description>
      <gml:identifier codeSpace="urn:citgml">urn:xplan:element:xplan:BP_StrassenVerkehrsFlaeche:attribute:Z_Dach</gml:identifier>
      <gml:name>xplan:Z_Dach</gml:name>
      <def:cardinality>0..1</def:cardinality>
      <def:valueTypeName>Integer</def:valueTypeName>
      <def:type>attribute</def:type>
    </def:PropertyDefinition>
  </gml:dictionaryEntry>
  <gml:dictionaryEntry>
    <def:PropertyDefinition gml:id="xplan_BP_StrassenVerkehrsFlaeche_ZUmin">
      <gml:description>Minimal zulässige Zahl der unterirdischen Geschosse.</gml:description>
      <gml:identifier codeSpace="urn:citgml">urn:xplan:element:xplan:BP_StrassenVerkehrsFlaeche:attribute:ZUmin</gml:identifier>
      <gml:name>xplan:ZUmin</gml:name>
      <def:cardinality>0..1</def:cardinality>
      <def:valueTypeName>Integer</def:valueTypeName>
      <def:type>attribute</def:type>
    </def:PropertyDefinition>
  </gml:dictionaryEntry>
  <gml:dictionaryEntry>
    <def:PropertyDefinition gml:id="xplan_BP_StrassenVerkehrsFlaeche_ZUmax">
      <gml:description>Maximal zulässige Zahl der unterirdischen Geschosse bei einer Bereichsangabe. Das Attribut ZUmin muss ebenfalls belegt sein.</gml:description>
      <gml:identifier codeSpace="urn:citgml">urn:xplan:element:xplan:BP_StrassenVerkehrsFlaeche:attribute:ZUmax</gml:identifier>
      <gml:name>xplan:ZUmax</gml:name>
      <def:cardinality>0..1</def:cardinality>
      <def:valueTypeName>Integer</def:valueTypeName>
      <def:type>attribute</def:type>
    </def:PropertyDefinition>
  </gml:dictionaryEntry>
  <gml:dictionaryEntry>
    <def:PropertyDefinition gml:id="xplan_BP_StrassenVerkehrsFlaeche_ZUzwingend">
      <gml:description>Zwingend vorgeschriebene Zahl der unterirdischen Geschosse.</gml:description>
      <gml:identifier codeSpace="urn:citgml">urn:xplan:element:xplan:BP_StrassenVerkehrsFlaeche:attribute:ZUzwingend</gml:identifier>
      <gml:name>xplan:ZUzwingend</gml:name>
      <def:cardinality>0..1</def:cardinality>
      <def:valueTypeName>Integer</def:valueTypeName>
      <def:type>attribute</def:type>
    </def:PropertyDefinition>
  </gml:dictionaryEntry>
  <gml:dictionaryEntry>
    <def:PropertyDefinition gml:id="xplan_BP_StrassenVerkehrsFlaeche_ZU">
      <gml:description>Maximal zulässige Zahl der unterirdischen Geschosse.</gml:description>
      <gml:identifier codeSpace="urn:citgml">urn:xplan:element:xplan:BP_StrassenVerkehrsFlaeche:attribute:ZU</gml:identifier>
      <gml:name>xplan:ZU</gml:name>
      <def:cardinality>0..1</def:cardinality>
      <def:valueTypeName>Integer</def:valueTypeName>
      <def:type>attribute</def:type>
    </def:PropertyDefinition>
  </gml:dictionaryEntry>
  <gml:dictionaryEntry>
    <def:PropertyDefinition gml:id="xplan_BP_StrassenVerkehrsFlaeche_ZU_Ausn">
      <gml:description>Ausnahmsweise maximal zulässige Zahl der unterirdischen Geschosse.</gml:description>
      <gml:identifier codeSpace="urn:citgml">urn:xplan:element:xplan:BP_StrassenVerkehrsFlaeche:attribute:ZU_Ausn</gml:identifier>
      <gml:name>xplan:ZU_Ausn</gml:name>
      <def:cardinality>0..1</def:cardinality>
      <def:valueTypeName>Integer</def:valueTypeName>
      <def:type>attribute</def:type>
    </def:PropertyDefinition>
  </gml:dictionaryEntry>
  <gml:dictionaryEntry>
    <def:PropertyDefinition gml:id="xplan_BP_StrassenVerkehrsFlaeche_nutzungsform">
      <gml:description>Nutzungsform der Fläche</gml:description>
      <gml:identifier codeSpace="urn:citgml">urn:xplan:element:xplan:BP_StrassenVerkehrsFlaeche:attribute:nutzungsform</gml:identifier>
      <gml:name>xplan:nutzungsform</gml:name>
      <gml:dictionaryEntry>
        <ListedValueDefinition gml:id="xplan_BP_StrassenVerkehrsFlaeche_nutzungsform_XP_Nutzungsform_1000">
          <gml:description>Private Nutzung</gml:description>
          <gml:identifier codeSpace="urn:citgml">urn:xplan:enum:xplan:BP_StrassenVerkehrsFlaeche:nutzungsform:XP_Nutzungsform:1000</gml:identifier>
          <gml:name>Privat</gml:name>
        </ListedValueDefinition>
      </gml:dictionaryEntry>
      <gml:dictionaryEntry>
        <ListedValueDefinition gml:id="xplan_BP_StrassenVerkehrsFlaeche_nutzungsform_XP_Nutzungsform_2000">
          <gml:description>Öffentliche Nutzung</gml:description>
          <gml:identifier codeSpace="urn:citgml">urn:xplan:enum:xplan:BP_StrassenVerkehrsFlaeche:nutzungsform:XP_Nutzungsform:2000</gml:identifier>
          <gml:name>Oeffentlich</gml:name>
        </ListedValueDefinition>
      </gml:dictionaryEntry>
      <def:cardinality>0..1</def:cardinality>
      <def:valueTypeName>XP_Nutzungsform</def:valueTypeName>
      <def:type>attribute</def:type>
    </def:PropertyDefinition>
  </gml:dictionaryEntry>
  <gml:dictionaryEntry>
    <def:PropertyDefinition gml:id="xplan_BP_StrassenVerkehrsFlaeche_begrenzungslinie">
      <gml:description />
      <gml:identifier codeSpace="urn:citgml">urn:xplan:element:xplan:BP_StrassenVerkehrsFlaeche:association-role:begrenzungslinie</gml:identifier>
      <gml:name>xplan:begrenzungslinie</gml:name>
      <def:cardinality>0..*</def:cardinality>
      <def:valueTypeRef xlink:href="urn:xplan:element:xplan:BP_StrassenbegrenzungsLinie" />
      <def:type>associationRole</def:type>
    </def:PropertyDefinition>
  </gml:dictionaryEntry>
  <def:classification>featureType</def:classification>
  <def:supertypeRef xlink:href="urn:xplan:element:xplan:BP_Flaechenschlussobjekt" />
</TypeDefinition>