﻿<!--Erzeugt mit KIT (www.kit.edu) UmlToXmlTransformation-Software, Erstellungsdatum: 24.08.2012 09:29:26-->
<TypeDefinition xmlns="http://www.interactive-instruments.de/ShapeChange/Definitions/0.5" xmlns:def="http://www.interactive-instruments.de/ShapeChange/Definitions/0.5" xmlns:gml="http://www.opengis.net/gml/3.2" xmlns:xlink="http://www.w3.org/1999/xlink" xmlns:xsi="http://www.w3.org/2001/XMLSchema-instance" xsi:schemaLocation="http://www.interactive-instruments.de/ShapeChange/Definitions/0.5 ../xsd/ShapeChangeDefinitions.xsd" gml:id="xplanNSM_RP_Achse">
  <gml:description />
  <gml:identifier codeSpace="urn:citgml">urn:xplan:element:xplanNSM:RP_Achse</gml:identifier>
  <gml:name>xplanNSM:RP_Achse</gml:name>
  <gml:dictionaryEntry>
    <def:PropertyDefinition gml:id="xplanNSM_RP_Achse_weitererAchsenTyp">
      <gml:description />
      <gml:identifier codeSpace="urn:citgml">urn:xplan:element:xplanNSM:RP_Achse:attribute:weitererAchsenTyp</gml:identifier>
      <gml:name>xplanNSM:weitererAchsenTyp</gml:name>
      <gml:dictionaryEntry>
        <ListedValueDefinition gml:id="xplanNSM_RP_Achse_weitererAchsenTyp_RP_NSM_AchsenTypen_10000">
          <gml:identifier codeSpace="urn:citgml">urn:xplan:enum:xplanNSM:RP_Achse:weitererAchsenTyp:RP_NSM_AchsenTypen:10000</gml:identifier>
          <gml:name>Siedlungsachse</gml:name>
        </ListedValueDefinition>
      </gml:dictionaryEntry>
      <gml:dictionaryEntry>
        <ListedValueDefinition gml:id="xplanNSM_RP_Achse_weitererAchsenTyp_RP_NSM_AchsenTypen_20001">
          <gml:identifier codeSpace="urn:citgml">urn:xplan:enum:xplanNSM:RP_Achse:weitererAchsenTyp:RP_NSM_AchsenTypen:20001</gml:identifier>
          <gml:name>Landesentwicklungsachse</gml:name>
        </ListedValueDefinition>
      </gml:dictionaryEntry>
      <gml:dictionaryEntry>
        <ListedValueDefinition gml:id="xplanNSM_RP_Achse_weitererAchsenTyp_RP_NSM_AchsenTypen_20002">
          <gml:identifier codeSpace="urn:citgml">urn:xplan:enum:xplanNSM:RP_Achse:weitererAchsenTyp:RP_NSM_AchsenTypen:20002</gml:identifier>
          <gml:name>Achsengrundrichtung</gml:name>
        </ListedValueDefinition>
      </gml:dictionaryEntry>
      <gml:dictionaryEntry>
        <ListedValueDefinition gml:id="xplanNSM_RP_Achse_weitererAchsenTyp_RP_NSM_AchsenTypen_20003">
          <gml:identifier codeSpace="urn:citgml">urn:xplan:enum:xplanNSM:RP_Achse:weitererAchsenTyp:RP_NSM_AchsenTypen:20003</gml:identifier>
          <gml:name>AeusserSiedlungsachsenSchwerpunkt</gml:name>
        </ListedValueDefinition>
      </gml:dictionaryEntry>
      <gml:dictionaryEntry>
        <ListedValueDefinition gml:id="xplanNSM_RP_Achse_weitererAchsenTyp_RP_NSM_AchsenTypen_20004">
          <gml:identifier codeSpace="urn:citgml">urn:xplan:enum:xplanNSM:RP_Achse:weitererAchsenTyp:RP_NSM_AchsenTypen:20004</gml:identifier>
          <gml:name>GrenzeWirtschaftsraum</gml:name>
        </ListedValueDefinition>
      </gml:dictionaryEntry>
      <gml:dictionaryEntry>
        <ListedValueDefinition gml:id="xplanNSM_RP_Achse_weitererAchsenTyp_RP_NSM_AchsenTypen_20005">
          <gml:identifier codeSpace="urn:citgml">urn:xplan:enum:xplanNSM:RP_Achse:weitererAchsenTyp:RP_NSM_AchsenTypen:20005</gml:identifier>
          <gml:name>AbgrenzungEntwicklungEntlastungsOrte</gml:name>
        </ListedValueDefinition>
      </gml:dictionaryEntry>
      <def:cardinality>0..1</def:cardinality>
      <def:valueTypeName>RP_NSM_AchsenTypen</def:valueTypeName>
      <def:type>attribute</def:type>
    </def:PropertyDefinition>
  </gml:dictionaryEntry>
  <def:classification />
  <def:supertypeRef xlink:href="urn:xplan:element:xplan:RP_Achse" />
</TypeDefinition>