﻿<!--Erzeugt mit KIT (www.kit.edu) UmlToXmlTransformation-Software, Erstellungsdatum: 09.09.2013 11:08:27-->
<TypeDefinition xmlns="http://www.interactive-instruments.de/ShapeChange/Definitions/0.5" xmlns:def="http://www.interactive-instruments.de/ShapeChange/Definitions/0.5" xmlns:gml="http://www.opengis.net/gml/3.2" xmlns:xlink="http://www.w3.org/1999/xlink" xmlns:xsi="http://www.w3.org/2001/XMLSchema-instance" xsi:schemaLocation="http://www.interactive-instruments.de/ShapeChange/Definitions/0.5 ../xsd/ShapeChangeDefinitions.xsd" gml:id="xplan_XP_Plan">
  <gml:description>Abstrakte Oberklasse für alle Klassen von raumbezogenen Plänen..</gml:description>
  <gml:identifier codeSpace="urn:citgml">urn:xplan:element:xplan:XP_Plan</gml:identifier>
  <gml:name>xplan:XP_Plan</gml:name>
  <gml:dictionaryEntry>
    <def:PropertyDefinition gml:id="xplan_XP_Plan_name">
      <gml:description>Name des Plans.</gml:description>
      <gml:identifier codeSpace="urn:citgml">urn:xplan:element:xplan:XP_Plan:attribute:name</gml:identifier>
      <gml:name>xplan:name</gml:name>
      <def:cardinality>0..1</def:cardinality>
      <def:valueTypeRef xlink:href="urn:xplan:element::CharacterString" />
      <def:type>attribute</def:type>
    </def:PropertyDefinition>
  </gml:dictionaryEntry>
  <gml:dictionaryEntry>
    <def:PropertyDefinition gml:id="xplan_XP_Plan_nummer">
      <gml:description>Nummer des Plans.</gml:description>
      <gml:identifier codeSpace="urn:citgml">urn:xplan:element:xplan:XP_Plan:attribute:nummer</gml:identifier>
      <gml:name>xplan:nummer</gml:name>
      <def:cardinality>0..1</def:cardinality>
      <def:valueTypeRef xlink:href="urn:xplan:element::CharacterString" />
      <def:type>attribute</def:type>
    </def:PropertyDefinition>
  </gml:dictionaryEntry>
  <gml:dictionaryEntry>
    <def:PropertyDefinition gml:id="xplan_XP_Plan_internalId">
      <gml:description>Interner Identifikator des Plans.</gml:description>
      <gml:identifier codeSpace="urn:citgml">urn:xplan:element:xplan:XP_Plan:attribute:internalId</gml:identifier>
      <gml:name>xplan:internalId</gml:name>
      <def:cardinality>0..1</def:cardinality>
      <def:valueTypeRef xlink:href="urn:xplan:element::CharacterString" />
      <def:type>attribute</def:type>
    </def:PropertyDefinition>
  </gml:dictionaryEntry>
  <gml:dictionaryEntry>
    <def:PropertyDefinition gml:id="xplan_XP_Plan_beschreibung">
      <gml:description>Kommentierende Beschreibung des Plans.</gml:description>
      <gml:identifier codeSpace="urn:citgml">urn:xplan:element:xplan:XP_Plan:attribute:beschreibung</gml:identifier>
      <gml:name>xplan:beschreibung</gml:name>
      <def:cardinality>0..1</def:cardinality>
      <def:valueTypeRef xlink:href="urn:xplan:element::CharacterString" />
      <def:type>attribute</def:type>
    </def:PropertyDefinition>
  </gml:dictionaryEntry>
  <gml:dictionaryEntry>
    <def:PropertyDefinition gml:id="xplan_XP_Plan_kommentar">
      <gml:description>Beliebiger Kommentar zum Plan</gml:description>
      <gml:identifier codeSpace="urn:citgml">urn:xplan:element:xplan:XP_Plan:attribute:kommentar</gml:identifier>
      <gml:name>xplan:kommentar</gml:name>
      <def:cardinality>0..1</def:cardinality>
      <def:valueTypeRef xlink:href="urn:xplan:element::CharacterString" />
      <def:type>attribute</def:type>
    </def:PropertyDefinition>
  </gml:dictionaryEntry>
  <gml:dictionaryEntry>
    <def:PropertyDefinition gml:id="xplan_XP_Plan_technHerstellDatum">
      <gml:description>Datum, an dem der Plan technisch ausgefertigt wurde.</gml:description>
      <gml:identifier codeSpace="urn:citgml">urn:xplan:element:xplan:XP_Plan:attribute:technHerstellDatum</gml:identifier>
      <gml:name>xplan:technHerstellDatum</gml:name>
      <def:cardinality>0..1</def:cardinality>
      <def:valueTypeRef xlink:href="urn:xplan:element::Date" />
      <def:type>attribute</def:type>
    </def:PropertyDefinition>
  </gml:dictionaryEntry>
  <gml:dictionaryEntry>
    <def:PropertyDefinition gml:id="xplan_XP_Plan_genehmigungsDatum">
      <gml:description>Datum der Genehmigung des Plans</gml:description>
      <gml:identifier codeSpace="urn:citgml">urn:xplan:element:xplan:XP_Plan:attribute:genehmigungsDatum</gml:identifier>
      <gml:name>xplan:genehmigungsDatum</gml:name>
      <def:cardinality>0..1</def:cardinality>
      <def:valueTypeRef xlink:href="urn:xplan:element::Date" />
      <def:type>attribute</def:type>
    </def:PropertyDefinition>
  </gml:dictionaryEntry>
  <gml:dictionaryEntry>
    <def:PropertyDefinition gml:id="xplan_XP_Plan_untergangsDatum">
      <gml:description>Datum, an dem der Plan (z.B. durch Ratsbeschluss oder Gerichtsurteil) aufgehoben oder für nichtig erklärt wurde.</gml:description>
      <gml:identifier codeSpace="urn:citgml">urn:xplan:element:xplan:XP_Plan:attribute:untergangsDatum</gml:identifier>
      <gml:name>xplan:untergangsDatum</gml:name>
      <def:cardinality>0..1</def:cardinality>
      <def:valueTypeRef xlink:href="urn:xplan:element::Date" />
      <def:type>attribute</def:type>
    </def:PropertyDefinition>
  </gml:dictionaryEntry>
  <gml:dictionaryEntry>
    <def:PropertyDefinition gml:id="xplan_XP_Plan_aendert">
      <gml:description>Bezeichnung eines anderen Planes der Gemeinde, der durch den vorliegenden Plan geändert wird.</gml:description>
      <gml:identifier codeSpace="urn:citgml">urn:xplan:element:xplan:XP_Plan:attribute:aendert</gml:identifier>
      <gml:name>xplan:aendert</gml:name>
      <def:cardinality>0..*</def:cardinality>
      <def:valueTypeRef xlink:href="urn:xplan:element:xplan:XP_VerbundenerPlan" />
      <def:type>attribute</def:type>
    </def:PropertyDefinition>
  </gml:dictionaryEntry>
  <gml:dictionaryEntry>
    <def:PropertyDefinition gml:id="xplan_XP_Plan_wurdeGeaendertVon">
      <gml:description>Bezeichnung eines anderen Plans , durch den der vorliegende Plan geändert wurde.</gml:description>
      <gml:identifier codeSpace="urn:citgml">urn:xplan:element:xplan:XP_Plan:attribute:wurdeGeaendertVon</gml:identifier>
      <gml:name>xplan:wurdeGeaendertVon</gml:name>
      <def:cardinality>0..*</def:cardinality>
      <def:valueTypeRef xlink:href="urn:xplan:element:xplan:XP_VerbundenerPlan" />
      <def:type>attribute</def:type>
    </def:PropertyDefinition>
  </gml:dictionaryEntry>
  <gml:dictionaryEntry>
    <def:PropertyDefinition gml:id="xplan_XP_Plan_erstellungsMassstab">
      <gml:description>Der bei der Erstellung des Plans benutzte Kartenmassstab.</gml:description>
      <gml:identifier codeSpace="urn:citgml">urn:xplan:element:xplan:XP_Plan:attribute:erstellungsMassstab</gml:identifier>
      <gml:name>xplan:erstellungsMassstab</gml:name>
      <def:cardinality>0..1</def:cardinality>
      <def:valueTypeRef xlink:href="urn:xplan:element::Integer" />
      <def:type>attribute</def:type>
    </def:PropertyDefinition>
  </gml:dictionaryEntry>
  <gml:dictionaryEntry>
    <def:PropertyDefinition gml:id="xplan_XP_Plan_xPlanGMLVersion">
      <gml:description>Version des XPlanGML-Schemas, nach dem der Datensatz erstellt wurde. &lt;b&gt;Da diese Version auch aus dem Namespace des GML-Datensatzes ermittelt werden kann ist dies Attribut redundant und wird in einer zukünftiger Version des Standards wegfallen.&lt;/b&gt;</gml:description>
      <gml:identifier codeSpace="urn:citgml">urn:xplan:element:xplan:XP_Plan:attribute:xPlanGMLVersion</gml:identifier>
      <gml:name>xplan:xPlanGMLVersion</gml:name>
      <def:cardinality>0..1</def:cardinality>
      <def:valueTypeRef xlink:href="urn:xplan:element::CharacterString" />
      <def:type>attribute</def:type>
    </def:PropertyDefinition>
  </gml:dictionaryEntry>
  <gml:dictionaryEntry>
    <def:PropertyDefinition gml:id="xplan_XP_Plan_bezugshoehe">
      <gml:description>Standard Bezugshöhe (absolut NhN) für relative Höhenangaben von Planinhalten.</gml:description>
      <gml:identifier codeSpace="urn:citgml">urn:xplan:element:xplan:XP_Plan:attribute:bezugshoehe</gml:identifier>
      <gml:name>xplan:bezugshoehe</gml:name>
      <def:cardinality>0..1</def:cardinality>
      <def:valueTypeRef xlink:href="urn:xplan:element::Length" />
      <def:type>attribute</def:type>
    </def:PropertyDefinition>
  </gml:dictionaryEntry>
  <gml:dictionaryEntry>
    <def:PropertyDefinition gml:id="xplan_XP_Plan_raeumlicherGeltungsbereich">
      <gml:description>Grenze des räumlichen Geltungsbereiches des Plans.</gml:description>
      <gml:identifier codeSpace="urn:citgml">urn:xplan:element:xplan:XP_Plan:attribute:raeumlicherGeltungsbereich</gml:identifier>
      <gml:name>xplan:raeumlicherGeltungsbereich</gml:name>
      <def:cardinality>0..1</def:cardinality>
      <def:valueTypeRef xlink:href="urn:xplan:element:xplan:XP_Flaechengeometrie" />
      <def:type>attribute</def:type>
    </def:PropertyDefinition>
  </gml:dictionaryEntry>
  <gml:dictionaryEntry>
    <def:PropertyDefinition gml:id="xplan_XP_Plan_verfahrensMerkmale">
      <gml:description>Vermerke der am Planungssverfahrens beteiligten Akteure.</gml:description>
      <gml:identifier codeSpace="urn:citgml">urn:xplan:element:xplan:XP_Plan:attribute:verfahrensMerkmale</gml:identifier>
      <gml:name>xplan:verfahrensMerkmale</gml:name>
      <def:cardinality>0..*</def:cardinality>
      <def:valueTypeRef xlink:href="urn:xplan:element:xplan:XP_VerfahrensMerkmal" />
      <def:type>attribute</def:type>
    </def:PropertyDefinition>
  </gml:dictionaryEntry>
  <gml:dictionaryEntry>
    <def:PropertyDefinition gml:id="xplan_XP_Plan_rechtsverbindlich">
      <gml:description>Referenz ein rechtsverbindliche Dokumente</gml:description>
      <gml:identifier codeSpace="urn:citgml">urn:xplan:element:xplan:XP_Plan:attribute:rechtsverbindlich</gml:identifier>
      <gml:name>xplan:rechtsverbindlich</gml:name>
      <def:cardinality>0..*</def:cardinality>
      <def:valueTypeRef xlink:href="urn:xplan:element:xplan:XP_ExterneReferenz" />
      <def:type>attribute</def:type>
    </def:PropertyDefinition>
  </gml:dictionaryEntry>
  <gml:dictionaryEntry>
    <def:PropertyDefinition gml:id="xplan_XP_Plan_informell">
      <gml:description>Referenz auf nicht-rechtsverbindliche Dokumente</gml:description>
      <gml:identifier codeSpace="urn:citgml">urn:xplan:element:xplan:XP_Plan:attribute:informell</gml:identifier>
      <gml:name>xplan:informell</gml:name>
      <def:cardinality>0..*</def:cardinality>
      <def:valueTypeRef xlink:href="urn:xplan:element:xplan:XP_ExterneReferenz" />
      <def:type>attribute</def:type>
    </def:PropertyDefinition>
  </gml:dictionaryEntry>
  <gml:dictionaryEntry>
    <def:PropertyDefinition gml:id="xplan_XP_Plan_hatGenerAttribut">
      <gml:description>Erweiterung der vorgegebenen Attribute durch generische Attribute.</gml:description>
      <gml:identifier codeSpace="urn:citgml">urn:xplan:element:xplan:XP_Plan:attribute:hatGenerAttribut</gml:identifier>
      <gml:name>xplan:hatGenerAttribut</gml:name>
      <def:cardinality>0..*</def:cardinality>
      <def:valueTypeRef xlink:href="urn:xplan:element:xplan:XP_GenerAttribut" />
      <def:type>attribute</def:type>
    </def:PropertyDefinition>
  </gml:dictionaryEntry>
  <gml:dictionaryEntry>
    <def:PropertyDefinition gml:id="xplan_XP_Plan_refBeschreibung">
      <gml:description>Referenz auf die Beschreibung des Plans.</gml:description>
      <gml:identifier codeSpace="urn:citgml">urn:xplan:element:xplan:XP_Plan:attribute:refBeschreibung</gml:identifier>
      <gml:name>xplan:refBeschreibung</gml:name>
      <def:cardinality>0..*</def:cardinality>
      <def:valueTypeRef xlink:href="urn:xplan:element:xplan:XP_ExterneReferenz" />
      <def:type>attribute</def:type>
    </def:PropertyDefinition>
  </gml:dictionaryEntry>
  <gml:dictionaryEntry>
    <def:PropertyDefinition gml:id="xplan_XP_Plan_refBegruendung">
      <gml:description>Referenz auf die Bebründung des Plans.</gml:description>
      <gml:identifier codeSpace="urn:citgml">urn:xplan:element:xplan:XP_Plan:attribute:refBegruendung</gml:identifier>
      <gml:name>xplan:refBegruendung</gml:name>
      <def:cardinality>0..*</def:cardinality>
      <def:valueTypeRef xlink:href="urn:xplan:element:xplan:XP_ExterneReferenz" />
      <def:type>attribute</def:type>
    </def:PropertyDefinition>
  </gml:dictionaryEntry>
  <gml:dictionaryEntry>
    <def:PropertyDefinition gml:id="xplan_XP_Plan_refExternalCodeList">
      <gml:description>Referenz auf ein GML-Dictionary mit Codelists.</gml:description>
      <gml:identifier codeSpace="urn:citgml">urn:xplan:element:xplan:XP_Plan:attribute:refExternalCodeList</gml:identifier>
      <gml:name>xplan:refExternalCodeList</gml:name>
      <def:cardinality>0..1</def:cardinality>
      <def:valueTypeRef xlink:href="urn:xplan:element:xplan:XP_ExterneReferenz" />
      <def:type>attribute</def:type>
    </def:PropertyDefinition>
  </gml:dictionaryEntry>
  <gml:dictionaryEntry>
    <def:PropertyDefinition gml:id="xplan_XP_Plan_refLegende">
      <gml:description>Referenz auf die Legende des Plans.</gml:description>
      <gml:identifier codeSpace="urn:citgml">urn:xplan:element:xplan:XP_Plan:attribute:refLegende</gml:identifier>
      <gml:name>xplan:refLegende</gml:name>
      <def:cardinality>0..*</def:cardinality>
      <def:valueTypeRef xlink:href="urn:xplan:element:xplan:XP_ExterneReferenz" />
      <def:type>attribute</def:type>
    </def:PropertyDefinition>
  </gml:dictionaryEntry>
  <gml:dictionaryEntry>
    <def:PropertyDefinition gml:id="xplan_XP_Plan_refRechtsplan">
      <gml:description>Referenz auf eine elektronische Version des rechtsverbindlichen Plans.</gml:description>
      <gml:identifier codeSpace="urn:citgml">urn:xplan:element:xplan:XP_Plan:attribute:refRechtsplan</gml:identifier>
      <gml:name>xplan:refRechtsplan</gml:name>
      <def:cardinality>0..*</def:cardinality>
      <def:valueTypeRef xlink:href="urn:xplan:element:xplan:XP_ExterneReferenz" />
      <def:type>attribute</def:type>
    </def:PropertyDefinition>
  </gml:dictionaryEntry>
  <gml:dictionaryEntry>
    <def:PropertyDefinition gml:id="xplan_XP_Plan_refPlangrundlage">
      <gml:description>Referenz auf eine elektronische Version der Plangrundlage, z.B. ein Katasterplan.</gml:description>
      <gml:identifier codeSpace="urn:citgml">urn:xplan:element:xplan:XP_Plan:attribute:refPlangrundlage</gml:identifier>
      <gml:name>xplan:refPlangrundlage</gml:name>
      <def:cardinality>0..*</def:cardinality>
      <def:valueTypeRef xlink:href="urn:xplan:element:xplan:XP_ExterneReferenz" />
      <def:type>attribute</def:type>
    </def:PropertyDefinition>
  </gml:dictionaryEntry>
  <gml:dictionaryEntry>
    <def:PropertyDefinition gml:id="xplan_XP_Plan_texte">
      <gml:description />
      <gml:identifier codeSpace="urn:citgml">urn:xplan:element:xplan:XP_Plan:association-role:texte</gml:identifier>
      <gml:name>xplan:texte</gml:name>
      <def:cardinality>0..*</def:cardinality>
      <def:valueTypeRef xlink:href="urn:xplan:element:xplan:XP_TextAbschnitt" />
      <def:type>associationRole</def:type>
    </def:PropertyDefinition>
  </gml:dictionaryEntry>
  <gml:dictionaryEntry>
    <def:PropertyDefinition gml:id="xplan_XP_Plan_begruendungsTexte">
      <gml:description />
      <gml:identifier codeSpace="urn:citgml">urn:xplan:element:xplan:XP_Plan:association-role:begruendungsTexte</gml:identifier>
      <gml:name>xplan:begruendungsTexte</gml:name>
      <def:cardinality>0..*</def:cardinality>
      <def:valueTypeRef xlink:href="urn:xplan:element:xplan:XP_BegruendungAbschnitt" />
      <def:type>associationRole</def:type>
    </def:PropertyDefinition>
  </gml:dictionaryEntry>
  <def:classification>featureType</def:classification>
</TypeDefinition>