﻿<!--Erzeugt mit KIT (www.kit.edu) UmlToXmlTransformation-Software, Erstellungsdatum: 09.09.2013 11:08:38-->
<TypeDefinition xmlns="http://www.interactive-instruments.de/ShapeChange/Definitions/0.5" xmlns:def="http://www.interactive-instruments.de/ShapeChange/Definitions/0.5" xmlns:gml="http://www.opengis.net/gml/3.2" xmlns:xlink="http://www.w3.org/1999/xlink" xmlns:xsi="http://www.w3.org/2001/XMLSchema-instance" xsi:schemaLocation="http://www.interactive-instruments.de/ShapeChange/Definitions/0.5 ../xsd/ShapeChangeDefinitions.xsd" gml:id="xplan_BP_GemeinschaftsanlagenZuordnung">
  <gml:description>Zuordnung von Gemeinschaftsanlagen zu Grundstücken.
</gml:description>
  <gml:identifier codeSpace="urn:citgml">urn:xplan:element:xplan:BP_GemeinschaftsanlagenZuordnung</gml:identifier>
  <gml:name>xplan:BP_GemeinschaftsanlagenZuordnung</gml:name>
  <gml:dictionaryEntry>
    <def:PropertyDefinition gml:id="xplan_BP_GemeinschaftsanlagenZuordnung_zuordnung">
      <gml:description>Relation auf die zugeordneten Gemeinschaftsanlagen-Flächen, die außerhalb des Baugebiets liegen.</gml:description>
      <gml:identifier codeSpace="urn:citgml">urn:xplan:element:xplan:BP_GemeinschaftsanlagenZuordnung:association-role:zuordnung</gml:identifier>
      <gml:name>xplan:zuordnung</gml:name>
      <def:cardinality>0..*</def:cardinality>
      <def:valueTypeRef xlink:href="urn:xplan:element:xplan:BP_GemeinschaftsanlagenFlaeche" />
      <def:type>associationRole</def:type>
    </def:PropertyDefinition>
  </gml:dictionaryEntry>
  <def:classification>featureType</def:classification>
  <def:supertypeRef xlink:href="urn:xplan:element:xplan:BP_Geometrieobjekt" />
</TypeDefinition>