﻿<!--Erzeugt mit KIT (www.kit.edu) UmlToXmlTransformation-Software, Erstellungsdatum: 09.09.2013 11:08:47-->
<TypeDefinition xmlns="http://www.interactive-instruments.de/ShapeChange/Definitions/0.5" xmlns:def="http://www.interactive-instruments.de/ShapeChange/Definitions/0.5" xmlns:gml="http://www.opengis.net/gml/3.2" xmlns:xlink="http://www.w3.org/1999/xlink" xmlns:xsi="http://www.w3.org/2001/XMLSchema-instance" xsi:schemaLocation="http://www.interactive-instruments.de/ShapeChange/Definitions/0.5 ../xsd/ShapeChangeDefinitions.xsd" gml:id="xplan_BP_Veraenderungssperre">
  <gml:description>Ausweisung einer Veränderungssperre, die nicht den gesamten Geltungsbereich des Plans umfasst. Bei Verwendung dieser Klasse muss das Attribut 'veraenderungssperre" des zugehörigen Plans (Klasse BP_Plan) auf "false" gesetzt werden.
</gml:description>
  <gml:identifier codeSpace="urn:citgml">urn:xplan:element:xplan:BP_Veraenderungssperre</gml:identifier>
  <gml:name>xplan:BP_Veraenderungssperre</gml:name>
  <gml:dictionaryEntry>
    <def:PropertyDefinition gml:id="xplan_BP_Veraenderungssperre_gueltigkeitsDatum">
      <gml:description>Datum bis zu dem die Veränderungssperre bestehen bleibt.</gml:description>
      <gml:identifier codeSpace="urn:citgml">urn:xplan:element:xplan:BP_Veraenderungssperre:attribute:gueltigkeitsDatum</gml:identifier>
      <gml:name>xplan:gueltigkeitsDatum</gml:name>
      <def:cardinality>1</def:cardinality>
      <def:valueTypeRef xlink:href="urn:xplan:element::Date" />
      <def:type>attribute</def:type>
    </def:PropertyDefinition>
  </gml:dictionaryEntry>
  <gml:dictionaryEntry>
    <def:PropertyDefinition gml:id="xplan_BP_Veraenderungssperre_verlaengerung">
      <gml:description>Gibt an, ob die Veränderungssperre bereits ein- oder zweimal verlängert wurde.</gml:description>
      <gml:identifier codeSpace="urn:citgml">urn:xplan:element:xplan:BP_Veraenderungssperre:attribute:verlaengerung</gml:identifier>
      <gml:name>xplan:verlaengerung</gml:name>
      <gml:dictionaryEntry>
        <ListedValueDefinition gml:id="xplan_BP_Veraenderungssperre_verlaengerung_XP_VerlaengerungVeraenderungssperre_1000">
          <gml:identifier codeSpace="urn:citgml">urn:xplan:enum:xplan:BP_Veraenderungssperre:verlaengerung:XP_VerlaengerungVeraenderungssperre:1000</gml:identifier>
          <gml:name>Keine</gml:name>
        </ListedValueDefinition>
      </gml:dictionaryEntry>
      <gml:dictionaryEntry>
        <ListedValueDefinition gml:id="xplan_BP_Veraenderungssperre_verlaengerung_XP_VerlaengerungVeraenderungssperre_2000">
          <gml:identifier codeSpace="urn:citgml">urn:xplan:enum:xplan:BP_Veraenderungssperre:verlaengerung:XP_VerlaengerungVeraenderungssperre:2000</gml:identifier>
          <gml:name>ErsteVerlaengerung</gml:name>
        </ListedValueDefinition>
      </gml:dictionaryEntry>
      <gml:dictionaryEntry>
        <ListedValueDefinition gml:id="xplan_BP_Veraenderungssperre_verlaengerung_XP_VerlaengerungVeraenderungssperre_3000">
          <gml:identifier codeSpace="urn:citgml">urn:xplan:enum:xplan:BP_Veraenderungssperre:verlaengerung:XP_VerlaengerungVeraenderungssperre:3000</gml:identifier>
          <gml:name>ZweiteVerlaengerung</gml:name>
        </ListedValueDefinition>
      </gml:dictionaryEntry>
      <def:cardinality>1</def:cardinality>
      <def:valueTypeName>XP_VerlaengerungVeraenderungssperre</def:valueTypeName>
      <def:type>attribute</def:type>
    </def:PropertyDefinition>
  </gml:dictionaryEntry>
  <gml:dictionaryEntry>
    <def:PropertyDefinition gml:id="xplan_BP_Veraenderungssperre_refBeschluss">
      <gml:description>Referenz auf das Dokument mit dem zug. Beschluss.</gml:description>
      <gml:identifier codeSpace="urn:citgml">urn:xplan:element:xplan:BP_Veraenderungssperre:attribute:refBeschluss</gml:identifier>
      <gml:name>xplan:refBeschluss</gml:name>
      <def:cardinality>0..1</def:cardinality>
      <def:valueTypeRef xlink:href="urn:xplan:element:xplan:XP_ExterneReferenz" />
      <def:type>attribute</def:type>
    </def:PropertyDefinition>
  </gml:dictionaryEntry>
  <def:classification>featureType</def:classification>
  <def:supertypeRef xlink:href="urn:xplan:element:xplan:BP_Ueberlagerungsobjekt" />
</TypeDefinition>