﻿<!--Erzeugt mit KIT (www.kit.edu) UmlToXmlTransformation-Software, Erstellungsdatum: 24.08.2012 09:29:24-->
<TypeDefinition xmlns="http://www.interactive-instruments.de/ShapeChange/Definitions/0.5" xmlns:def="http://www.interactive-instruments.de/ShapeChange/Definitions/0.5" xmlns:gml="http://www.opengis.net/gml/3.2" xmlns:xlink="http://www.w3.org/1999/xlink" xmlns:xsi="http://www.w3.org/2001/XMLSchema-instance" xsi:schemaLocation="http://www.interactive-instruments.de/ShapeChange/Definitions/0.5 ../xsd/ShapeChangeDefinitions.xsd" gml:id="xplanNSM_RP_NSM_RegionalBedeutsameSportanlage">
  <gml:description />
  <gml:identifier codeSpace="urn:citgml">urn:xplan:element:xplanNSM:RP_NSM_RegionalBedeutsameSportanlage</gml:identifier>
  <gml:name>xplanNSM:RP_NSM_RegionalBedeutsameSportanlage</gml:name>
  <gml:dictionaryEntry>
    <def:PropertyDefinition gml:id="xplanNSM_RP_NSM_RegionalBedeutsameSportanlage_typRBS">
      <gml:description />
      <gml:identifier codeSpace="urn:citgml">urn:xplan:element:xplanNSM:RP_NSM_RegionalBedeutsameSportanlage:attribute:typRBS</gml:identifier>
      <gml:name>xplanNSM:typRBS</gml:name>
      <gml:dictionaryEntry>
        <ListedValueDefinition gml:id="xplanNSM_RP_NSM_RegionalBedeutsameSportanlage_typRBS_RP_NSM_RegionalBedeutsameSportanlageTypen_1000">
          <gml:identifier codeSpace="urn:citgml">urn:xplan:enum:xplanNSM:RP_NSM_RegionalBedeutsameSportanlage:typRBS:RP_NSM_RegionalBedeutsameSportanlageTypen:1000</gml:identifier>
          <gml:name>RegionalBedeutsameSportanlage</gml:name>
        </ListedValueDefinition>
      </gml:dictionaryEntry>
      <gml:dictionaryEntry>
        <ListedValueDefinition gml:id="xplanNSM_RP_NSM_RegionalBedeutsameSportanlage_typRBS_RP_NSM_RegionalBedeutsameSportanlageTypen_2000">
          <gml:identifier codeSpace="urn:citgml">urn:xplan:enum:xplanNSM:RP_NSM_RegionalBedeutsameSportanlage:typRBS:RP_NSM_RegionalBedeutsameSportanlageTypen:2000</gml:identifier>
          <gml:name>RegionalBedeutsameSportanlage_Wassersport</gml:name>
        </ListedValueDefinition>
      </gml:dictionaryEntry>
      <gml:dictionaryEntry>
        <ListedValueDefinition gml:id="xplanNSM_RP_NSM_RegionalBedeutsameSportanlage_typRBS_RP_NSM_RegionalBedeutsameSportanlageTypen_3000">
          <gml:identifier codeSpace="urn:citgml">urn:xplan:enum:xplanNSM:RP_NSM_RegionalBedeutsameSportanlage:typRBS:RP_NSM_RegionalBedeutsameSportanlageTypen:3000</gml:identifier>
          <gml:name>RegionalBedeutsameSportanlage_Motorsport</gml:name>
        </ListedValueDefinition>
      </gml:dictionaryEntry>
      <gml:dictionaryEntry>
        <ListedValueDefinition gml:id="xplanNSM_RP_NSM_RegionalBedeutsameSportanlage_typRBS_RP_NSM_RegionalBedeutsameSportanlageTypen_4000">
          <gml:identifier codeSpace="urn:citgml">urn:xplan:enum:xplanNSM:RP_NSM_RegionalBedeutsameSportanlage:typRBS:RP_NSM_RegionalBedeutsameSportanlageTypen:4000</gml:identifier>
          <gml:name>RegionalBedeutsameSportanlage_Flugsport</gml:name>
        </ListedValueDefinition>
      </gml:dictionaryEntry>
      <gml:dictionaryEntry>
        <ListedValueDefinition gml:id="xplanNSM_RP_NSM_RegionalBedeutsameSportanlage_typRBS_RP_NSM_RegionalBedeutsameSportanlageTypen_5000">
          <gml:identifier codeSpace="urn:citgml">urn:xplan:enum:xplanNSM:RP_NSM_RegionalBedeutsameSportanlage:typRBS:RP_NSM_RegionalBedeutsameSportanlageTypen:5000</gml:identifier>
          <gml:name>RegionalBedeutsameSportanlage_Reitsport</gml:name>
        </ListedValueDefinition>
      </gml:dictionaryEntry>
      <gml:dictionaryEntry>
        <ListedValueDefinition gml:id="xplanNSM_RP_NSM_RegionalBedeutsameSportanlage_typRBS_RP_NSM_RegionalBedeutsameSportanlageTypen_6000">
          <gml:identifier codeSpace="urn:citgml">urn:xplan:enum:xplanNSM:RP_NSM_RegionalBedeutsameSportanlage:typRBS:RP_NSM_RegionalBedeutsameSportanlageTypen:6000</gml:identifier>
          <gml:name>RegionalBedeutsameSportanlage_Golfsport</gml:name>
        </ListedValueDefinition>
      </gml:dictionaryEntry>
      <gml:dictionaryEntry>
        <ListedValueDefinition gml:id="xplanNSM_RP_NSM_RegionalBedeutsameSportanlage_typRBS_RP_NSM_RegionalBedeutsameSportanlageTypen_7000">
          <gml:identifier codeSpace="urn:citgml">urn:xplan:enum:xplanNSM:RP_NSM_RegionalBedeutsameSportanlage:typRBS:RP_NSM_RegionalBedeutsameSportanlageTypen:7000</gml:identifier>
          <gml:name>RegionalBedeutsameSportanlage_Sportzentrum</gml:name>
        </ListedValueDefinition>
      </gml:dictionaryEntry>
      <def:cardinality>0..1</def:cardinality>
      <def:valueTypeName>RP_NSM_RegionalBedeutsameSportanlageTypen</def:valueTypeName>
      <def:type>attribute</def:type>
    </def:PropertyDefinition>
  </gml:dictionaryEntry>
  <def:classification>featureType</def:classification>
  <def:supertypeRef xlink:href="urn:xplan:element:xplan:RP_FreizeitErholung" />
</TypeDefinition>