﻿<!--Erzeugt mit KIT (www.kit.edu) UmlToXmlTransformation-Software, Erstellungsdatum: 09.09.2013 11:09:17-->
<TypeDefinition xmlns="http://www.interactive-instruments.de/ShapeChange/Definitions/0.5" xmlns:def="http://www.interactive-instruments.de/ShapeChange/Definitions/0.5" xmlns:gml="http://www.opengis.net/gml/3.2" xmlns:xlink="http://www.w3.org/1999/xlink" xmlns:xsi="http://www.w3.org/2001/XMLSchema-instance" xsi:schemaLocation="http://www.interactive-instruments.de/ShapeChange/Definitions/0.5 ../xsd/ShapeChangeDefinitions.xsd" gml:id="xplan_SO_SchutzgebietSonstigesRecht">
  <gml:description>Sonstige Schutzgebiete nach unterschiedlichen rechtlichen Bestimmungen.
</gml:description>
  <gml:identifier codeSpace="urn:citgml">urn:xplan:element:xplan:SO_SchutzgebietSonstigesRecht</gml:identifier>
  <gml:name>xplan:SO_SchutzgebietSonstigesRecht</gml:name>
  <gml:dictionaryEntry>
    <def:PropertyDefinition gml:id="xplan_SO_SchutzgebietSonstigesRecht_artDerFestlegung">
      <gml:description>Klassifizierung des Schutzgebietes oder Schutzbereichs.</gml:description>
      <gml:identifier codeSpace="urn:citgml">urn:xplan:element:xplan:SO_SchutzgebietSonstigesRecht:attribute:artDerFestlegung</gml:identifier>
      <gml:name>xplan:artDerFestlegung</gml:name>
      <gml:dictionaryEntry>
        <ListedValueDefinition gml:id="xplan_SO_SchutzgebietSonstigesRecht_artDerFestlegung_SO_KlassifizSchutzgebietSonstRecht_1000">
          <gml:description>Lärmschutzbereich nach anderen gesetzlichen Regelungen als dem Luftverkehrsrecht.
</gml:description>
          <gml:identifier codeSpace="urn:citgml">urn:xplan:enum:xplan:SO_SchutzgebietSonstigesRecht:artDerFestlegung:SO_KlassifizSchutzgebietSonstRecht:1000</gml:identifier>
          <gml:name>Laermschutzbereich</gml:name>
        </ListedValueDefinition>
      </gml:dictionaryEntry>
      <gml:dictionaryEntry>
        <ListedValueDefinition gml:id="xplan_SO_SchutzgebietSonstigesRecht_artDerFestlegung_SO_KlassifizSchutzgebietSonstRecht_2000">
          <gml:description>Schutzzone um eine Leitungstrasse nach Bundes-Immissionsschutzgesetz.</gml:description>
          <gml:identifier codeSpace="urn:citgml">urn:xplan:enum:xplan:SO_SchutzgebietSonstigesRecht:artDerFestlegung:SO_KlassifizSchutzgebietSonstRecht:2000</gml:identifier>
          <gml:name>SchutzzoneLeitungstrasse</gml:name>
        </ListedValueDefinition>
      </gml:dictionaryEntry>
      <gml:dictionaryEntry>
        <ListedValueDefinition gml:id="xplan_SO_SchutzgebietSonstigesRecht_artDerFestlegung_SO_KlassifizSchutzgebietSonstRecht_9999">
          <gml:identifier codeSpace="urn:citgml">urn:xplan:enum:xplan:SO_SchutzgebietSonstigesRecht:artDerFestlegung:SO_KlassifizSchutzgebietSonstRecht:9999</gml:identifier>
          <gml:name>Sonstiges</gml:name>
        </ListedValueDefinition>
      </gml:dictionaryEntry>
      <def:cardinality>0..1</def:cardinality>
      <def:valueTypeName>SO_KlassifizSchutzgebietSonstRecht</def:valueTypeName>
      <def:type>attribute</def:type>
    </def:PropertyDefinition>
  </gml:dictionaryEntry>
  <gml:dictionaryEntry>
    <def:PropertyDefinition gml:id="xplan_SO_SchutzgebietSonstigesRecht_detailArtDerFestlegung">
      <gml:description>Detaillierte Klassifizierung</gml:description>
      <gml:identifier codeSpace="urn:citgml">urn:xplan:element:xplan:SO_SchutzgebietSonstigesRecht:attribute:detailArtDerFestlegung</gml:identifier>
      <gml:name>xplan:detailArtDerFestlegung</gml:name>
      <def:cardinality>0..1</def:cardinality>
      <def:valueTypeName>SO_DetailKlassifizSchutzgebietSonstRecht</def:valueTypeName>
      <def:type>attribute</def:type>
    </def:PropertyDefinition>
  </gml:dictionaryEntry>
  <gml:dictionaryEntry>
    <def:PropertyDefinition gml:id="xplan_SO_SchutzgebietSonstigesRecht_zone">
      <gml:description>Zugeordnete Schutzzone (wenn artDerFestlegung == 1000). &lt;b&gt;Das Attribut wird als "veraltet" klassifiziert und wird zukünftig wegfallen. Lärmschutbereiche nach LuftVGsollen als SO_Luftverkehrsrecht modelliert werden.&lt;/b&gt;</gml:description>
      <gml:identifier codeSpace="urn:citgml">urn:xplan:element:xplan:SO_SchutzgebietSonstigesRecht:attribute:zone</gml:identifier>
      <gml:name>xplan:zone</gml:name>
      <gml:dictionaryEntry>
        <ListedValueDefinition gml:id="xplan_SO_SchutzgebietSonstigesRecht_zone_SO_LaermschutzzoneTypen_1000">
          <gml:identifier codeSpace="urn:citgml">urn:xplan:enum:xplan:SO_SchutzgebietSonstigesRecht:zone:SO_LaermschutzzoneTypen:1000</gml:identifier>
          <gml:name>TagZone1</gml:name>
        </ListedValueDefinition>
      </gml:dictionaryEntry>
      <gml:dictionaryEntry>
        <ListedValueDefinition gml:id="xplan_SO_SchutzgebietSonstigesRecht_zone_SO_LaermschutzzoneTypen_2000">
          <gml:identifier codeSpace="urn:citgml">urn:xplan:enum:xplan:SO_SchutzgebietSonstigesRecht:zone:SO_LaermschutzzoneTypen:2000</gml:identifier>
          <gml:name>TagZone2</gml:name>
        </ListedValueDefinition>
      </gml:dictionaryEntry>
      <gml:dictionaryEntry>
        <ListedValueDefinition gml:id="xplan_SO_SchutzgebietSonstigesRecht_zone_SO_LaermschutzzoneTypen_3000">
          <gml:identifier codeSpace="urn:citgml">urn:xplan:enum:xplan:SO_SchutzgebietSonstigesRecht:zone:SO_LaermschutzzoneTypen:3000</gml:identifier>
          <gml:name>Nacht</gml:name>
        </ListedValueDefinition>
      </gml:dictionaryEntry>
      <def:cardinality>0..1</def:cardinality>
      <def:valueTypeName>SO_LaermschutzzoneTypen</def:valueTypeName>
      <def:type>attribute</def:type>
    </def:PropertyDefinition>
  </gml:dictionaryEntry>
  <gml:dictionaryEntry>
    <def:PropertyDefinition gml:id="xplan_SO_SchutzgebietSonstigesRecht_name">
      <gml:description>Informelle Bezeichnung des Gebiets</gml:description>
      <gml:identifier codeSpace="urn:citgml">urn:xplan:element:xplan:SO_SchutzgebietSonstigesRecht:attribute:name</gml:identifier>
      <gml:name>xplan:name</gml:name>
      <def:cardinality>0..1</def:cardinality>
      <def:valueTypeRef xlink:href="urn:xplan:element::CharacterString" />
      <def:type>attribute</def:type>
    </def:PropertyDefinition>
  </gml:dictionaryEntry>
  <gml:dictionaryEntry>
    <def:PropertyDefinition gml:id="xplan_SO_SchutzgebietSonstigesRecht_nummer">
      <gml:description>Amtliche Bezeichnung / Kennziffer des Gebiets</gml:description>
      <gml:identifier codeSpace="urn:citgml">urn:xplan:element:xplan:SO_SchutzgebietSonstigesRecht:attribute:nummer</gml:identifier>
      <gml:name>xplan:nummer</gml:name>
      <def:cardinality>0..1</def:cardinality>
      <def:valueTypeRef xlink:href="urn:xplan:element::CharacterString" />
      <def:type>attribute</def:type>
    </def:PropertyDefinition>
  </gml:dictionaryEntry>
  <def:classification>featureType</def:classification>
  <def:supertypeRef xlink:href="urn:xplan:element:xplan:SO_Geometrieobjekt" />
</TypeDefinition>