﻿<!--Erzeugt mit KIT (www.kit.edu) UmlToXmlTransformation-Software, Erstellungsdatum: 09.09.2013 11:08:28-->
<TypeDefinition xmlns="http://www.interactive-instruments.de/ShapeChange/Definitions/0.5" xmlns:def="http://www.interactive-instruments.de/ShapeChange/Definitions/0.5" xmlns:gml="http://www.opengis.net/gml/3.2" xmlns:xlink="http://www.w3.org/1999/xlink" xmlns:xsi="http://www.w3.org/2001/XMLSchema-instance" xsi:schemaLocation="http://www.interactive-instruments.de/ShapeChange/Definitions/0.5 ../xsd/ShapeChangeDefinitions.xsd" gml:id="xplan_XP_URLAttribut">
  <gml:description>Generische Attribute vom Datentyp "URL"
</gml:description>
  <gml:identifier codeSpace="urn:citgml">urn:xplan:element:xplan:XP_URLAttribut</gml:identifier>
  <gml:name>xplan:XP_URLAttribut</gml:name>
  <gml:dictionaryEntry>
    <def:PropertyDefinition gml:id="xplan_XP_URLAttribut_wert">
      <gml:description />
      <gml:identifier codeSpace="urn:citgml">urn:xplan:element:xplan:XP_URLAttribut:attribute:wert</gml:identifier>
      <gml:name>xplan:wert</gml:name>
      <def:cardinality>1</def:cardinality>
      <def:valueTypeRef xlink:href="urn:xplan:element:gml:URI" />
      <def:type>attribute</def:type>
    </def:PropertyDefinition>
  </gml:dictionaryEntry>
  <def:classification>featureType</def:classification>
  <def:supertypeRef xlink:href="urn:xplan:element:xplan:XP_GenerAttribut" />
</TypeDefinition>