﻿<!--Erzeugt mit KIT (www.kit.edu) UmlToXmlTransformation-Software, Erstellungsdatum: 09.09.2013 11:08:49-->
<TypeDefinition xmlns="http://www.interactive-instruments.de/ShapeChange/Definitions/0.5" xmlns:def="http://www.interactive-instruments.de/ShapeChange/Definitions/0.5" xmlns:gml="http://www.opengis.net/gml/3.2" xmlns:xlink="http://www.w3.org/1999/xlink" xmlns:xsi="http://www.w3.org/2001/XMLSchema-instance" xsi:schemaLocation="http://www.interactive-instruments.de/ShapeChange/Definitions/0.5 ../xsd/ShapeChangeDefinitions.xsd" gml:id="xplan_BP_BereichOhneEinAusfahrtLinie">
  <gml:description>Bereich ohne Ein- und Ausfahrt (§9 Abs. 1 Nr. 11 und Abs. 6 BauGB).</gml:description>
  <gml:identifier codeSpace="urn:citgml">urn:xplan:element:xplan:BP_BereichOhneEinAusfahrtLinie</gml:identifier>
  <gml:name>xplan:BP_BereichOhneEinAusfahrtLinie</gml:name>
  <gml:dictionaryEntry>
    <def:PropertyDefinition gml:id="xplan_BP_BereichOhneEinAusfahrtLinie_typ">
      <gml:description>Typ der EIn- oder Ausfahrt.</gml:description>
      <gml:identifier codeSpace="urn:citgml">urn:xplan:element:xplan:BP_BereichOhneEinAusfahrtLinie:attribute:typ</gml:identifier>
      <gml:name>xplan:typ</gml:name>
      <gml:dictionaryEntry>
        <ListedValueDefinition gml:id="xplan_BP_BereichOhneEinAusfahrtLinie_typ_BP_BereichOhneEinAusfahrtTypen_1000">
          <gml:identifier codeSpace="urn:citgml">urn:xplan:enum:xplan:BP_BereichOhneEinAusfahrtLinie:typ:BP_BereichOhneEinAusfahrtTypen:1000</gml:identifier>
          <gml:name>KeineEinfahrt</gml:name>
        </ListedValueDefinition>
      </gml:dictionaryEntry>
      <gml:dictionaryEntry>
        <ListedValueDefinition gml:id="xplan_BP_BereichOhneEinAusfahrtLinie_typ_BP_BereichOhneEinAusfahrtTypen_2000">
          <gml:identifier codeSpace="urn:citgml">urn:xplan:enum:xplan:BP_BereichOhneEinAusfahrtLinie:typ:BP_BereichOhneEinAusfahrtTypen:2000</gml:identifier>
          <gml:name>KeineAusfahrt</gml:name>
        </ListedValueDefinition>
      </gml:dictionaryEntry>
      <gml:dictionaryEntry>
        <ListedValueDefinition gml:id="xplan_BP_BereichOhneEinAusfahrtLinie_typ_BP_BereichOhneEinAusfahrtTypen_3000">
          <gml:identifier codeSpace="urn:citgml">urn:xplan:enum:xplan:BP_BereichOhneEinAusfahrtLinie:typ:BP_BereichOhneEinAusfahrtTypen:3000</gml:identifier>
          <gml:name>KeineEinAusfahrt</gml:name>
        </ListedValueDefinition>
      </gml:dictionaryEntry>
      <def:cardinality>0..1</def:cardinality>
      <def:valueTypeName>BP_BereichOhneEinAusfahrtTypen</def:valueTypeName>
      <def:type>attribute</def:type>
    </def:PropertyDefinition>
  </gml:dictionaryEntry>
  <def:classification>featureType</def:classification>
  <def:supertypeRef xlink:href="urn:xplan:element:xplan:BP_Linienobjekt" />
</TypeDefinition>