﻿<!--Erzeugt mit KIT (www.kit.edu) UmlToXmlTransformation-Software, Erstellungsdatum: 24.08.2012 09:29:26-->
<TypeDefinition xmlns="http://www.interactive-instruments.de/ShapeChange/Definitions/0.5" xmlns:def="http://www.interactive-instruments.de/ShapeChange/Definitions/0.5" xmlns:gml="http://www.opengis.net/gml/3.2" xmlns:xlink="http://www.w3.org/1999/xlink" xmlns:xsi="http://www.w3.org/2001/XMLSchema-instance" xsi:schemaLocation="http://www.interactive-instruments.de/ShapeChange/Definitions/0.5 ../xsd/ShapeChangeDefinitions.xsd" gml:id="xplanNSM_RP_Raumkategorie">
  <gml:description />
  <gml:identifier codeSpace="urn:citgml">urn:xplan:element:xplanNSM:RP_Raumkategorie</gml:identifier>
  <gml:name>xplanNSM:RP_Raumkategorie</gml:name>
  <gml:dictionaryEntry>
    <def:PropertyDefinition gml:id="xplanNSM_RP_Raumkategorie_typRK">
      <gml:description />
      <gml:identifier codeSpace="urn:citgml">urn:xplan:element:xplanNSM:RP_Raumkategorie:attribute:typRK</gml:identifier>
      <gml:name>xplanNSM:typRK</gml:name>
      <gml:dictionaryEntry>
        <ListedValueDefinition gml:id="xplanNSM_RP_Raumkategorie_typRK_RP_NSM_RaumkategorieTypen_1000">
          <gml:identifier codeSpace="urn:citgml">urn:xplan:enum:xplanNSM:RP_Raumkategorie:typRK:RP_NSM_RaumkategorieTypen:1000</gml:identifier>
          <gml:name>Ordnungsraum</gml:name>
        </ListedValueDefinition>
      </gml:dictionaryEntry>
      <gml:dictionaryEntry>
        <ListedValueDefinition gml:id="xplanNSM_RP_Raumkategorie_typRK_RP_NSM_RaumkategorieTypen_1001">
          <gml:identifier codeSpace="urn:citgml">urn:xplan:enum:xplanNSM:RP_Raumkategorie:typRK:RP_NSM_RaumkategorieTypen:1001</gml:identifier>
          <gml:name>OrdnungsraumTourismusErholung</gml:name>
        </ListedValueDefinition>
      </gml:dictionaryEntry>
      <gml:dictionaryEntry>
        <ListedValueDefinition gml:id="xplanNSM_RP_Raumkategorie_typRK_RP_NSM_RaumkategorieTypen_2000">
          <gml:identifier codeSpace="urn:citgml">urn:xplan:enum:xplanNSM:RP_Raumkategorie:typRK:RP_NSM_RaumkategorieTypen:2000</gml:identifier>
          <gml:name>Verdichtungsraum</gml:name>
        </ListedValueDefinition>
      </gml:dictionaryEntry>
      <gml:dictionaryEntry>
        <ListedValueDefinition gml:id="xplanNSM_RP_Raumkategorie_typRK_RP_NSM_RaumkategorieTypen_3000">
          <gml:identifier codeSpace="urn:citgml">urn:xplan:enum:xplanNSM:RP_Raumkategorie:typRK:RP_NSM_RaumkategorieTypen:3000</gml:identifier>
          <gml:name>LaendlicherRaum</gml:name>
        </ListedValueDefinition>
      </gml:dictionaryEntry>
      <gml:dictionaryEntry>
        <ListedValueDefinition gml:id="xplanNSM_RP_Raumkategorie_typRK_RP_NSM_RaumkategorieTypen_4000">
          <gml:identifier codeSpace="urn:citgml">urn:xplan:enum:xplanNSM:RP_Raumkategorie:typRK:RP_NSM_RaumkategorieTypen:4000</gml:identifier>
          <gml:name>StadtUmlandRaum</gml:name>
        </ListedValueDefinition>
      </gml:dictionaryEntry>
      <gml:dictionaryEntry>
        <ListedValueDefinition gml:id="xplanNSM_RP_Raumkategorie_typRK_RP_NSM_RaumkategorieTypen_4001">
          <gml:identifier codeSpace="urn:citgml">urn:xplan:enum:xplanNSM:RP_Raumkategorie:typRK:RP_NSM_RaumkategorieTypen:4001</gml:identifier>
          <gml:name>StadtUmlandBereichLaendlRaum</gml:name>
        </ListedValueDefinition>
      </gml:dictionaryEntry>
      <gml:dictionaryEntry>
        <ListedValueDefinition gml:id="xplanNSM_RP_Raumkategorie_typRK_RP_NSM_RaumkategorieTypen_5000">
          <gml:identifier codeSpace="urn:citgml">urn:xplan:enum:xplanNSM:RP_Raumkategorie:typRK:RP_NSM_RaumkategorieTypen:5000</gml:identifier>
          <gml:name>AbgrenzungOrdnungsraum</gml:name>
        </ListedValueDefinition>
      </gml:dictionaryEntry>
      <gml:dictionaryEntry>
        <ListedValueDefinition gml:id="xplanNSM_RP_Raumkategorie_typRK_RP_NSM_RaumkategorieTypen_6000">
          <gml:identifier codeSpace="urn:citgml">urn:xplan:enum:xplanNSM:RP_Raumkategorie:typRK:RP_NSM_RaumkategorieTypen:6000</gml:identifier>
          <gml:name>Oberbereichsgrenze</gml:name>
        </ListedValueDefinition>
      </gml:dictionaryEntry>
      <gml:dictionaryEntry>
        <ListedValueDefinition gml:id="xplanNSM_RP_Raumkategorie_typRK_RP_NSM_RaumkategorieTypen_7000">
          <gml:identifier codeSpace="urn:citgml">urn:xplan:enum:xplanNSM:RP_Raumkategorie:typRK:RP_NSM_RaumkategorieTypen:7000</gml:identifier>
          <gml:name>Mittelbereichsgrenze</gml:name>
        </ListedValueDefinition>
      </gml:dictionaryEntry>
      <gml:dictionaryEntry>
        <ListedValueDefinition gml:id="xplanNSM_RP_Raumkategorie_typRK_RP_NSM_RaumkategorieTypen_8000">
          <gml:identifier codeSpace="urn:citgml">urn:xplan:enum:xplanNSM:RP_Raumkategorie:typRK:RP_NSM_RaumkategorieTypen:8000</gml:identifier>
          <gml:name>Nahbereichsgrenze</gml:name>
        </ListedValueDefinition>
      </gml:dictionaryEntry>
      <gml:dictionaryEntry>
        <ListedValueDefinition gml:id="xplanNSM_RP_Raumkategorie_typRK_RP_NSM_RaumkategorieTypen_9000">
          <gml:identifier codeSpace="urn:citgml">urn:xplan:enum:xplanNSM:RP_Raumkategorie:typRK:RP_NSM_RaumkategorieTypen:9000</gml:identifier>
          <gml:name>DuennbesiedeltesAbgelegenesGebiet</gml:name>
        </ListedValueDefinition>
      </gml:dictionaryEntry>
      <gml:dictionaryEntry>
        <ListedValueDefinition gml:id="xplanNSM_RP_Raumkategorie_typRK_RP_NSM_RaumkategorieTypen_10000">
          <gml:identifier codeSpace="urn:citgml">urn:xplan:enum:xplanNSM:RP_Raumkategorie:typRK:RP_NSM_RaumkategorieTypen:10000</gml:identifier>
          <gml:name>Umkreis_10_km</gml:name>
        </ListedValueDefinition>
      </gml:dictionaryEntry>
      <def:cardinality>0..1</def:cardinality>
      <def:valueTypeName>RP_NSM_RaumkategorieTypen</def:valueTypeName>
      <def:type>attribute</def:type>
    </def:PropertyDefinition>
  </gml:dictionaryEntry>
  <def:classification />
  <def:supertypeRef xlink:href="urn:xplan:element:xplan:RP_Raumkategorie" />
</TypeDefinition>