﻿<!--Erzeugt mit KIT (www.kit.edu) UmlToXmlTransformation-Software, Erstellungsdatum: 09.09.2013 11:09:15-->
<TypeDefinition xmlns="http://www.interactive-instruments.de/ShapeChange/Definitions/0.5" xmlns:def="http://www.interactive-instruments.de/ShapeChange/Definitions/0.5" xmlns:gml="http://www.opengis.net/gml/3.2" xmlns:xlink="http://www.w3.org/1999/xlink" xmlns:xsi="http://www.w3.org/2001/XMLSchema-instance" xsi:schemaLocation="http://www.interactive-instruments.de/ShapeChange/Definitions/0.5 ../xsd/ShapeChangeDefinitions.xsd" gml:id="xplan_SO_Plan">
  <gml:description>Klasse für sonstige, z. B. länderspezifische raumbezogene Planwerke.
</gml:description>
  <gml:identifier codeSpace="urn:citgml">urn:xplan:element:xplan:SO_Plan</gml:identifier>
  <gml:name>xplan:SO_Plan</gml:name>
  <gml:dictionaryEntry>
    <def:PropertyDefinition gml:id="xplan_SO_Plan_planTyp">
      <gml:description>Typ des Plans.</gml:description>
      <gml:identifier codeSpace="urn:citgml">urn:xplan:element:xplan:SO_Plan:attribute:planTyp</gml:identifier>
      <gml:name>xplan:planTyp</gml:name>
      <def:cardinality>1</def:cardinality>
      <def:valueTypeName>SO_PlanTyp</def:valueTypeName>
      <def:type>attribute</def:type>
    </def:PropertyDefinition>
  </gml:dictionaryEntry>
  <gml:dictionaryEntry>
    <def:PropertyDefinition gml:id="xplan_SO_Plan_plangeber">
      <gml:description>Für den Plan zuständige Stelle.
</gml:description>
      <gml:identifier codeSpace="urn:citgml">urn:xplan:element:xplan:SO_Plan:attribute:plangeber</gml:identifier>
      <gml:name>xplan:plangeber</gml:name>
      <def:cardinality>0..1</def:cardinality>
      <def:valueTypeRef xlink:href="urn:xplan:element:xplan:XP_Plangeber" />
      <def:type>attribute</def:type>
    </def:PropertyDefinition>
  </gml:dictionaryEntry>
  <gml:dictionaryEntry>
    <def:PropertyDefinition gml:id="xplan_SO_Plan_bereich">
      <gml:description />
      <gml:identifier codeSpace="urn:citgml">urn:xplan:element:xplan:SO_Plan:association-role:bereich</gml:identifier>
      <gml:name>xplan:bereich</gml:name>
      <def:cardinality>0..*</def:cardinality>
      <def:valueTypeRef xlink:href="urn:xplan:element:xplan:SO_Bereich" />
      <def:type>associationRole</def:type>
    </def:PropertyDefinition>
  </gml:dictionaryEntry>
  <def:classification>featureType</def:classification>
  <def:supertypeRef xlink:href="urn:xplan:element:xplan:XP_Plan" />
</TypeDefinition>