﻿<!--Erzeugt mit KIT (www.kit.edu) UmlToXmlTransformation-Software, Erstellungsdatum: 09.09.2013 11:08:25-->
<TypeDefinition xmlns="http://www.interactive-instruments.de/ShapeChange/Definitions/0.5" xmlns:def="http://www.interactive-instruments.de/ShapeChange/Definitions/0.5" xmlns:gml="http://www.opengis.net/gml/3.2" xmlns:xlink="http://www.w3.org/1999/xlink" xmlns:xsi="http://www.w3.org/2001/XMLSchema-instance" xsi:schemaLocation="http://www.interactive-instruments.de/ShapeChange/Definitions/0.5 ../xsd/ShapeChangeDefinitions.xsd" gml:id="xplan_XP_Bereich">
  <gml:description>Abstrakte Oberklasse für die Modellierung von Planbereichen. Ein Planbereich fasst die Inhalte eines Plans nach bestimmten Kriterien zusammen.
</gml:description>
  <gml:identifier codeSpace="urn:citgml">urn:xplan:element:xplan:XP_Bereich</gml:identifier>
  <gml:name>xplan:XP_Bereich</gml:name>
  <gml:dictionaryEntry>
    <def:PropertyDefinition gml:id="xplan_XP_Bereich_nummer">
      <gml:description>Nummer des Bereichs. Wenn der Bereich als Ebene eines BPlans interpretiert wird, kann aus dem Attribut die vertikale Reihenfolge der Ebenen rekonstruiert werden.</gml:description>
      <gml:identifier codeSpace="urn:citgml">urn:xplan:element:xplan:XP_Bereich:attribute:nummer</gml:identifier>
      <gml:name>xplan:nummer</gml:name>
      <def:cardinality>1</def:cardinality>
      <def:valueTypeRef xlink:href="urn:xplan:element::Integer" />
      <def:type>attribute</def:type>
    </def:PropertyDefinition>
  </gml:dictionaryEntry>
  <gml:dictionaryEntry>
    <def:PropertyDefinition gml:id="xplan_XP_Bereich_name">
      <gml:description>Bezeichnung des Bereiches</gml:description>
      <gml:identifier codeSpace="urn:citgml">urn:xplan:element:xplan:XP_Bereich:attribute:name</gml:identifier>
      <gml:name>xplan:name</gml:name>
      <def:cardinality>0..1</def:cardinality>
      <def:valueTypeRef xlink:href="urn:xplan:element::CharacterString" />
      <def:type>attribute</def:type>
    </def:PropertyDefinition>
  </gml:dictionaryEntry>
  <gml:dictionaryEntry>
    <def:PropertyDefinition gml:id="xplan_XP_Bereich_bedeutung">
      <gml:description>Spezifikation der semantischen Bedeutung eines Bereiches.</gml:description>
      <gml:identifier codeSpace="urn:citgml">urn:xplan:element:xplan:XP_Bereich:attribute:bedeutung</gml:identifier>
      <gml:name>xplan:bedeutung</gml:name>
      <gml:dictionaryEntry>
        <ListedValueDefinition gml:id="xplan_XP_Bereich_bedeutung_XP_BedeutungenBereich_1000">
          <gml:identifier codeSpace="urn:citgml">urn:xplan:enum:xplan:XP_Bereich:bedeutung:XP_BedeutungenBereich:1000</gml:identifier>
          <gml:name>Aenderungsbereich</gml:name>
        </ListedValueDefinition>
      </gml:dictionaryEntry>
      <gml:dictionaryEntry>
        <ListedValueDefinition gml:id="xplan_XP_Bereich_bedeutung_XP_BedeutungenBereich_1500">
          <gml:identifier codeSpace="urn:citgml">urn:xplan:enum:xplan:XP_Bereich:bedeutung:XP_BedeutungenBereich:1500</gml:identifier>
          <gml:name>Ergaenzungsbereich</gml:name>
        </ListedValueDefinition>
      </gml:dictionaryEntry>
      <gml:dictionaryEntry>
        <ListedValueDefinition gml:id="xplan_XP_Bereich_bedeutung_XP_BedeutungenBereich_1600">
          <gml:identifier codeSpace="urn:citgml">urn:xplan:enum:xplan:XP_Bereich:bedeutung:XP_BedeutungenBereich:1600</gml:identifier>
          <gml:name>Teilbereich</gml:name>
        </ListedValueDefinition>
      </gml:dictionaryEntry>
      <gml:dictionaryEntry>
        <ListedValueDefinition gml:id="xplan_XP_Bereich_bedeutung_XP_BedeutungenBereich_1650">
          <gml:description>Gesamtbereich
</gml:description>
          <gml:identifier codeSpace="urn:citgml">urn:xplan:enum:xplan:XP_Bereich:bedeutung:XP_BedeutungenBereich:1650</gml:identifier>
          <gml:name>Gesamtbereich</gml:name>
        </ListedValueDefinition>
      </gml:dictionaryEntry>
      <gml:dictionaryEntry>
        <ListedValueDefinition gml:id="xplan_XP_Bereich_bedeutung_XP_BedeutungenBereich_1700">
          <gml:identifier codeSpace="urn:citgml">urn:xplan:enum:xplan:XP_Bereich:bedeutung:XP_BedeutungenBereich:1700</gml:identifier>
          <gml:name>Eingriffsbereich</gml:name>
        </ListedValueDefinition>
      </gml:dictionaryEntry>
      <gml:dictionaryEntry>
        <ListedValueDefinition gml:id="xplan_XP_Bereich_bedeutung_XP_BedeutungenBereich_1800">
          <gml:identifier codeSpace="urn:citgml">urn:xplan:enum:xplan:XP_Bereich:bedeutung:XP_BedeutungenBereich:1800</gml:identifier>
          <gml:name>Ausgleichsbereich</gml:name>
        </ListedValueDefinition>
      </gml:dictionaryEntry>
      <gml:dictionaryEntry>
        <ListedValueDefinition gml:id="xplan_XP_Bereich_bedeutung_XP_BedeutungenBereich_2000">
          <gml:identifier codeSpace="urn:citgml">urn:xplan:enum:xplan:XP_Bereich:bedeutung:XP_BedeutungenBereich:2000</gml:identifier>
          <gml:name>Nebenzeichnung</gml:name>
        </ListedValueDefinition>
      </gml:dictionaryEntry>
      <gml:dictionaryEntry>
        <ListedValueDefinition gml:id="xplan_XP_Bereich_bedeutung_XP_BedeutungenBereich_2500">
          <gml:identifier codeSpace="urn:citgml">urn:xplan:enum:xplan:XP_Bereich:bedeutung:XP_BedeutungenBereich:2500</gml:identifier>
          <gml:name>Variante</gml:name>
        </ListedValueDefinition>
      </gml:dictionaryEntry>
      <gml:dictionaryEntry>
        <ListedValueDefinition gml:id="xplan_XP_Bereich_bedeutung_XP_BedeutungenBereich_3000">
          <gml:identifier codeSpace="urn:citgml">urn:xplan:enum:xplan:XP_Bereich:bedeutung:XP_BedeutungenBereich:3000</gml:identifier>
          <gml:name>VertikaleGliederung</gml:name>
        </ListedValueDefinition>
      </gml:dictionaryEntry>
      <gml:dictionaryEntry>
        <ListedValueDefinition gml:id="xplan_XP_Bereich_bedeutung_XP_BedeutungenBereich_3500">
          <gml:identifier codeSpace="urn:citgml">urn:xplan:enum:xplan:XP_Bereich:bedeutung:XP_BedeutungenBereich:3500</gml:identifier>
          <gml:name>Erstnutzung</gml:name>
        </ListedValueDefinition>
      </gml:dictionaryEntry>
      <gml:dictionaryEntry>
        <ListedValueDefinition gml:id="xplan_XP_Bereich_bedeutung_XP_BedeutungenBereich_4000">
          <gml:identifier codeSpace="urn:citgml">urn:xplan:enum:xplan:XP_Bereich:bedeutung:XP_BedeutungenBereich:4000</gml:identifier>
          <gml:name>Folgenutzung</gml:name>
        </ListedValueDefinition>
      </gml:dictionaryEntry>
      <gml:dictionaryEntry>
        <ListedValueDefinition gml:id="xplan_XP_Bereich_bedeutung_XP_BedeutungenBereich_9999">
          <gml:identifier codeSpace="urn:citgml">urn:xplan:enum:xplan:XP_Bereich:bedeutung:XP_BedeutungenBereich:9999</gml:identifier>
          <gml:name>Sonstiges</gml:name>
        </ListedValueDefinition>
      </gml:dictionaryEntry>
      <def:cardinality>0..1</def:cardinality>
      <def:valueTypeName>XP_BedeutungenBereich</def:valueTypeName>
      <def:type>attribute</def:type>
    </def:PropertyDefinition>
  </gml:dictionaryEntry>
  <gml:dictionaryEntry>
    <def:PropertyDefinition gml:id="xplan_XP_Bereich_detaillierteBedeutung">
      <gml:description>Detaillierte Erklärung der semantischen Bedeutung eines Bereiches, in Ergänzung des Attributs bedeutung.</gml:description>
      <gml:identifier codeSpace="urn:citgml">urn:xplan:element:xplan:XP_Bereich:attribute:detaillierteBedeutung</gml:identifier>
      <gml:name>xplan:detaillierteBedeutung</gml:name>
      <def:cardinality>0..1</def:cardinality>
      <def:valueTypeRef xlink:href="urn:xplan:element::CharacterString" />
      <def:type>attribute</def:type>
    </def:PropertyDefinition>
  </gml:dictionaryEntry>
  <gml:dictionaryEntry>
    <def:PropertyDefinition gml:id="xplan_XP_Bereich_erstellungsMasstab">
      <gml:description>Der bei der Erstellung der Inhalte des Planbereichs benutzte Kartenmassstab. Wenn dieses Attribut nicht spezifiziert ist, gilt für den Bereich der auf Planebene (XP_Plan) spezifizierte Masstab.</gml:description>
      <gml:identifier codeSpace="urn:citgml">urn:xplan:element:xplan:XP_Bereich:attribute:erstellungsMasstab</gml:identifier>
      <gml:name>xplan:erstellungsMasstab</gml:name>
      <def:cardinality>0..1</def:cardinality>
      <def:valueTypeRef xlink:href="urn:xplan:element::Integer" />
      <def:type>attribute</def:type>
    </def:PropertyDefinition>
  </gml:dictionaryEntry>
  <gml:dictionaryEntry>
    <def:PropertyDefinition gml:id="xplan_XP_Bereich_geltungsbereich">
      <gml:description>Räumliche Abgrenzung des Bereiches. Wenn dieses Attribut nicht spezifiziert ist, gilt für den Bereich der auf Planebene (XP_Plan) spezifizierte Geltungsbereich.</gml:description>
      <gml:identifier codeSpace="urn:citgml">urn:xplan:element:xplan:XP_Bereich:attribute:geltungsbereich</gml:identifier>
      <gml:name>xplan:geltungsbereich</gml:name>
      <def:cardinality>0..1</def:cardinality>
      <def:valueTypeRef xlink:href="urn:xplan:element:xplan:XP_Flaechengeometrie" />
      <def:type>attribute</def:type>
    </def:PropertyDefinition>
  </gml:dictionaryEntry>
  <gml:dictionaryEntry>
    <def:PropertyDefinition gml:id="xplan_XP_Bereich_nachrichtlich">
      <gml:description />
      <gml:identifier codeSpace="urn:citgml">urn:xplan:element:xplan:XP_Bereich:association-role:nachrichtlich</gml:identifier>
      <gml:name>xplan:nachrichtlich</gml:name>
      <def:cardinality>0..*</def:cardinality>
      <def:valueTypeRef xlink:href="urn:xplan:element:xplan:XP_Objekt" />
      <def:type>associationRole</def:type>
    </def:PropertyDefinition>
  </gml:dictionaryEntry>
  <gml:dictionaryEntry>
    <def:PropertyDefinition gml:id="xplan_XP_Bereich_praesentationsobjekt">
      <gml:description />
      <gml:identifier codeSpace="urn:citgml">urn:xplan:element:xplan:XP_Bereich:association-role:praesentationsobjekt</gml:identifier>
      <gml:name>xplan:praesentationsobjekt</gml:name>
      <def:cardinality>0..*</def:cardinality>
      <def:valueTypeRef xlink:href="urn:xplan:element:xplan:XP_AbstraktesPraesentationsobjekt" />
      <def:type>associationRole</def:type>
    </def:PropertyDefinition>
  </gml:dictionaryEntry>
  <gml:dictionaryEntry>
    <def:PropertyDefinition gml:id="xplan_XP_Bereich_rasterBasis">
      <gml:description />
      <gml:identifier codeSpace="urn:citgml">urn:xplan:element:xplan:XP_Bereich:association-role:rasterBasis</gml:identifier>
      <gml:name>xplan:rasterBasis</gml:name>
      <def:cardinality>0..1</def:cardinality>
      <def:valueTypeRef xlink:href="urn:xplan:element:xplan:XP_RasterplanBasis" />
      <def:type>associationRole</def:type>
    </def:PropertyDefinition>
  </gml:dictionaryEntry>
  <def:classification>featureType</def:classification>
</TypeDefinition>